Org Code,Short Name,Long Name,Longitude,Latitude,Parent,CityState
# Updated 2025 Nov 26 0419:47,,,,,,
EARTH,Earth,Earth,-,-,-,
LUNA,Luna,Moon,-,-,-,
SSYS,Solar System,Solar System natural celestial objects,-,-,-,
AAT,Aus. Antarctic,Australian Antarctic Territory,     77.9700 ,  -68.5800 ,AU,|
ADG,Adygea,"Adygea, Republic of",     40.0800 ,   44.6000 ,RU,Майкоп|Адыгея
AF,Afghanistan,"Afghanistan, Islamic Republic of",     69.1700 ,   34.5300 ,-,کابل|ولایت كابل
AG,Antigua,Antigua and Barbuda,    -61.8500 ,   17.1200 ,-,St. John's|Antigua
AGUK,Antigua,Antigua and Barbuda,    -61.8500 ,   17.1200 ,UK,St. John's|Antigua
AM,Hayastan,Republic of Armenia,     44.5100 ,   40.1800 ,-,Երևան|
ANDU,Andalucia,Regional Govt. of Andulusia,     -5.9900 ,   37.3900 ,E,Sevilla|Andalucía
ANTN,Ned. Antillen,Netherlands Antilles,    -68.9300 ,   12.1200 ,NL,Willemstad|
AO,Angola,Republic of Angola,     13.2300 ,   -8.8400 ,-,Luanda|Luanda
AQ,Antartica,Antarctica,    139.2700 ,  -89.9900 ,-,
AR,Argentina,Argentine Republic,    -58.3800 ,  -34.6000 ,-,Buenos Aires|Ciudad Autónoma de Buenos Aires
ARV,Antardida Arg.,"Argentine Antarctic, Tierra Del Fuego Province",    -68.3000 ,  -54.8000 ,AR,Ushuaia|Tierra del Fuego
AT,Osterreich,"Austria, Republic of",     16.3700 ,   48.2000 ,-,Wien|
AU,Australia,"Australia, Commonwealth of",    149.1200 ,   35.3100 ,-,
AZ,Azerbaycan,"Azerbaijan, Republic of",     49.8800 ,   40.4000 ,-,Bakı İnzibati Ərazisi|
B,Belgique,"Belgium, Kingdom of",      4.3500 ,   50.8500 ,-,Bruxelles - Brussel|
BASH,Bashkiria,"Bashkortostan, Republic of",     55.9500 ,   54.7300 ,RU,Уфа|Башкортостан
BAT,BAT,British Antarctic Territory,    -68.1300 ,  -67.5700 ,UK,|
BB,Barbados,Barbados,    -59.6100 ,   13.1100 ,-,|
BBUK,Barbados,Barbados,    -59.6100 ,   13.1100 ,UK,|
BD,Bangladesh,"Bangladesh, People's Republic of",     90.4000 ,   23.7200 ,-,ঢাকা|ঢাকা বিভাগ
BG,Balgariya,"Bulgaria, Republic of",     23.3300 ,   42.7000 ,-,София|София-град
BGN,NR Balgariya,"Bulgaria, People's Republic of",     23.3300 ,   42.7000 ,-,София|София-град
BH,Bahrain,"Bahrain, Kingdom of",     50.5800 ,   26.2200 ,-,المنامة|محافظة العاصمة
BM,UK/Bermuda,"Bermuda, UK Overseas Territory",    -64.7800 ,   32.9300 ,UK,
BO,Bolivia,"Bolivia, Plurinational State of",    -68.1500 ,  -16.5000 ,-,La Paz|La Paz
BR,Brasil,"Brazil, Federal Republic of",    -47.8800 ,  -15.7900 ,-,Brasília|Distrito Federal
BS,Bahamas,"Bahamas, Commonwealth of",    -77.3500 ,   25.0600 ,-,Nassau|
BT,Druk Yul,"Bhutan, Kingdom of",     89.6400 ,   27.4700 ,-,ཐིམ་ཕུག|ཐིམ་ཕུ་རྫོང་ཁག་
BVI,BVI,British Virgin Islands,    -64.6200 ,   18.4300 ,UK,Road Town|
BW,Botswana,"Botswana, Republic of",     25.9000 ,  -24.6600 ,-,Gaborone|
BY,Belarus',"Belarus, Republic of",     27.5700 ,   53.9000 ,-,
CA,Canada,Canada,    -75.6800 ,   45.4200 ,-,
CD,Congo,"Congo, Democratic Republic of",     15.3200 ,   -4.3300 ,-,Boyoma|Kinshasa
CH,Suisse,Swiss Confederation,      7.4500 ,   46.9500 ,-,Bern|Bern/Berne
CI,Cote d'Ivoire,"Ivory Coast (Cote d'Ivoire), Republic of",     -5.2800 ,    6.8200 ,-,Yamoussoukro|Yamoussoukro
CK,Cook Islands,Cook Islands,   -159.7700 ,  -21.2000 ,-,Avarua|Rarotonga
CL,Chile,"Chile, Republic of",    -70.6800 ,  -33.4500 ,-,|Región Metropolitana de Santiago
CM,Cameroun,"Cameroon, Republic of",     11.5100 ,    3.8700 ,-,
CN,Zhongguo,"China, People's Republic of",    116.3800 ,   39.9200 ,-,
CN-31,Shanghai,Shanghai Municipality,    121.4700 ,   31.2300 ,CN,
CN-AH,Anhui,Anhui Province,    117.2300 ,   31.8200 ,CN,蜀山区|安徽省
CN-GS,Gansu,Gansu Province,    103.8300 ,   36.0600 ,CN,兰州市|甘肃省
CN-HA,Henan,Henan Province,    113.6800 ,   34.7600 ,CN,金水区|河南省
CN-HB,Hubei,Hubei Province,    114.3000 ,   30.5900 ,CN,江岸区|湖北省
CN-HE,Hebei,Hebei Province,    114.5304 ,   38.0377 ,CN,石家庄市|河北省
CN-HL,Heliongjiang,Heliongjiang Province,    126.6400 ,   45.7600 ,CN,哈尔滨市|黑龙江省
CN-HN,Hunan,Hunan Province,    112.9400 ,   28.2300 ,CN,岳麓区|湖南省
CN-JL,Jilin,Jilin Province,    125.3300 ,   43.9000 ,CN,
CN-JS,Jiangsu,Jiangsu Province,    118.7600 ,   32.0600 ,CN,鼓楼区|江苏省
CN-JX,Jiangxi,Jiangxi Province,    115.8600 ,   28.6800 ,CN,
CN-LN,Liaoning,Liaoning Province,    123.4300 ,   41.8000 ,CN,铁西区|辽宁省
CN-NM,Nei Menggu,Inner Mongolia Autonomous Region,    111.7500 ,   40.8400 ,CN,赛罕区 ᠰᠠᠶᠢᠬᠠᠨ ᠲᠣᠭᠣᠷᠢᠭ|内蒙古自治区 ᠦᠪᠦᠷ ᠮᠣᠩᠭᠤᠯ ᠤᠨ ᠥᠪᠡᠷᠲᠡᠭᠡᠨ ᠵᠠᠰᠠᠬᠣ ᠣᠷᠣᠨ
CN-QH,Qinghai,Qinghai Province,    101.7800 ,   36.6200 ,CN,城中区|青海省
CN-SC,Sichuan,Sichuan Province,    104.0600 ,   30.6600 ,CN,成都市|四川省
CN-SD,Shandong,Shandong Province,    117.0200 ,   36.6700 ,CN,历下区|山东省
CN-SX,Shanxi,Shanxi Province,    112.5500 ,   37.8700 ,CN,太原市|山西省
CN-TJ,Tianjin,Tianjin Municipality,    117.2100 ,   39.1300 ,CN,
CN-YN,Yunnan,Yunnan Province,    102.7100 ,   25.0500 ,CN,昆明市|云南省
CO,Colombia,"Colombia, Republic of",    -74.0700 ,    4.7100 ,-,
COLP,Congo,"Congo (Leopoldville), Republic of",     15.3200 ,   -4.3300 ,-,Boyoma|Kinshasa
CR,Costa Rica,Republic of Costa Rica,    -84.0800 ,    9.9300 ,-,Área Metropolitana de San José|
CSFR,CSFR,Czech and Slovak Federal Republic,     14.4200 ,   50.0800 ,-,
CSSR,Ceskoslovensko,Czechoslovak Socialist Republic,     14.4200 ,   50.0800 ,-,Hlavní město Praha|Praha
CU,Cuba,Republic of Cuba,    -82.3800 ,   23.1300 ,-,|La Habana
CYM,Cayman Islands,Cayman Islands BOT,    -81.3900 ,   19.3000 ,UK,George Town|
CYMRU,Cymru,-,     -3.1800 ,   51.4800 ,UK,Cardiff|Cymru / Wales
CZ,Ceska Rep.,Czech Republic,     14.4200 ,   50.0800 ,-,Hlavní město Praha|Praha
D,BRD,"Germany, Federal Republic of",      7.1000 ,   50.7300 ,-,Bonn|Nordrhein-Westfalen
DAG,Dagestan,"Dagestan, Republic of",     47.4800 ,   42.9700 ,RU,Махачкала|Дагестан
DD,DDR,German Democratic Republic,     13.3900 ,   52.5200 ,-,Berlin|
DJ,Djibouti,Republic of Djibouti,     43.1500 ,   11.5900 ,-,Djibouti جيبوتي|
DK,Danmark,"Denmark, Kingdom of",     12.5700 ,   55.6800 ,-,
DML,Dronning Maud,"Queen Maud Land, Norwegian Antarctic Territory",      2.5400 ,  -72.0100 ,-,
DR,Deutsches Reich,German Reich,     13.3900 ,   52.5200 ,-,Berlin|
DX,Deutschland,Occupied Germany,     13.3900 ,   52.5200 ,-,Berlin|
DZ,Al Jazair,"Algeria (al Jaza'ir), People's Democratic Republic of",      3.0600 ,   36.7500 ,-,Belouizdad ⴱⴻⵍⵡⴻⵣⴷⴰⴷ بلوزداد|Alger
E,Espana,Spain (Kingdom of),     -3.7200 ,   40.3800 ,-,Madrid|Comunidad de Madrid
EC,Ecuador,Republic of Ecuador,    -78.5200 ,   -0.2300 ,-,
EE,Eesti,Republic of Estonia,     24.7500 ,   59.4400 ,-,Tallinn|
EG,Misr,"Egypt (Misr), Arab Republic of",     31.2300 ,   30.0300 ,-,القاهرة|القاهرة
ENG,England,England,     -0.1300 ,   51.5000 ,UK,
ESCN,Canarias,"Canary Islands, Autonomous Community of the",    -16.2500 ,   28.4700 ,E,Santa Cruz de Tenerife|
ET,Ethiopia,Federal Democratic Republic of Ethiopia,     38.7500 ,    9.0200 ,-,
F,France,French Republic,      2.3000 ,   48.8600 ,-,Paris|Île-de-France
FI,Suomi,Republic of Finland,     24.9400 ,   60.1700 ,-,Helsinki|Uusimaa
GE,Sakartvelo,Republic of Georgia,     44.7800 ,   41.7200 ,-,თბილისი|
GH,Ghana,Republic of Ghana,     -0.2000 ,    5.5500 ,-,Accra|Greater Accra Region
GI,Gibraltar,"Gibraltar, British Overseas Terr. of",     -5.3500 ,   36.1300 ,-,Gibraltar|
GL,Kalaallit Nunaat,Greenland,    -51.7400 ,   64.1800 ,-,Nuuk|
GR,Ellas,Hellenic Republic,     23.7300 ,   37.9800 ,-,Αθήνα|Αποκεντρωμένη Διοίκηση Αττικής
GRD,Grenada,Grenada,    -61.7500 ,   12.0500 ,-,St. George's|
GT,Guatemala,Republic of Guatemala,    -90.5353 ,   14.6133 ,-,Ciudad de Guatemala|Departamento de Guatemala
GU,Guahan,Guam Territory,    144.7500 ,   13.4800 ,US,Hagåtña Municipality|Guam
GUF,Guyane,"French Guiana, Department",    -52.3300 ,    4.9400 ,F,Cayenne|Guyane
HK,Zhongguo/XG,"Hong Kong Special Administrative Region, China",    114.2000 ,   22.3000 ,CN,香港島 Hong Kong Island|香港 Hong Kong
HKUK,Xianggang,Hong Kong Colony,    114.2000 ,   22.3000 ,UK,香港島 Hong Kong Island|香港 Hong Kong
HR,Hrvatska,Republic of Croatia,     15.9800 ,   45.8100 ,-,Grad Zagreb|
HU,Magyarorzag,Republic of Hungary,     19.0500 ,   47.4900 ,-,Budapest|
I,Italia,Italian Republic,     12.4900 ,   41.8900 ,-,Roma|Lazio
I-ARAB,Arabsat,Arabsat,     46.7200 ,   24.6300 ,-,الرياض|منطقة الرياض
I-CSC,COSPAS-SARSAT,COSPAS-SARSAT Council,    -73.5600 ,   45.5100 ,-,Montréal|Québec
I-CSC1,COSPAS-SARSAT (I),COSPAS-SARSAT,    -73.5600 ,   45.5100 ,-,Montréal|Québec
I-ELDO,ELDO,European Launcher Development Organization,      2.3000 ,   48.8600 ,-,Paris|Île-de-France
I-ESA,ESA,European Space Agency,      2.3000 ,   48.8600 ,-,Paris|Île-de-France
I-ESRO,ESRO,European Space Research Organization,      2.3000 ,   48.8600 ,-,Paris|Île-de-France
I-EUM,EUMETSAT,European Meteorological Satellite Organization,      8.6500 ,   49.8700 ,-,Darmstadt|Hessen
I-EU,EU,European Union,      4.3500 ,   50.8500 ,-,Bruxelles - Brussel|
I-EUT,EUTELSAT,European Telecommunications Satellite Organization,      2.3000 ,   48.8600 ,-,Paris|Île-de-France
I-INM,INMARSAT,International Maritime Satellite Organization,     -0.1000 ,   51.5400 ,-,Greater London|England
I-INT,INTELSAT,International Telecommunications Satellite Organization,    -77.0600 ,   38.9000 ,-,Washington|District of Columbia
I-ISS,ISS,International Space Station,    -77.0600 ,   38.9000 ,-,Washington|District of Columbia
I-NATO,NATO,North Atlantic Treaty Organization,      4.3500 ,   50.8500 ,-,Bruxelles - Brussel|
I-RASC,RASCOM,Regional African Satellite Comms. Organization,     -4.0300 ,    5.3200 ,-,Abidjan|Abidjan
ID,Indonesia,"Indonesia, Republic of",    106.8200 ,   -6.2000 ,-,Jakarta Pusat|
IE,Eire,"Ireland, Republic of",     -6.2700 ,   53.3500 ,-,Dublin|
IL,Yisra'el,"Israel, State of",     34.7800 ,   32.0700 ,-,תל־אביב–יפו|מחוז תל אביב
IN,India,"India, Republic of",     77.2100 ,   28.6100 ,-,New Delhi|
IN-AP,Andhra Pradesh,Andhra Pradesh,     80.5200 ,   16.5400 ,IN,Amaravati|Andhra Pradesh
IN-GJ,Gujarat,Gujarat,     72.6500 ,   23.2200 ,IN,Gandhinagar|Gujarat
IN-HR,Haryana,Haryana,     76.7800 ,   30.7500 ,IN,Chandigarh|Chandigarh
IN-KA,Karnataka,Karnataka,     77.5900 ,   12.9800 ,IN,Bengaluru|Karnataka
IN-KL,Kerala,Kerala,     76.9500 ,    8.4900 ,IN,Thiruvananthapuram|Kerala
IN-PB,Punjab,Punjab,     76.7800 ,   30.7500 ,IN,Chandigarh|Chandigarh
IN-TN,Tamil Nadu,Tamil Nadu,     80.2800 ,   13.0800 ,IN,Chennai Corporation|Tamil Nadu
IN-UP,Uttar Pradesh,Uttar Pradesh,     80.9500 ,   26.8500 ,IN,Lucknow|Uttar Pradesh
IQ,Al Iraq,"Iraq, Republic of",     44.4300 ,   33.3300 ,-,بغداد|محافظة بغداد
IR,Iran,"Iran, Islamic Republic of",     51.3900 ,   35.6900 ,-,شهر تهران|استان تهران
IS,Island,Iceland,    -21.9300 ,   64.1300 ,-,Reykjavíkurborg|
J,Nippon,"Japan (Nippon), State of",    139.6800 ,   35.6800 ,-,渋谷区|
JO,Jordan,"Jordan, Hashemite Kingdom of",     35.9300 ,   31.9500 ,-,عمان|عمان
KE,Kenya,"Kenya, Republic of",     36.8200 ,   -1.2800 ,-,Nairobi|Nairobi
KI,Kiribati,"Kiribati, Republic of (Gilbert Islands)",    173.0000 ,    1.4300 ,-,Tarawa Te Inaieta|Gilbert Islands
KG,Kyrgyzstan,Kyrgyz Republic,     74.6100 ,   42.8700 ,-,Бишкек шаары|
KGSR,Kyrgyz SSR,Kirghiz Soviet Socialist Republic,     74.6100 ,   42.8700 ,-,Бишкек шаары|
KH,Kampuchea,Kingdom of Cambodia,    104.9200 ,   11.5500 ,-,ខណ្ឌបឹងកេងកង|រាជធានីភ្នំពេញ
KN,Saint Kitts,"St Kitts and Nevis, Federation of",    -62.7300 ,   17.3000 ,-,Brumaire|
KORS,Korsou,Netherlands Antilles,    -68.9300 ,   12.1200 ,NL,Willemstad|
KORSA,Curacao,Netherlands Antilles,    -68.9300 ,   12.1200 ,ANTN,Willemstad|
KP,Choson,"Korea (Choson), Democratic People's Republic of",    125.7400 ,   39.0200 ,-,평양시|
KR,Hanguk,Great Han People's Nation,    126.9700 ,   37.5700 ,-,서울특별시|
KW,Kuwayt,State of Kuwait,     47.9800 ,   29.3700 ,-,المرقاب|محافظة العاصمة
KZ,Qazaqstan,"Kazakhstan, Republic of",     71.4300 ,   51.1700 ,-,Астана|Астана
L,Luxembourg,"Luxembourg, Grand Duchy of",      6.1300 ,   49.6100 ,-,Luxembourg|
LA,Pathet Lao,Lao People's Democratic Republic,    102.6000 ,   17.9700 ,-,ວຽງຈັນ|ນະຄອນຫຼວງວຽງຈັນ
LB,Liban,"Lebanon, Republic of",     35.5100 ,   33.8900 ,-,اليسوعية|محافظة بيروت
LK,SriLanka,"Sri Lanka, Democratic Socialist Republic of",    -79.8400 ,    6.9300 ,-,
LT,Lietuva,"Lithuania, Republic of",     25.2800 ,   54.6800 ,-,Vilnius|Vilniaus apskritis
LV,Latvija,"Latvia, Republic of",     24.1100 ,   56.9400 ,-,Rīga|
LY,Al Libiyyah,"Libya, Great Socialist People's Arab Republic of",     13.1900 ,   32.8900 ,-,طرابلس|طرابلس
MA,Al Maghrib,"Morocco (al Maghrib), Kingdom of",     -6.8400 ,   34.0200 ,-,Rabat ⵔⴱⴰⵟ الرباط|
MC,Monaco,"Monaco, Principality of",      7.4200 ,   43.7300 ,-,Monaco|
MD,Moldova,"Moldova, Republic of",     28.8400 ,   47.0200 ,-,Chișinău|
MH,Marshall Is.,"Marshall Islands, Republic of",    171.3800 ,    7.0800 ,-,Mājro|Ratak
MN,Mongol,Mongolia,    106.9200 ,   47.9200 ,-,Улан-Батор|
MOCN,Macao,Macao Special Administrative Region,    113.5500 ,   22.1700 ,CN,澳門 Macau|澳門 Macau
MR,Al Muritaniyyah,"Mauritania, Islamic Republic of",    -15.9500 ,   18.1000 ,-,Nouakchott نواكشوط|Nouakchott Nord نواكشوط الشمالية
MT,Malta,"Malta, Republic of",     14.5200 ,   35.9000 ,-,Il-Belt Valletta|
MU,Maurice,"Mauritius, Republic of",     57.5000 ,  -20.1600 ,-,Port Louis|Port Louis
MV,Divehi,"Maldives, Republic of",     73.5100 ,    4.1800 ,-,މާލެ|
MX,Mexico,United Mexican States,    -99.1300 ,   19.4300 ,-,Ciudad de México|Ciudad de México
MY,Malaysia,Malaysia,    101.6800 ,    3.1300 ,-,Sentral|Kuala Lumpur
MYM,Myanmar,Republic of the Union of Myanmar,     96.1200 ,   19.7500 ,-,ဇေယျာသီရိခရိုင်|နေပြည်တော် ပြည်ထောင်စုနယ်မြ
N,Norge,"Norway, Kingdom of",     10.7300 ,   59.9200 ,-,Oslo|
NG,Nigeria,"Nigeria, Federal Republic of",      7.4800 ,    9.0700 ,-,Abuja|Federal Capital Territory
NI,Northern Ireland,Northern Ireland,     -5.9300 ,   54.6000 ,UK,Belfast|Northern Ireland / Tuaisceart Éireann
NL,Nederland,"Netherlands, Kingdom of",      4.9000 ,   52.3700 ,-,Amsterdam|Noord-Holland
NP,Nepal,"Nepal, Federal Democratic Republic Of",     85.3100 ,   27.7000 ,-,काठमाडौँ महानगरपालिका|बागमती प्रदेश
NZ,New Zealand,"New Zealand, Realm of",    174.7800 ,  -41.2900 ,-,|Wellington
NZRD,Ross Dependency,"Ross Dependency, New Zealand Antarctic Terr.",    166.7700 ,  -77.8500 ,NZ,McMurdo Station|
OM,Oman,Sultanate of Oman,     58.4000 ,   23.5900 ,-,ولاية بوشر|محافظة مسقط
P,Portugal,Portuguese Republic,     -9.1400 ,   38.7100 ,-,Lisboa|
PAR,Panama,Republic of Panama,    -79.5200 ,    8.9800 ,-,Bella Vista|Provincia de Panamá
PCZ,Panama Canal Zone,Panama Canal Zone,    -79.5700 ,    8.9500 ,US,Arraiján|Panamá Oeste
PE,Peru,"Peru, Republic of",    -77.0300 ,  -12.0400 ,-,Lima|Lima
PG,Papua Niugini,Independent State of Papua New Guinea,    147.1500 ,   -9.4800 ,-,Port Moresby|National Capital District
PK,Pakistan,"Pakistan, Islamic Republic of",     73.0700 ,   33.7200 ,-,بلیو ایریا|وفاقی دارالحکومت اسلام آباد
PH,Pilipinas,"Philippines, Republic of the",    121.0000 ,   14.5800 ,-,Manila|
PL,Polska,"Poland, Republic of",     21.0200 ,   52.2300 ,-,Warszawa|województwo mazowieckie
PLRL,Polska-RL,"Poland, People's Republic of",     21.0200 ,   52.2300 ,-,Warszawa|województwo mazowieckie
PR,Puerto Rico,"Puerto Rico, Commonwealth of",    -66.0600 ,   18.4000 ,US,San Juan|Puerto Rico
PW,Palau,Republic of Palau,    134.6200 ,    7.5000 ,-,Ngerulmud|Melekeok
PY,Paraguay,Republic of Paraguay,    -57.6700 ,  -25.2700 ,-,Nueva Asunción|Presidente Hayes
QA,Qatar,"Qatar, State of",     51.5300 ,   25.2900 ,-,الدوحة|
RO,Romania,Romania,     26.1000 ,   44.4300 ,-,București|
RU,Rossiya,Russian Federation,     37.6200 ,   55.7500 ,-,Москва|Москва
RW,Rwanda,"Rwanda, Republic of",     30.0600 ,   -1.9400 ,-,Kigali|Umujyi wa Kigali
S,Sverige,"Sweden, Kingdom of",     18.0700 ,   59.3300 ,-,Stockholm|
SA,Al Arabiyah,"Saudi Arabia, Kingdom of",     46.7200 ,   24.6300 ,-,الرياض|منطقة الرياض
SB,Solomon Is.,Solomon Islands,    159.9600 ,   -9.4300 ,-,Honiara|
SCOT,Scotland,Scotland,     -3.1900 ,   55.9500 ,UK,City of Edinburgh|Alba / Scotland
SD,Sudan,"Sudan, Republic of the",     15.6300 ,   32.5300 ,-,|محافظة بني وليد
SG,Singapore,"Singapore, Republic of",    103.8000 ,    1.3000 ,-,Singapore|
SH,St Helena,St Helena British Overseas Territory,     -5.7200 ,  -15.9500 ,-,Cleughs Plain|Saint Helena
SI,Slovenija,"Slovenia, Republic of",     14.5000 ,   46.0500 ,-,Ljubljana|
SK,Slovakia,Slovak Republic,     17.1100 ,   48.1400 ,-,Bratislava|Bratislavský kraj
SN,Senegal,Republic of Senegal,    -17.4200 ,   14.6700 ,-,Dakar|Région de Dakar
SR,Suriname,"Surinam, Republic of",    -55.2000 ,    5.8500 ,-,Weg naar Zee|Paramaribo
SU,SSSR,Union of Soviet Socialist Republics,     37.6200 ,   55.7500 ,-,Москва|Москва
SY,Suriya,Syrian Arab Republic,     36.2900 ,   33.5100 ,-,بلدية القنوات|محافظة دمشق
T,Prathet Thai,Thai Kingdom,    100.4900 ,   13.7500 ,-,กรุงเทพมหานคร|
TC,Turks and Caicos,Turks and Caicos Islands,    -71.1400 ,   21.4600 ,UK,Cockburn Town|
TF,TAAF,French Southern and Antarctic Lands,     70.2200 ,  -49.3500 ,F,Port-aux-Français|Terres australes et antarctiques françaises
TJ,Tajikistan,"Tajikistan, Republic of",     68.7800 ,   38.5400 ,-,Душанбе|
TM,Turkmenistan,Turkmenistan,     58.3700 ,   37.9300 ,-,Aşgabat|
TN,Tunisiyah,Republic of Tunisia,     10.1800 ,   36.8100 ,-,تونس|ولاية تونس
TO,Tonga,"Tonga, Kingdom of",   -175.2000 ,  -21.1300 ,-,Hōfoa|Tongatapu
TR,Turkiye,"Turkey, Republic of",     32.8700 ,   39.9300 ,-,Ankara|Ankara
TTPI,TTPI,"Pacific Islands, Trust Territory of",    145.7500 ,   15.1800 ,US,|Northern Mariana Islands
TUVA,Tyva,Tuva Republic,     94.4500 ,   51.7200 ,RU,Кызыл|Республика Тыва
TW,Taiwan,"China, Republic of (Taiwan)",    121.5200 ,   25.0700 ,-,臺北市|
UA,Ukraina,Ukraine,     30.5200 ,   50.4500 ,-,Київ|
UAE,Al Imarat,United Arab Emirates,     54.3700 ,   24.4700 ,-,أبو ظبي|أبو ظبي
UAE AD,Abu Dhabi,Emirate of Abu Dhabi,     54.3700 ,   24.4700 ,UAE,أبو ظبي|أبو ظبي
UAE DB,Dubai,Emirate of Dubai,     55.3000 ,   25.2600 ,UAE,ديرة|دبي
UAE SH,Sharjah,Emirate of Sharjah,     55.3900 ,   25.3600 ,UAE,مدينة الشارقة|الشارقة
UG,Uganda,Republic of Uganda,     32.5800 ,    0.3100 ,-,Kampala Capital City|Central Region
UK,UK,United Kingdom of Great Britain and Northern Ireland,     -0.1300 ,   51.5000 ,-,City of Westminster|England
UM67,Johnston Atoll,"US Minor Outlying Islands, Johnston Atoll",   -169.5200 ,   16.7400 ,US,|
UM79,Wake Island,"US Minor Outlying Islands, Wake I",    166.6300 ,   19.3000 ,US,|
US,USA,United States of America,    -77.0200 ,   38.9000 ,-,Washington|District of Columbia
UY,Uruguay,Eastern Republic of Uruguay,    -56.1800 ,  -34.8800 ,-,Montevideo|Montevideo
UZ,Uzbekistan,"Uzbekistan, Republic of",     69.2700 ,   41.3000 ,-,Toshkent shahri|
VA,Vatican,Vatican City State,     12.4500 ,   41.9000 ,-,Roma|Lazio
VE,Venezuela,"Venezuela, Bolivarian Republic of",    -66.9000 ,   10.4800 ,-,Caracas|Distrito Capital
VN,Vietnam,"Vietnam, Socialist Republic of",    105.8500 ,   21.0300 ,-,Thành phố Hà Nội|
YE,al-Yamaniyyah,"Yemen, Republic of",     44.2100 ,   15.3500 ,-,مدينة صنعاء|أمانة العاصمة
ZA,South Africa,"South Africa, Republic of",     28.1900 ,  -25.7500 ,-,Pretoria|Gauteng
ZR,Zaire,"Zaire, Republic of",     15.3200 ,   -4.3300 ,-,Boyoma|Kinshasa
ZW,Zimbabwe,"Zimbabwe, Republic of",     31.0500 ,  -17.8300 ,-,Harare|Harare Province
X,UNKNOWN,-,      0.0200 ,    0.0000 ,-,
UNK,UNK             -,-,      0.0200 ,    0.0000 ,-,
1GMR,1GMR,-,   -106.3800 ,   32.4000 ,USA,|New Mexico
1GMS,1GMS 6540MTW,-,    -80.6100 ,   28.2400 ,USAF,South Patrick Shores|Florida
1PBS,1PBS 6555GMG,-,    -80.6100 ,   28.2400 ,USAF,South Patrick Shores|Florida
69PBS,69PBS 6555GMG,-,    -80.6100 ,   28.2400 ,USAF,South Patrick Shores|Florida
1STRAD,SAC 1STRAD,-,   -120.6100 ,   34.7500 ,USAF,|California
10ADS,ADCOM 10ADS,-,   -120.6100 ,   34.7500 ,AFADC,|California
11TMS,11TMS,-,    -80.6100 ,   28.2400 ,USAF,South Patrick Shores|Florida
209FA,USA 209th FA,-,    -98.3900 ,   34.6700 ,USA,
21AT,21AT,Twenty-First Century Aerospace Technology Co.,    116.3000 ,   39.9600 ,-,海淀区|北京市
2GMS,2GMS 6540MTW,-,   -106.1100 ,   32.8500 ,USAF,|New Mexico
2SLS,Boeing/2SLS,-,    -80.6100 ,   28.2400 ,USAF,South Patrick Shores|Florida
3GMS,3GMS 550GMW,-,    -80.6100 ,   28.2400 ,USAF,South Patrick Shores|Florida
3SLS,USAF 3SLS,-,    -80.6100 ,   28.2400 ,USAF,South Patrick Shores|Florida
30FA2,USA 30FA,-,    -98.3900 ,   34.6700 ,USA,Lawton|Oklahoma
30SW,USAF 30SW,-,   -120.6100 ,   34.7500 ,USAF,|California
36AIS,36AIS,36th Strategic Interdiction Squadron,     16.9300 ,   40.7600 ,AMI,Gioia del Colle|Puglia
321SMW,USAF 321SMW,-,    -97.4000 ,   47.9600 ,USAF,|North Dakota
341SMW,USAF 341 MW,-,   -111.1900 ,   47.5000 ,USAF,|Montana
341MW,USAF 341 MW,-,   -111.1900 ,   47.5000 ,USAF,|Montana
341SW,USAF 341 SW,-,   -111.1900 ,   47.5000 ,USAF,|Montana
351SMW,USAF 351 SMW,-,    -93.5500 ,   38.7300 ,USAF,|Missouri
4SLS,USAF 4SLS,-,    -80.6100 ,   28.2400 ,USAF,South Patrick Shores|Florida
40FA,USA 40thFA,-,    -86.6500 ,   34.6800 ,USA,|Alabama
40FA1,USA 40thFA,-,    -86.6500 ,   34.6800 ,USA,|Alabama
41FA1,USA 41stFA Btn1,-,      9.8000 ,   48.8000 ,USA,Schwäbisch Gmünd|Baden-Württemberg
41FA4,USA 41stFA Btn4,-,    -98.3900 ,   34.6700 ,USA,Lawton|Oklahoma
44FA2,USA 44th FA Btn2,-,    -98.3900 ,   34.6700 ,USA,Lawton|Oklahoma
44SMW,USAF 44SMW,-,   -103.0700 ,   44.1500 ,USAF,Box Elder|South Dakota
4504MTW,USAF 4504MTW,-,    -80.6100 ,   28.2400 ,USAF,South Patrick Shores|Florida
4505M,USAF 4505MTW,-,    -80.6100 ,   28.2400 ,USAF,South Patrick Shores|Florida
455SMW,USAF 455th SMW,-,   -101.3600 ,   48.4200 ,USAF,|North Dakota
45SLD,USSF Delta 45,-,    -80.6100 ,   28.2400 ,USAF,South Patrick Shores|Florida
45SW,USAF 45SW,-,    -80.6100 ,   28.2400 ,USAF,South Patrick Shores|Florida
45SWF,USSF 45SW,-,    -80.6100 ,   28.2400 ,USAF,South Patrick Shores|Florida
46FA2,USA 46thFA,-,    -98.3900 ,   34.6700 ,USA,Lawton|Oklahoma
4803GMS,4803GMS 4800GMW,-,    -80.6100 ,   28.2400 ,USAF,South Patrick Shores|Florida
4WG,USAF 4WG,-,    -93.8200 ,   58.7300 ,AWS,|Manitoba
556SMS,USAF 556SMS,-,    -80.6000 ,   28.3900 ,USAF,Cape Canaveral|Florida
557WW,557 WW,-,    -95.9100 ,   41.1200 ,USAF,Bellevue|Nebraska
564SMS,USAF 564SMW,-,   -111.1900 ,   47.5000 ,USAF,|Montana
576FTS,USAF 576FTS,-,   -120.6100 ,   34.7500 ,SAC,|California
576SMS,USAF 576SMS,-,   -120.6100 ,   34.7500 ,SAC,|California
6555GMS,USAF 6555GMS,-,    -80.6000 ,   28.3900 ,USAF,Cape Canaveral|Florida
6555A,USAF 6555ATW,-,    -80.6000 ,   28.3900 ,USAF,Cape Canaveral|Florida
6556GMS,USAF 6556GMS,-,    -80.6000 ,   28.3900 ,USAF,Cape Canaveral|Florida
702SMW,USAF 702SMW,-,    -68.0400 ,   46.6900 ,SAC,Presque Isle|Maine
79FA2,USA 79th FA Btn2,-,    -98.3900 ,   34.6700 ,USA,Lawton|Oklahoma
81FA1,USA 81stFA Btn1,-,     10.0000 ,   48.3800 ,USA,Neu-Ulm|Bayern
84FA3,USA 84thFA Btn3,-,      9.2200 ,   49.1500 ,USA,Heilbronn|Baden-Württemberg
90MW,USAF 90SW,-,   -104.8700 ,   41.1300 ,SAC,Francis E. Warren Air Force Base|Wyoming
90SW,USAF 90SW,-,   -104.8700 ,   41.1300 ,SAC,Francis E. Warren Air Force Base|Wyoming
90SMW,USAF 90SMW,-,   -104.8700 ,   41.1300 ,SAC,Francis E. Warren Air Force Base|Wyoming
91SW,USAF 91SW,-,   -101.3600 ,   48.4200 ,SAC,|North Dakota
91MW,USAF 91MW,-,   -101.3600 ,   48.4200 ,SAC,|North Dakota
9FA3,USA 9th FA Btn3,-,    -98.3900 ,   34.6700 ,USA,Lawton|Oklahoma
AAAF,AAAF,-,   -106.1000 ,   32.8500 ,USAF,|New Mexico
AACH,FH-Aachen,Aachen University of Applied Sciences,      6.0800 ,   50.7800 ,-,Aachen|Nordrhein-Westfalen
AACHR,RWTH-Aachen,RWTH Aachen University,      6.0800 ,   50.7800 ,-,Aachen|Nordrhein-Westfalen
AACM,AAC Microtec,-,     17.6400 ,   59.8600 ,-,Uppsala|
AACCS,AAC Clyde Sweden,-,     17.6400 ,   59.8600 ,-,Uppsala|
AADC,Alaska Aerospace,-,   -149.9000 ,   61.2200 ,-,Anchorage|Alaska
AAF,Armee de l'Air,French Air Force,      2.3000 ,   48.8600 ,-,Paris|Île-de-France
AALTO,Aalto univ.,Aalto University,     24.9400 ,   60.1700 ,-,Helsinki|Uusimaa
AAMV,Amat. Max Valier,"Max Valier Amateur Astronomers, South Tyrol",     11.3500 ,   46.5000 ,-,Bolzano - Bozen|Trentino-Alto Adige/Südtirol
AANII,AANII,Arctic and Antarctic Scientific Research Institute,     30.3100 ,   59.9400 ,GMS,Санкт-Петербург|Санкт-Петербург
AAP,AAP,-,    103.8000 ,    1.3000 ,LMGT,Singapore|
AARH,Aarhus U.,Aarhus Unversity,     10.2000 ,   56.1700 ,-,Aarhus|Region Midtjylland
AAU,AAU,Aalborg University,      9.9900 ,   57.0200 ,-,Aalborg|Region Nordjylland
ABE,AE Boliviana,Bolivian Space Agency,    -68.1500 ,  -16.5000 ,-,La Paz|La Paz
ABAE,ABAE,Bolivarian Agency for Space Activities,    -66.9000 ,   10.4800 ,-,Caracas|Distrito Capital
ABERU,Aberystwyth,-,     -4.0700 ,   52.4200 ,-,Aberystwyth|Cymru / Wales
ABERRY,AstroBerry,-,    100.5600 ,   13.8200 ,-,กรุงเทพมหานคร|
ABL,ABL,-,    -78.8300 ,   39.5600 ,USN,|West Virginia
ABLN,ABL (NRDC),-,    -78.8300 ,   39.5600 ,-,|West Virginia
ABLSS,ABL Space Sys,-,   -118.4100 ,   33.9200 ,-,El Segundo|California
ABMA,ABMA,-,    -86.6500 ,   34.6800 ,USA,|Alabama
ABMDA,ABMDA,-,    -77.0500 ,   38.3400 ,USN,Dahlgren Center|Virginia
ABMDA1,ABMDA,-,    -77.0600 ,   38.8700 ,USA,|Virginia
ABMDO,USA BMDO,-,    -86.6500 ,   34.6800 ,USA,|Alabama
ABS,ABS,-,    114.2000 ,   22.3000 ,-,香港島 Hong Kong Island|香港 Hong Kong
ABSEN,Absolut Sensing,-,      1.4700 ,   43.5600 ,-,Ramonville-Saint-Agne|Occitanie
ABSL,ABS (LMI),-,     -0.1100 ,   51.5100 ,ABS,City of London|England
ABSB,ABS Bermuda,-,    -64.7800 ,   32.3000 ,-,|Pembroke
ABSCA,ABS (LMSCV),-,   -122.0400 ,   37.3700 ,ABS,
ABSHK,ABS (HK),-,    114.2000 ,   22.3000 ,ABSB,香港島 Hong Kong Island|香港 Hong Kong
ACAE,ACAE,Central Americal Association of Aeronautics and Space,    -84.0800 ,    9.9300 ,-,Área Metropolitana de San José|
ACAP,Aerospace Cap,-,     55.7600 ,   37.5500 ,-,دهستان عرب داغ|استان گلستان
ACAST,Astrocast,-,      6.6300 ,   46.5200 ,-,Lausanne|Vaud
ACC,USAF ACC,-,    -76.3600 ,   37.0800 ,USAF,Hampton|Virginia
ACCRE,Accenture,-,     -6.2700 ,   53.3500 ,-,Dublin|
ACCIMT,ACCIMT,-,     79.9000 ,    6.7900 ,-,Rawathawatta|Western Province
ACE,USA ACE,-,    -77.1100 ,   38.9800 ,USA,
ACES,ACES,-,    106.8200 ,   -6.2000 ,PSN,Jakarta Pusat|
ACESI,Inmarsat ACES,-,    106.8200 ,   -6.2000 ,INMRL,Jakarta Pusat|
ACF,ACF,French Aero Club,      2.3000 ,   48.8600 ,-,Paris|Île-de-France
ACMEO,ACME AtronOmatic,-,    -81.3800 ,   28.5400 ,-,Orlando|Florida
ADAST,Ad Astra,-,    -95.1200 ,   29.5400 ,-,Webster|Texas
ADD,ADD,Agency for Defense Development,    127.3900 ,   36.3500 ,KR,대전광역시|
ADDAH,ADD Anhueng,-,    126.1000 ,   36.4100 ,ADD,보령시|
ADEL,Adelaide,-,    138.6000 ,  -34.9200 ,-,Adelaide|South Australia
ADIG,Astro Digital,-,   -122.0800 ,   37.3900 ,-,Mountain View|California
ADS,Airbus DS,-,      4.7600 ,   52.3100 ,-,|Noord-Holland
ADSAQ,Airbus Aquitaine,-,     -0.7200 ,   44.9000 ,ADS,Saint-Médard-en-Jalles|Nouvelle-Aquitaine
ADSB,ADS/Bremen,-,      8.3000 ,   53.0800 ,ADS,Sandtange|Niedersachsen
ADSDF,Airbus/DF,-,      9.4800 ,   47.6500 ,ADS,Friedrichshafen|Baden-Württemberg
ADSFL,Airbus DSI,-,    -80.6000 ,   28.3900 ,ADS,Cape Canaveral|Florida
ADSG,ADS/CSG,-,    -52.7700 ,    5.2300 ,ADS,Kourou|Guyane
ADSL,Airbus/Lamp.,-,      9.4000 ,   49.2700 ,ADS,Lampoldshausen|Baden-Württemberg
ADSLV,ADS/LV,-,      1.9200 ,   48.9900 ,ADS,Les Mureaux|Île-de-France
ADSM,Airbus Barajas,-,     -3.5900 ,   40.4700 ,ADS,
ADSNA,Airbus N America,-,    -95.3800 ,   29.7600 ,ADS,Houston|Texas
ADSNL,ADS-NL,-,      4.9000 ,   52.3700 ,ASTD,
ADSO,Airbus/Ottobrunn,-,     11.6700 ,   48.0700 ,ADS,Neubiberg|Bayern
ADSP,Airbus/Paradigm,-,     -2.1900 ,   51.4300 ,-,
ADST,Airbus/Toulouse,-,      1.4700 ,   43.5600 ,ADS,Ramonville-Saint-Agne|Occitanie
ADSTI,ADS Intelligence,-,      1.4700 ,   43.5600 ,ADS,Ramonville-Saint-Agne|Occitanie
ADSUK,Airbus (UK),-,     -0.2000 ,   51.9000 ,ADS,Stevenage|England
ADVSP,Adv Space,-,   -105.0000 ,   39.9200 ,-,Westminster|Colorado
AE,Arianespace,-,      2.4300 ,   48.6200 ,-,Évry|
AEB,AEB,Brazilian Space Agency,    -45.8800 ,  -23.1900 ,BR,São José dos Campos|São Paulo
AEC,AEC,-,    -77.0200 ,   38.9000 ,-,Washington|District of Columbia
AECAB,AEC/Able,-,   -119.8100 ,   34.4400 ,-,Goleta|California
AECSG,Ae/CSG,-,    -52.7700 ,    5.2300 ,-,
AEDC,AEDC,-,    -86.0500 ,   35.3800 ,USAF,|Tennessee
AEE,AEE,Spanish Space Agency,     -3.7200 ,   40.3800 ,-,Madrid|Comunidad de Madrid
AEGAE,Aegis Aerospace,-,    -95.3800 ,   29.7600 ,-,Houston|Texas
AELM,Ae/LesM,-,      1.9200 ,   48.9900 ,-,Les Mureaux|Île-de-France
AEML,AeMa Lanc,-,      1.9200 ,   48.9900 ,-,
AEMX,AEMX,-,    -99.1300 ,   19.4300 ,-,Ciudad de México|Ciudad de México
AENUT,Aeronutronic,-,   -118.2600 ,   34.1500 ,-,
AEP,AEP,Paraguayan Space Agency,    -57.6700 ,  -25.2700 ,-,Nueva Asunción|Presidente Hayes
AERAR,AerArg,Argentine Air Force,    -58.5800 ,  -34.6200 ,-,El Palomar|Buenos Aires
AERIT,Aeritalia,Aeritalia Space Systems,      7.6800 ,   45.0800 ,-,Torino|Piemonte
AERO,AERO,-,   -118.4100 ,   33.9200 ,DOD,El Segundo|California
AEROA,AeroAstro,-,    -77.4900 ,   39.0400 ,-,Ashburn|Virginia
AEROAC,AeroAstro,-,    -77.4900 ,   39.0400 ,-,Ashburn|Virginia
AEROACL,AeroAstro/Co,-,   -105.0100 ,   39.6000 ,AEROA,Littleton|Colorado
AEROL,Aerolab,-,   -118.1300 ,   34.1600 ,-,Pasadena|California
AEROLR,Ryan Aerolab,-,   -118.0000 ,   34.1500 ,-,Monrovia|California
AERON,Aeronomie,"Aeronomy Service, CNRS",      2.2700 ,   48.7500 ,CNRS,Verrières-le-Buisson|Île-de-France
AERONM,Aeronomie,"Aeronomy Service, CNRS",      2.2400 ,   48.8100 ,CNRS,Meudon|
AEROPH,Aerophysics,-,   -119.8100 ,   34.4400 ,-,Goleta|California
AEROTC,Aerotech,-,   -113.0600 ,   37.6800 ,-,Cedar City|Utah
AES,AES,-,    -79.4900 ,   43.7300 ,CA,Toronto|Ontario
AESCO,AES Co.,-,    140.0800 ,   36.0800 ,-,つくば市|
AESP,Arianespace,-,      2.4300 ,   48.6200 ,ARIG,Évry|
AESPC,Ae/Cannes,Aerospatiale-Cannes,      7.0100 ,   43.5500 ,-,Cannes|Provence-Alpes-Côte d'Azur
AESPP,Aerospatiale C,-,      2.2500 ,   48.9000 ,-,
AETE,AETE,-,   -110.1800 ,   54.4600 ,CFCA,City of Cold Lake|Alberta
AETH,Aethero Space,-,    -97.0900 ,   47.9300 ,-,Grand Forks|North Dakota
AFAD,USAF Arm.D.,-,    -86.5400 ,   30.4900 ,AFMC,Valparaiso|Florida
AFADC,USAF ADC,-,   -104.8500 ,   38.7400 ,USAF,|Colorado
AFADCA,USAF ADC,-,   -104.5200 ,   38.8000 ,USAF,|Colorado
AFAL,AFAL,-,    -84.0500 ,   39.8200 ,AFASD,
AFAMC,AFAMC,-,    -84.0500 ,   39.8200 ,USAF,|Ohio
AFAPL,AFAPL,-,    -84.0500 ,   39.8200 ,USAF,|Ohio
AFASD,AF ASD,-,    -84.0500 ,   39.8200 ,USAF,|Ohio
AFBMD,USAF BMD,-,   -118.4100 ,   33.9200 ,ARDC,El Segundo|California
AFBMO,USAF BMO,-,   -117.2400 ,   34.1000 ,AFSC,San Bernardino|California
AFBMO2,USAF BMO,-,   -117.2400 ,   34.1000 ,AFSC,San Bernardino|California
AFBSD,USAF BSD,-,   -117.2400 ,   34.1000 ,AFSC,San Bernardino|California
AFBSD2,USAF BSD,-,   -117.2400 ,   34.1000 ,AFSC,San Bernardino|California
AFBSL,USAF BSD,-,   -118.4100 ,   33.9200 ,AFSC,El Segundo|California
AFCER,USAF CERES,-,   -104.5200 ,   38.8000 ,USAF,|Colorado
AFCFS,AFCFS,-,    -71.1100 ,   42.3700 ,USAF,Cambridge|Massachusetts
AFCRCA,AFCRC,-,    -71.1100 ,   42.3700 ,USAF,Cambridge|Massachusetts
AFCRCH,AFCRC Hanscom,-,    -71.2800 ,   42.4900 ,USAF,Bedford|Massachusetts
AFCRL,AFCRL,-,    -71.2800 ,   42.4900 ,USAF,
AFCRL1,AFCRL Cambridge,-,    -71.1100 ,   42.3700 ,USAF,Cambridge|Massachusetts
AFCRH,AFCRL Hanscom,-,    -71.2800 ,   42.4900 ,USAF,Bedford|Massachusetts
AFETR,USAF ETR,-,    -80.6100 ,   28.2400 ,USAF,|Florida
AFFDL,USAF FDL,-,    -84.0500 ,   39.8200 ,AFASD,|Ohio
AFFTC,AFFTC,-,   -117.8800 ,   34.9100 ,USAF,|California
AFGAF,Afghan AF,Afghan Air Force,     69.1700 ,   34.5300 ,-,کابل|ولایت كابل
AFGL,AFGL,-,    -71.2800 ,   42.4900 ,USAF,Bedford|Massachusetts
AFGL2,USAF GL,-,    -71.2800 ,   42.4900 ,USAF,Bedford|Massachusetts
AFGSC,USAF GSC,-,    -93.6600 ,   32.5000 ,USAF,Bossier City|Louisiana
AFIT,AFIT,-,    -84.0500 ,   39.8200 ,USAF,|Ohio
AFJSC,USAF SSD Houston,-,    -95.1200 ,   29.5600 ,USAF,Houston|Texas
AFLC,AFLC,-,    -84.0500 ,   39.8200 ,USAF,|Ohio
AFMC,USAF AFMC,-,    -84.0500 ,   39.8200 ,USAF,|Ohio
AFMCIT,Afghan MCIT,-,     69.1700 ,   34.5300 ,-,کابل|ولایت كابل
AFMCSW,USAF MCSW,-,   -118.4100 ,   33.9200 ,AFSMC,El Segundo|California
AFMDC,AFMDC,-,   -106.1100 ,   32.8500 ,HAFB,|New Mexico
AFMTC,AFMTC,-,    -80.6100 ,   28.2400 ,USAF,
AFORGE,AstroForge,-,   -118.0400 ,   33.7200 ,-,
AFOSR,AFOSR,-,    -76.6200 ,   39.2900 ,USAF,Baltimore|Maryland
AFOTEC,AFOTEC,-,   -106.6100 ,   35.0400 ,USAF,Albuquerque|New Mexico
AFOTD4,AFOTEC,-,   -104.7000 ,   38.8200 ,USAF,Colorado Springs|Colorado
AFPLH,AF Phillips/GD,-,    -71.2800 ,   42.4900 ,USAF,Bedford|Massachusetts
AFPS,AF HQ PS,-,    -77.0600 ,   38.8700 ,USAF,|Virginia
AFRC,NASA AFRC,-,   -117.8800 ,   34.9100 ,NASA,
AFRCO,AF RCO,-,    -77.0200 ,   38.9000 ,USAF,Washington|District of Columbia
AFROM,USAF Rome,-,    -75.4100 ,   43.2300 ,AFMC,
AFRL,AFRL/RV,-,   -106.6100 ,   35.0400 ,USAF,Albuquerque|New Mexico
AFORS,DoD ORS,-,   -106.6100 ,   35.0400 ,USAF,Albuquerque|New Mexico
AFRLH,AFRL-VS/Hanscom,-,    -71.2800 ,   42.4900 ,AFRL,Bedford|Massachusetts
AFRLRZ,AFRL Propulsion,-,    -84.0500 ,   39.8200 ,USAF,|Ohio
AFRLW,AFRL Det 1,-,    -84.0500 ,   39.8200 ,USAF,|Ohio
AFRPL,AFRPL,-,   -117.8800 ,   34.9100 ,AFASD,|California
AFSAM,AF SAM,-,    -98.4400 ,   29.3400 ,AFMC,San Antonio|Texas
AFSC,AFSC,-,   -118.4100 ,   33.9200 ,USAF,El Segundo|California
AFSC2,AFSC,-,   -118.4100 ,   33.9200 ,AFSMC,El Segundo|California
AFSD,USAF SD,-,   -118.4100 ,   33.9200 ,USAF,El Segundo|California
AFSMB,USAF SMC/Norton,-,   -117.2400 ,   34.1000 ,AFSC,San Bernardino|California
AFSMC,USAF SMC,-,   -118.4100 ,   33.9200 ,USAF,El Segundo|California
AFSMS,SAFMS,-,    -77.0800 ,   38.8800 ,USAF,Arlington|Virginia
AFSOC,USAF AFSOC,-,    -86.5400 ,   30.4900 ,USAF,Valparaiso|Florida
AFSPC,USAF AFSPC,-,   -104.7000 ,   38.8200 ,USAF,Colorado Springs|Colorado
AFSSD,USAF SSD,-,   -118.4100 ,   33.9200 ,AFSC,
AFSSD2,USAF SSD,-,   -118.4100 ,   33.9200 ,USAF,
AFSTC,USAF STC,-,   -122.0288 ,   37.4049 ,USAF,Sunnyvale|California
AFSTS,USAF SDTW SDS,-,   -104.5200 ,   38.8000 ,USAF,|Colorado
AFSWC,AFSWC,-,   -106.6100 ,   35.0400 ,USAF,Albuquerque|New Mexico
AFSWP,AFSWP,-,   -106.5500 ,   35.0400 ,USAF,|New Mexico
AFTAC,AFTAC,-,    -80.6100 ,   28.2400 ,USAF,|Florida
AFU,AFU,Armed Forces of Ukraine,     30.5200 ,   50.4500 ,-,Київ|
AFWA,AFWA,-,    -95.9100 ,   41.1200 ,USAF,|Nebraska
AFWDD,AF WDD,-,   -118.4100 ,   33.9200 ,USAF,El Segundo|California
AFWL,AFWL,-,   -106.6100 ,   35.0400 ,USAF,Albuquerque|New Mexico
AGHU,AGH UST,-,     19.9200 ,   50.0600 ,-,Kraków|województwo małopolskie
AGILS,AgilSpace,-,    103.8000 ,    1.3000 ,STESS,Singapore|
AGSL,ABS Global PNG,-,    147.1500 ,   -9.4800 ,-,Port Moresby|National Capital District
AIL,AIL,-,    -73.6400 ,   40.7400 ,-,Village of Mineola|New York
AILEDO,EDO Corp.,-,    -73.6400 ,   40.7400 ,-,Village of Mineola|New York
AISTS,AISTech,-,      2.1800 ,   41.3900 ,-,Barcelona|Catalunya
AJ,Aerojet,-,   -117.9100 ,   34.1300 ,GTRC,Azusa|California
AJCA,Aerojet/Camden,-,    -92.7400 ,   33.6100 ,GTRC,East Camden|Arkansas
AJP,Aerojet,-,   -118.1300 ,   34.1600 ,GTRC,
AJGC,Aerojet General,-,   -121.3000 ,   38.5900 ,GTRC,Rancho Cordova|California
AJR,AJ Rocketdyne,-,   -121.3000 ,   38.5900 ,GTRC,
AJRCP,AJ Rocketdyne,-,   -118.6000 ,   34.2000 ,GTRC,Los Angeles|California
AJRED,Aerojet/Redmond,-,   -122.1200 ,   47.6700 ,AJ,Redmond|Washington
AJRFL,AJ Rocketdyne FL,-,    -80.0600 ,   26.7100 ,AJR,West Palm Beach|Florida
AJRRED,Aerojet/Redmond,-,   -122.1200 ,   47.6700 ,AJR,Redmond|Washington
AJSP,AJ Rock. SPC,-,   -121.3000 ,   38.5900 ,AJR,Rancho Cordova|California
AJRSP,Aerojet SPC,-,   -121.3000 ,   38.5900 ,AJ,
AKAC,Alaska Aerospace,-,   -149.9000 ,   61.2200 ,-,Anchorage|Alaska
AKATT,AT&T Alascom,-,   -149.9000 ,   61.2200 ,-,Anchorage|Alaska
AKCM,Alascom Inc.,-,   -149.9000 ,   61.2200 ,-,Anchorage|Alaska
AKCMR,RCA Alascom,-,   -149.9000 ,   61.2200 ,-,Anchorage|Alaska
ALAER,Allied Aerospace,-,    -76.4800 ,   37.0700 ,-,Newport News|Virginia
ALB,Alberta,-,   -113.5200 ,   53.5200 ,-,Edmonton|Alberta
ALBA,Alba Orbital,-,     -4.2600 ,   55.8500 ,-,Glasgow|Alba / Scotland
ALBAD,Alba Orbital,-,     13.5500 ,   52.4400 ,ALBA,Berlin|
ALBEDO,Albedo Space,-,   -105.0900 ,   39.9200 ,-,Broomfield|Colorado
ALC,Alcatel/Cannes,-,      7.0100 ,   43.5500 ,-,Cannes|Provence-Alpes-Côte d'Azur
ALCAF,Alcatel Alenia F,-,      7.0100 ,   43.5500 ,-,
ALCR,Alcatel Alenia IR,-,     12.4900 ,   41.8900 ,-,Roma|Lazio
ALCS,ALCS,-,   -120.6100 ,   34.7500 ,SAC,
ALCT,Alcatel Alenia I,-,      7.6800 ,   45.0800 ,-,
ALE,ALE,Astro Live Experiences Co. Ltd.,    139.7500 ,   35.6600 ,-,港区|
ALEN,Alenia Spazio,-,      7.6800 ,   45.0800 ,-,Torino|Piemonte
ALENR,Alenia Spazio,-,     12.4900 ,   41.8900 ,-,Roma|Lazio
ALENSP,Alen Space,-,     -8.8100 ,   42.1400 ,-,Nigrán|Galicia
ALIENA,ALIENA,-,    103.9700 ,    1.3400 ,-,Singapore|
ALIEX,AliExpress,-,    120.1700 ,   30.2500 ,-,上城区|浙江省
ALMAG,Almagest IOM,-,      4.4800 ,   54.1500 ,ALMAGU,
ALMAGU,Almagest,-,    -77.2300 ,   39.1300 ,-,Gaithersburg|Maryland
ALMAN,PVO Almaz-Antey,-,     37.6200 ,   55.7500 ,-,Москва|Москва
ALPSP,Alpha Space,-,    -95.3800 ,   29.7600 ,-,Houston|Texas
ALYAH,Yahsat,-,     54.3700 ,   24.4700 ,-,أبو ظبي|أبو ظبي
AMAD,Armenian Air Def.,-,     44.5100 ,   40.1800 ,-,Երևան|
AMAI,Adcole MAI,-,    -76.6900 ,   39.0000 ,-,Crofton|Maryland
AMAN,Aman,-,     50.5900 ,   26.2200 ,-,المنامة|محافظة العاصمة
AMAZ,Amazon,-,   -122.3400 ,   47.6200 ,-,Seattle|Washington
AMBR,AMSAT-BR,-,    -43.2000 ,  -22.9100 ,AMSAT,
AMC,RCA Americom,-,    -74.6600 ,   40.3500 ,-,Princeton|New Jersey
AMCEL,Amcel,-,    -82.3900 ,   35.6000 ,-,Swannanoa|North Carolina
AMCG,GE Americom,-,    -74.6600 ,   40.3500 ,-,Princeton|New Jersey
AMCOM,USA AMCOM,-,    -86.6500 ,   34.6800 ,USA,
AMCR,RCA Globcom,-,    -74.4600 ,   40.5500 ,-,Piscataway Township|New Jersey
AMCS,SES Americom,-,    -74.6600 ,   40.3500 ,SES,Princeton|New Jersey
AMDL,AMSAT-D,AMSAT-Germany,      8.7700 ,   50.8100 ,AMSAT,Marburg|Hessen
AMEA,AMSAT-EA,AMSAT-Spain,     -3.7300 ,   40.3800 ,AMSAT,
AMF,AMSAT-F,AMSAT-France,      2.3000 ,   48.8600 ,AMSAT,Paris|Île-de-France
AMGU,AmGU,Amur State University,    127.5300 ,   50.2800 ,-,Благовещенск|Амурская область
AMHTI,Min. HTI Armenia,Ministry of High Tech Industry,     44.5100 ,   40.1800 ,AM,Երևան|
AMI,AMI,Italian Air Force,     12.4900 ,   41.8900 ,I,Roma|Lazio
AMIL,AMSAT-IL,-,     34.7800 ,   32.0700 ,AMSAT,תל־אביב–יפו|מחוז תל אביב
AMIRK,Amirkabir U,Amir Kabir University of Technology,     51.4100 ,   35.7000 ,-,شهر تهران|استان تهران
AMIT,AMSAT-I,-,     12.4900 ,   41.8900 ,AMSAT,Roma|Lazio
AMLU,AMSAT-LU,-,    -58.3800 ,  -34.6000 ,AMSAT,Buenos Aires|Ciudad Autónoma de Buenos Aires
AMNA,AMSAT-NA,-,    -77.0200 ,   38.9000 ,-,Washington|District of Columbia
AMNL,AMSAT-NL,-,      4.3600 ,   52.0100 ,AMSAT,Delft|Zuid-Holland
AMSAT,AMSAT,-,    -77.0200 ,   38.9000 ,-,
AMPCW,AMPAC-ISP UK,-,     -0.9600 ,   51.8500 ,-,Westcott|England
AMPCS,AMPAC-ISP,-,    -79.0200 ,   43.1000 ,-,City of Niagara Falls|New York
AMRU,AMSAT-R,-,     37.6200 ,   55.7500 ,-,Москва|Москва
AMROC,AMROC,-,   -119.0300 ,   34.2300 ,-,Camarillo|California
AMSC,AMSC,-,    -77.3500 ,   38.9500 ,-,Reston|Virginia
AMUK,AMSAT-UK,-,     -0.7600 ,   52.0400 ,-,Milton Keynes|England
AMVU,AMSAT-VU,-,     77.5800 ,   12.9800 ,-,Bengaluru|Karnataka
AN,AN SSSR,Soviet Academy of Sciences,     37.6200 ,   55.7500 ,-,Москва|Москва
ANBEL,AN Belarus,Belarus Academy of Sciences,     27.5700 ,   53.9000 ,-,
ANCZ,AN Czechia,Czech Academy of Sciences,     14.4200 ,   50.0800 ,-,
ANDRW,Andrews Space,-,   -122.2600 ,   47.4700 ,-,Tukwila|Washington
ANGK,ANGKASA,National Space Agency,    101.6800 ,    3.1300 ,-,Sentral|Kuala Lumpur
ANGKX,ANGKASA-X,Angkasa-X,    101.6800 ,    3.1300 ,-,Sentral|Kuala Lumpur
ANNAU,Anna Univ.,-,     80.2700 ,   13.0800 ,-,Chennai Corporation|Tamil Nadu
ANRF,AN RF,Russian Academy of Sciences,     37.6200 ,   55.7500 ,-,Москва|Москва
ANSAL,Ansar Allah,-,     43.7600 ,   16.9900 ,-,الحمزات|محافظة صعدة
ANSP,Analytical Space,-,    -71.1100 ,   42.3700 ,-,Cambridge|Massachusetts
ANTAR,Antaris Space,-,   -122.1000 ,   37.3700 ,-,Los Altos|California
ANTEL,ANTEL,National Administration of Telecommunications,    -56.1800 ,  -34.8800 ,-,Montevideo|Montevideo
ANTX,Antrix,-,     77.5800 ,   12.9800 ,-,Bengaluru|Karnataka
ANUC,ANUC,-,     -0.2600 ,    6.0900 ,-,Koforidua|Eastern Region
ANUV,Anuvu,-,    104.9500 ,   39.6200 ,-,巴彦诺日公苏木 ᠪᠠᠶᠠᠨᠨᠢᠷᠤᠭᠤᠨ ᠰᠤᠮᠤ|内蒙古自治区 ᠦᠪᠦᠷ ᠮᠣᠩᠭᠤᠯ ᠤᠨ ᠥᠪᠡᠷᠲᠡᠭᠡᠨ ᠵᠠᠰᠠᠬᠣ ᠣᠷᠣᠨ
AOFTB,USA Ord/Ft Bliss,-,   -106.4200 ,   31.8000 ,USA,|Texas
AOGD,Aoyama Gakuin,Aoyama Gakuin University,    139.7100 ,   35.6600 ,-,港区|
AOGMC,USA OGMC,-,    -86.6500 ,   34.6800 ,USA,|Alabama
AOMC,AOMC,-,    -86.6500 ,   34.6800 ,USA,|Alabama
APAERO,AP Aerospace,-,    126.9700 ,   37.5700 ,-,서울특별시|
APAR,Aprize Arg,-,    -58.3800 ,  -34.6000 ,-,Buenos Aires|Ciudad Autónoma de Buenos Aires
APEX,Apex Space,-,   -118.4000 ,   34.0000 ,-,Culver City|California
APGC,APGC,-,    -86.5400 ,   30.4900 ,USAF,Valparaiso|Florida
APL,APL,-,    -76.9000 ,   39.1700 ,-,|Maryland
APLS,APL,-,    -77.0300 ,   39.0000 ,-,Silver Spring|Maryland
APMT,Zhongguo yatai,China Asia Pacific Mobile Telecom. Satellite Co. (APMT),    116.3800 ,   39.9200 ,CALT,西城区|北京市
APOGEO,Apogeo Space,-,     10.1500 ,   45.6000 ,-,Gussago|Lombardia
APPL,Appleton Lab,-,     -0.5700 ,   51.4800 ,SERC,Datchet|England
APRZ,Aprize,-,    -77.3000 ,   38.8500 ,SPQ,Fairfax|Virginia
APSCO,APSCO,Asia-Pacific Space Cooperation Organization,    116.3800 ,   39.9200 ,-,西城区|北京市
APSS,APSS,-,    174.7700 ,   36.8500 ,-,
APT,APT,-,    114.2000 ,   22.3000 ,-,香港島 Hong Kong Island|香港 Hong Kong
APTS,APT Shenzhen,Asia-Pacific Satellite Broadband Communication (Shenzhen),    114.0600 ,   22.5400 ,-,福田区|广东省
APW,APW,Working Group for Space Physics Research,      7.8500 ,   47.9800 ,-,Freiburg im Breisgau|Baden-Württemberg
ARAA,ARAACOM,-,    -94.5800 ,   39.1000 ,USA,Kansas City|Missouri
ARAB,Arabsat,-,     46.7200 ,   24.6300 ,-,الرياض|منطقة الرياض
ARAD,ARADCOM,-,    -94.5800 ,   39.1000 ,USA,Kansas City|Missouri
ARC,ARC,-,   -122.0500 ,   37.4200 ,NASA,|California
ARCAD,Arca Dynamics,-,     12.4600 ,   41.8800 ,-,Roma|Lazio
ARDC,ARDC,-,    -77.0800 ,   38.8800 ,USAF,Arlington|Virginia
ARDCA,ARDC,-,    -71.1100 ,   42.3700 ,USAF,Cambridge|Massachusetts
ARGMA,ARGMA,-,    -86.6500 ,   34.6800 ,AOMC,|Alabama
ARGOT,ArgoTec,-,      7.6800 ,   45.0800 ,-,Torino|Piemonte
ARH,AeRock Holdings,-,   -121.3000 ,   38.5900 ,-,
ARIAQ,Ariane Aquitaine,-,     -0.7200 ,   44.9000 ,ADS,Saint-Médard-en-Jalles|Nouvelle-Aquitaine
ARIB,ArianeGp/Bremen,-,      8.3000 ,   53.0800 ,ADS,
ARIG,ArianeGroup,-,      1.9200 ,   48.9900 ,ADS,Les Mureaux|Île-de-France
ARIU,Ariel U,-,     35.2100 ,   32.1000 ,-,אריאל|יהודה ושומרון
ARKE,ArkEdge,ArkEdge Space,    139.7900 ,   35.6300 ,-,
ARMAD,Armadillo,-,    -96.6100 ,   32.7800 ,-,Mesquite|Texas
ARMF,Armees,French Armed Forces,      2.3000 ,   48.8600 ,F,
ARMT,China ARMT,Academy of Rocket Motors Technology (CASC 4th Academy),    108.9500 ,   34.2700 ,CASC,新城区|陕西省
ARPA,ARPA,-,    -77.0200 ,   38.9000 ,DOD,Washington|District of Columbia
ARPA2,ARPA,-,    -77.0200 ,   38.9000 ,DOD,Washington|District of Columbia
ARR,ARR,Andoya Research Range,     69.2400 ,   16.0200 ,-,
ARRAY,Array Labs,-,   -121.1700 ,   37.4400 ,-,|California
ARRS,Andoya,Andoya Space Center,     69.2400 ,   16.0200 ,-,
ARROW,Arrow Sci Tech,-,    -95.1200 ,   29.5400 ,-,Webster|Texas
ARSAT,AR-SAT,Argentina Satellite Solutions,    -58.3800 ,  -34.6000 ,-,Buenos Aires|Ciudad Autónoma de Buenos Aires
ARSL,Arsenal,Arsenal Design Bureau,     30.3100 ,   59.9400 ,-,Санкт-Петербург|Санкт-Петербург
ARSLO,Arsenal,Arsenal Design Bureau,     30.3100 ,   59.9400 ,ORKK,
ARTEC,USA TEC,-,    -77.1500 ,   38.7200 ,USA,Fort Belvoir|Virginia
ARTOPL,USA ETL,-,    -77.1500 ,   38.7200 ,USA,Fort Belvoir|Virginia
ARTOPO,USA TOPO,-,    -77.1100 ,   38.9800 ,USA,Bethesda|Maryland
ASAL,ASAL,Algerian Space Agency,      3.0600 ,   36.7500 ,-,
ASBC,ASBC,Advanced Space Business Corporation,    139.7500 ,   35.6900 ,-,千代田区|
ASC24,ASC 24,Atsushi Tamura's Space Challege '24,    139.7500 ,   35.6900 ,-,千代田区|
ASC45,45OG Det 2,-,    -14.4100 ,   -7.9800 ,USAF,|
ASCO,ASC,-,    -77.2700 ,   39.1800 ,-,
ASE,ASE,-,    -71.1100 ,   42.3700 ,-,
ASELSN,Aselsan,ASELSAN A.S.,     32.8700 ,   39.9300 ,-,Ankara|Ankara
ASES,Shanghai ASES,Shanghai ASES Spaceflight Technology Co. Ltd.,    121.4700 ,   31.2300 ,ASES0,上海市|上海市
ASES0,ASE Shanghai,Aerospace System Engineering Shanghai,    121.4700 ,   31.2300 ,-,上海市|上海市
ASFL,Airbus Safran,-,      1.9200 ,   48.9900 ,ADS,Les Mureaux|Île-de-France
ASGARD,Asgardia,-,     16.3700 ,   48.2000 ,-,Wien|
ASI,ASI,Italian Space Agency,     12.4900 ,   41.8900 ,I,
ASIA,Asiasat,"Asia Satellite Telecom, Hong Kong",    114.2000 ,   22.3000 ,-,
ASID,Armstrong Sid.,-,     -1.5100 ,   52.4100 ,-,
ASL,ASL,-,   -106.3800 ,   32.4000 ,WSMR,|New Mexico
ASPLB,Aerospacelab,-,      4.6200 ,   40.6300 ,-,
ASTA,AstroA,-,   -119.4900 ,   34.4000 ,-,Carpinteria|California
ASTBT,Astrobotic,-,    -79.9800 ,   40.4400 ,-,Pittsburgh|Pennsylvania
ASTD,Astrium,-,      8.3000 ,   53.0800 ,-,Sandtange|Niedersachsen
ASTDF,Astrium-Frh.,-,      9.4800 ,   47.6500 ,-,Friedrichshafen|Baden-Württemberg
ASTDYN,Astrodyne,-,    -97.4200 ,   31.4300 ,-,McGregor|Texas
ASTRAN,Astranis,-,   -122.4200 ,   37.7800 ,-,
ASTFN,AstroFein,-,     13.3900 ,   52.5200 ,-,
ASTL,Astrium/Lamp.,-,      9.4000 ,   49.2700 ,-,Lampoldshausen|Baden-Württemberg
ASTM,Astrium Barajas,-,     -3.5900 ,   40.4700 ,EADS,
ASTNA,Astrium N America,-,    -95.1200 ,   29.5400 ,ADS,Webster|Texas
ASTO,Astrium/Ottobrunn,-,     11.6700 ,   48.0700 ,-,
ASTRA,Astra LLC,-,   -105.2700 ,   40.0100 ,-,Boulder|Colorado
ASTRIX,Astrix,-,    174.7700 ,   36.8500 ,-,
ASTRV,Astra,-,   -122.2700 ,   37.7600 ,-,Alameda|California
ASTS,AST & Science,-,   -102.2100 ,   31.9400 ,-,
ASTSC,Astroscale,-,    139.6800 ,   35.6800 ,-,渋谷区|
ASTT,Astrium/Toulouse,-,      1.4700 ,   43.5600 ,-,Toulouse|Occitanie
ASTUK,Astrium (UK),-,     -0.2000 ,   51.9000 ,EADS,Stevenage|England
ASU,Arizona SU,-,   -111.9300 ,   33.4200 ,-,
ATECH,Astrotech,-,    -80.8200 ,   28.5900 ,SHAB,Titusville|Florida
ATECHS,Astrotech SO,-,    -76.8900 ,   38.9900 ,SHAB,Greenbelt|Maryland
ATECHT,Astrotech,-,    -97.7300 ,   30.2700 ,-,Austin|Texas
ATEF,ATEF,Technical Association for Rocket Studies,      2.3000 ,   48.8600 ,-,Paris|Île-de-France
ATHERM,Aerotherm,-,   -106.6100 ,   35.1100 ,-,
ATI,ATI,-,   -122.1400 ,   37.4300 ,-,Palo Alto|California
ATK,ATK,-,    -93.4700 ,   44.8500 ,-,Eden Prairie|Minnesota
ATKAB,ATK/Able,-,   -119.8100 ,   34.4400 ,ATK,Goleta|California
ATKABL,ATK ABL,-,    -78.8300 ,   39.5600 ,ATK,|West Virginia
ATKB,ATK Defense,-,    -76.6200 ,   39.2800 ,ATK,Baltimore|Maryland
ATKE,ATK/Elkton,-,    -75.8300 ,   39.6100 ,ATK,Elkton|Maryland
ATKG,ATK GASL,-,    -73.1300 ,   40.8100 ,ATK,Brentwood|New York
ATKP,ATK/Promonotory,-,   -112.5500 ,   41.6200 ,ATK,|Utah
ATKH,Alliant,-,   -112.0800 ,   40.7000 ,ATK,Magna|Utah
ATKL,ATK-Launch,-,   -112.5500 ,   41.6200 ,ATK,
ATKS,ATK Space,-,    -76.9200 ,   39.0400 ,ATK,Beltsville|Maryland
ATKTN,ATK Prop. Ctrls.,-,    -86.2100 ,   35.3700 ,ATK,Tullahoma|Tennessee
ATLA,ARC,-,    -77.0500 ,   38.8000 ,-,Alexandria|Virginia
ATLC,ARC MSD,-,   -117.9100 ,   33.6700 ,-,Costa Mesa|California
ATLCA,ARC Camden,-,    -92.7400 ,   33.6100 ,-,East Camden|Arkansas
ATLH,ATL Ltd,-,     19.0500 ,   47.6200 ,-,Budakalász|
ATLL,ARC Corp,-,    -79.0200 ,   43.1000 ,-,City of Niagara Falls|New York
ATLM,ARC Monrovia,-,   -118.0000 ,   34.1500 ,-,Monrovia|California
ATLR,ARC Corp,-,    -77.6200 ,   38.7900 ,-,
ATLRA,ARC Corp,-,    -77.6200 ,   38.7900 ,AJGC,|Virginia
ATLU,RO,-,     -0.9600 ,   51.8500 ,-,Westcott|England
ATMIR,Austromir,-,     16.3600 ,   48.2100 ,BMWFO,Wien|
ATMOS,ATMOS Space Cargo,-,      8.0100 ,   48.7300 ,-,Ulm|Baden-Württemberg
ATOMOS,Atomos,-,   -105.1100 ,   39.9100 ,-,|Colorado
ATSB,ATSB,-,    101.5100 ,    3.0700 ,-,Shah Alam|Selangor
ATSP,ATSpace,-,    138.5300 ,   34.8500 ,TISPACE,静岡市|
ATT,AT&T,-,    -74.6900 ,   40.6700 ,-,
ATTH,AT&T HI,-,   -157.8200 ,   21.3000 ,ATT,East Honolulu|Hawaii
ATTS,AT&T Skynet,-,    -74.6900 ,   40.6700 ,ATT,
AUBU,Auburn U,-,    -85.4900 ,   32.6000 ,-,
AUCZ,Astron. Ustav.,Astronomical Institute of the Czech Academy of Sciences,     14.7800 ,   49.9200 ,ANCZ,
AUDACY,Audacy,-,   -122.0800 ,   37.3900 ,-,
AUDISR,Australia DIISR,-,    149.1200 ,   35.3100 ,AU,
AUINS,Aurora Insight,-,    -77.0200 ,   38.9000 ,-,
AUINSH,Aurora Insight,-,    -77.0200 ,   38.9000 ,HE360,Washington|District of Columbia
AUINSM,Aurora Insight,-,    -77.0200 ,   38.9000 ,MAXAR,Washington|District of Columbia
AURAK,AURAK,-,     55.9500 ,   25.7800 ,-,
AURFS,Aurora Flt.Sci.,-,    -77.5156 ,   38.7214 ,BOE,
AURFSC,Payload Systems,-,    -71.0800 ,   42.3700 ,-,
AURPT,Aurora PT,-,     24.6600 ,   60.2100 ,-,Espoo|Uusimaa
AURRI,Aurora College,-,   -133.7300 ,   68.3600 ,-,Inuvik|Northwest Territories
AUSA,AUSA,-,    138.6000 ,  -34.9200 ,-,
AUSP,Auspace,-,    149.1700 ,  -35.3300 ,-,Canberra|
AUSS,Aussat,-,    151.2100 ,  -33.8700 ,-,Sydney|New South Wales
AUT,AUT,Aichi University of Technology,    137.1900 ,   34.8300 ,-,幸田町|
AVANTI,Avanti,-,     -0.1100 ,   51.5100 ,-,City of London|England
AVCO,Avco,-,    -71.1700 ,   42.5500 ,-,Wilmington|Massachusetts
AVIB,Avibras,-,    -45.8800 ,  -23.1900 ,-,São José dos Campos|São Paulo
AVIO,Avio,-,     13.0200 ,   41.7300 ,-,Segni|Lazio
AVKO,AVKO,-,      8.6900 ,   53.8600 ,-,Cuxhaven|Niedersachsen
AVS,AVS,-,     -2.6800 ,   42.9100 ,-,Zigoitia|Euskadi
AVSP,Avant Space,Avant Space,     37.3600 ,   55.7000 ,-,Москва|Москва
AWS,AWS,-,    -94.5900 ,   37.1200 ,USAF,|Missouri
AXEL,AXELSPACE,-,    139.7500 ,   35.6900 ,-,千代田区|
AXIOM,Axiom Space,-,    -95.1100 ,   29.5600 ,-,
AZBST,Azista BST,-,     72.5800 ,   23.0300 ,-,Ahmedabad|Gujarat
AZER,Azerkosmos,"Azerkosmos, Min. of Comms and IT.",     49.8800 ,   40.4000 ,AZRITN,Bakı İnzibati Ərazisi|
AZRITN,Azerspace,Ministry of Communications and Information Technnology,     49.8800 ,   40.4000 ,-,Bakı İnzibati Ərazisi|
B1440,Byuro 1440,-,     37.6000 ,   55.7700 ,-,Москва|Москва
BABCK,Babcock,-,     -0.1500 ,   51.5200 ,-,City of London|England
BABTS,Babakin,-,     37.4500 ,   55.9000 ,NPOL,Химки|Московская область
BAC,BAC,-,     -2.5700 ,   51.5100 ,-,Bristol|England
BACB,Bristol/Banwell,-,     -2.8600 ,   51.3300 ,-,Banwell|England
BAEB,BAE Sys. Boulder,-,   -105.2700 ,   40.0100 ,BAES,Boulder|Colorado
BAEF,BAE Filton,-,     -2.5700 ,   51.5100 ,-,Bristol|England
BAEG,BAE Sys DI,-,     -0.6200 ,   51.2400 ,BAES,Guildford|England
BAENH,BAE NH,-,    -71.4600 ,   42.7600 ,-,Nashua|New Hampshire
BAES,BAe,-,     -0.2000 ,   51.9000 ,-,Stevenage|England
BAJ,BAJ CA,-,    -97.1400 ,   49.9000 ,-,Winnipeg|Manitoba
BAJUK,BAJ UK,-,     -2.8600 ,   51.3300 ,-,Banwell|England
BAL,BAL,-,    -97.1400 ,   49.9000 ,-,Winnipeg|Manitoba
BALM,BAL (Magellan),-,    -97.1400 ,   49.9000 ,-,Winnipeg|Manitoba
BALL,Ball,-,   -105.2700 ,   40.0100 ,-,Boulder|Colorado
BAMA,U Alabama,-,    -87.5461 ,   33.2108 ,-,Tuscaloosa|Alabama
BAS,BAS,-,      0.1000 ,   52.2100 ,-,Cambridge|England
BAUM,MGTU Bauman,Baumann Moscow State Technical University,     37.6800 ,   55.7700 ,-,Москва|Москва
BAYCH,Bayern-Chemie,-,     12.3600 ,   48.2000 ,-,Aschau am Inn|Bayern
BAYI,Bayi School,Beijing Bayi School,    116.3800 ,   39.9200 ,-,西城区|北京市
BAZMQ,BAZOOMQ,-,     44.5100 ,   40.1800 ,-,Երևան|
BBRI,BlackBridge,-,     12.5300 ,   52.4200 ,-,Brandenburg an der Havel|Brandenburg
BCCT,Bangkok Cr.Col.,Bangkok Christian College,    100.5200 ,   13.7200 ,-,กรุงเทพมหานคร|
BCSCL,BCSCL,-,     90.4000 ,   23.7200 ,BTRC,ঢাকা|ঢাকা বিভাগ
BDS,Bonyan Danesh,-,     51.3900 ,   35.6900 ,-,شهر تهران|استان تهران
BDSAGR,GZH-NHK BDS AGR,GHZ-NHK BDS Agricultural Tech. Co.,    113.6500 ,   34.7500 ,-,郑州市|河南省
BDSEN,BD SENSORS,-,     17.3400 ,   49.0800 ,-,Buchlovice|Střední Morava
BELGU,NIU BelGU,Belgorod State University,     36.5800 ,   50.5900 ,-,Белгород|Белгородская область
BELINT,Belintersat,Belintersat,     27.5700 ,   53.9000 ,ZTZM,Мінск|
BELL,Bell,-,    -79.0200 ,   43.1000 ,-,City of Niagara Falls|New York
BELM,Belg. Luchtmacht,Belgian Air Force,      4.3500 ,   50.8500 ,-,Bruxelles - Brussel|
BELT,Bell,-,    -79.0200 ,   43.1000 ,-,City of Niagara Falls|New York
BENCH,Benchmark,-,    -73.2100 ,   44.4700 ,-,Burlington|Vermont
BENDX,Bendix,-,    -83.7500 ,   42.2800 ,-,Ann Arbor|Michigan
BERG,Bergen,University of Bergen,      5.3200 ,   60.3900 ,-,Bergen|
BERN,Bern,Bern University,      7.4400 ,   46.9500 ,-,Bern|Bern/Berne
BGOPT,BG-Optiks,BG Optics,     37.6800 ,   55.7700 ,-,Москва|Москва
BGRAT,Beyond Gravity AT,Beyond Gravity Austria,     16.3700 ,   48.2000 ,RUAG,Wien|
BGRAZ,Beyond Gravity,-,      8.3000 ,   47.0800 ,-,Emmen|Luzern
BGSAT,Bulgaria Sat,-,     25.6500 ,   42.4300 ,BULSAT,Стара Загора|Стара Загора
BGTU,BGTU,"Baltic State Technical U. ""Voenmekh"" D.F. Ustinov",     30.3200 ,   59.9200 ,-,Санкт-Петербург|Санкт-Петербург
BGU,Ben-Gurion U.,Ben-Gurion University of the Negev,     34.8100 ,   31.2600 ,-,באר שבע|מחוז הדרום
BHSJ,Beijing HSJ,Beijing Aerospace World View Information Technology Ltd,    116.3800 ,   39.9200 ,-,西城区|北京市
BIGEL,Bigelow,-,   -115.1500 ,   36.2300 ,-,North Las Vegas|Nevada
BINA,Binariang,-,    101.6800 ,    3.1300 ,-,Sentral|Kuala Lumpur
BIR,Bir,-,     -1.9300 ,   52.4500 ,-,Birmingham|England
BISME,BISME,Beijing Inst. of Space Machinery and Electricity,    116.3800 ,   39.9200 ,CAST,西城区|北京市
BIT,BIT,Beijing Inst. of Technology,    116.3100 ,   39.9600 ,-,海淀区|北京市
BIUST,BIUST,-,     27.1300 ,  -22.5500 ,-,Palapye|Central District
BKSA,BAKSA,Space Science Division,    101.6800 ,    3.1300 ,-,Sentral|Kuala Lumpur
BLCAN,Blue Canyon,-,   -105.2700 ,   40.0100 ,-,Boulder|Colorado
BLMIT,BLMIT,Beijing Landview Mapping Information Technology Co.,    116.3000 ,   39.9600 ,21AT,海淀区|北京市
BLOR,Blue Origin,-,   -122.2300 ,   47.3800 ,-,Kent|Washington
BLORCC,Blue Origin,-,    -80.6800 ,   28.5100 ,-,|Florida
BLORH,Blue Origin,-,    -86.6900 ,   34.7300 ,-,Huntsville|Alabama
BLORTX,Blue Origin,-,   -104.8300 ,   31.0400 ,BLOR,Van Horn|Texas
BLOT,Blue Origin,-,   -104.8300 ,   31.0400 ,BLOR,Van Horn|Texas
BLS,Boeing,-,   -118.0000 ,   33.6900 ,BOHB,Huntington Beach|California
BLSKSP,Blue Skies Space,-,     -0.0800 ,   51.5200 ,-,City of London|England
BMBF,BMBF,Ministry of Education and Research,      7.1000 ,   50.7300 ,D,Bonn|Nordrhein-Westfalen
BMBW,BMBW,Ministry of Education and Science,      7.1000 ,   50.7300 ,D,Bonn|Nordrhein-Westfalen
BME,BME,Budapest University of Technology and Economics,     19.0600 ,   47.4800 ,-,Budapest|
BMFT,BMFT,Ministry of Research and Technology [Merged with BMBW?],      7.1000 ,   50.7300 ,D,Bonn|Nordrhein-Westfalen
BMDO,BMDO,-,    -77.0600 ,   38.8700 ,DOD,Arlington|Virginia
BMWF,BMwF,Federal Ministry for Scientific Research,      7.1000 ,   50.7300 ,D,Bonn|Nordrhein-Westfalen
BMWFO,BMWF Austra,Federal Ministry for Science and Research,     16.3600 ,   48.2100 ,-,Wien|
BMVG,BMVg,Federal Ministry of Defense,      7.0400 ,   50.7000 ,D,Bonn|Nordrhein-Westfalen
BNAP,BNA/Palmdale,-,   -118.1000 ,   34.5800 ,BOE,Palmdale|California
BNC,BNCSR,-,     -0.1300 ,   51.5000 ,-,City of Westminster|England
BNC1,BNCSR SRC,-,     -0.1300 ,   51.5000 ,SRC,City of Westminster|England
BNSC,BNSC,-,     -1.7800 ,   51.5600 ,-,Swindon|England
BNSSA,Bahrain NSSA,National Space Science Agency,     50.5900 ,   26.2200 ,-,المنامة|محافظة العاصمة
BNU,BNU,Beijing Normal University,    116.3600 ,   39.9600 ,-,海淀区|北京市
BO2,Boeing,-,   -122.3000 ,   47.5400 ,BOE,Seattle|Washington
BOC,Boeing,-,   -122.3000 ,   47.5700 ,BOE,Seattle|Washington
BOCC,Boeing C.Crew,-,    -80.6000 ,   28.6100 ,BOC3PF,|Florida
BOC3PF,Boeing C3PF,-,    -80.6000 ,   28.6100 ,BOE,|Florida
BOCH,Bochum,Bochum Ruhr University,      7.2600 ,   51.4400 ,-,Bochum|Nordrhein-Westfalen
BOCP,Boeing/CanogaP,-,   -118.6000 ,   34.2000 ,BOE,Los Angeles|California
BOE,Boeing,-,   -122.3000 ,   47.5400 ,-,Seattle|Washington
BOEDD,Boeing EDD,-,   -118.3400 ,   33.8300 ,-,Torrance|California
BOEI,Japan MoD,Japan Defense Ministry,    139.7400 ,   35.6900 ,-,千代田区|
BOES,Boeing/ES,-,   -118.4100 ,   33.9200 ,BOE,El Segundo|California
BOHB,Boeing/HB,-,   -118.0000 ,   33.6900 ,BOE,Huntington Beach|California
BOHPS,Boeing/Houston,-,    -95.3800 ,   29.7600 ,BOE,Houston|Texas
BOHSV,Boeing/HSV,-,    -86.5900 ,   34.7300 ,BOE,Huntsville|Alabama
BOHSM,Boeing/HSV,-,    -86.5900 ,   34.7300 ,BOE,Huntsville|Alabama
BOKSC,Boeing/KSC,-,    -80.7900 ,   28.5200 ,BOE,Titusville|Florida
BOKT,Boeing/Kent,-,   -122.2300 ,   47.3800 ,BOE,Kent|Washington
BOL,Bologna,-,     11.3400 ,   44.4900 ,-,Bologna|Emilia-Romagna
BOLK,Bolkow,-,     11.6700 ,   48.0700 ,-,
BOMI,Boeing/MAF,-,    -89.9200 ,   30.0200 ,BOE,New Orleans|Louisiana
BOMILL,Millenium  ES,-,   -118.4100 ,   33.9200 ,MILLEN,El Segundo|California
BOMIS,Boeing MAF,-,    -89.9200 ,   30.0200 ,-,New Orleans|Louisiana
BONN,Bonn,-,      7.1000 ,   50.7300 ,-,Bonn|Nordrhein-Westfalen
BONUM,BONUM-1,-,     37.6200 ,   55.7500 ,-,Москва|Москва
BOOZA,Booz Allen,-,    -77.1800 ,   38.9300 ,-,McLean|Virginia
BOPBL,Boeing/Pueblo,-,   -104.6200 ,   38.2700 ,BOE,Pueblo|Colorado
BOPW,Boeing/St Louis,-,    -90.2000 ,   38.6300 ,BOE,Saint Louis|Missouri
BOSE,Boeing/Houston,-,    -95.3800 ,   29.7600 ,BOE,
BOSB,Boeing/Seal Beach,-,   -118.0800 ,   33.7600 ,BOE,Seal Beach|California
BOSL,SeaLaunch,-,   -118.2000 ,   33.7700 ,SEALP,Long Beach|California
BOTUL,Boeing/Tulsa,-,    -95.9400 ,   36.1300 ,BOE,Tulsa|Oklahoma
BOUT,Boeing/Ogden,-,   -111.9600 ,   41.2300 ,BOE,Ogden|Utah
BPD,BPD,BPD Defense and Space,     13.0200 ,   41.7300 ,-,Segni|Lazio
BPT,BPT,-,      6.9500 ,   50.9400 ,DFVLR,Köln|Nordrhein-Westfalen
BRCTA,CTA Brasil,General Command for Aerospace Technology,    -45.8800 ,  -23.1900 ,-,São José dos Campos|São Paulo
BREC,Bristol Engines,-,     -2.5700 ,   51.5100 ,-,Bristol|England
BREI,Breisach,Ionosphere Research Insitute,      7.5800 ,   48.0300 ,-,Breisach am Rhein|Baden-Württemberg
BREM,Bremen,University of Bremen,      8.3000 ,   53.0800 ,-,Sandtange|Niedersachsen
BRAC,BRAC Univ.,-,     90.4100 ,   23.7800 ,-,ঢাকা|ঢাকা বিভাগ
BRAE,Bristol Aero Eng,-,     -2.5700 ,   51.5100 ,-,Bristol|England
BRIC,Bristol Ae.,-,    -97.1400 ,   49.9000 ,-,Winnipeg|Manitoba
BRID,Bank Rakyat Id.,-,    106.8200 ,   -6.2000 ,-,Jakarta Pusat|
BRIN,BRIN,National Research and Innovation Agency,    106.8200 ,   -6.2000 ,-,Jakarta Pusat|
BRIS,Bristol,-,     -2.6000 ,   51.4600 ,-,Bristol|England
BRL,BRL,-,    -76.1700 ,   39.5100 ,USA,Aberdeen|Maryland
BRONC,Bronco Space,-,   -117.8200 ,   34.0600 ,-,Pomona|California
BROWN,Brown Univ.,-,    -71.4000 ,   41.8300 ,-,Providence|Rhode Island
BRSW,Braunschweig,Braunschweig Technical University,     10.5300 ,   52.2700 ,-,Braunschweig|Niedersachsen
BRUNSW,Brunswick Corp.,-,   -117.9100 ,   33.6700 ,-,Costa Mesa|California
BRVCC,BrevardCC,-,    -80.6700 ,   28.1700 ,-,Melbourne|Florida
BSAT,BSAT,Broadcasting Satellite System Corp.,    139.7000 ,   35.6600 ,-,渋谷区|
BSB,BSB,-,     -0.1900 ,   51.4600 ,-,Greater London|England
BSC,NASA BSC,-,    -76.8900 ,   38.9900 ,NASA,Greenbelt|Maryland
BSEL,Bristol Siddeley,-,     -2.5700 ,   51.5100 ,-,Bristol|England
BSELC,Bristol Siddeley,-,     -1.4200 ,   52.4500 ,-,Rugby|England
BSELL,Bristol Siddeley,-,     -0.4000 ,   51.7000 ,-,Watford|England
BSKB,BSkyB,-,     -0.3400 ,   51.4700 ,-,Greater London|England
BSKG,BlackSky Global,-,   -122.2600 ,   47.4700 ,SFLIN,Tukwila|Washington
BST,Berlin Space T.,Berlin Space Technologies GmbH,     13.5500 ,   52.4400 ,-,Berlin|
BSUBY,Belarus SU,Belarusian State Univesity,     27.5700 ,   53.9000 ,-,Мінск|
BTDITT,Dept of IT/Tel,-,     89.6400 ,   27.4700 ,-,ཐིམ་ཕུག|ཐིམ་ཕུ་རྫོང་ཁག་
BTL,AT&T/BTL,-,    -74.4000 ,   40.7000 ,-,New Providence|New Jersey
BTLW,AT&T/BTL-W,-,    -74.4200 ,   40.8200 ,BTL,Hanover Township|New Jersey
BTRC,BTRC,Bangladesh Telecommunications Regulatory Commission,     90.4000 ,   23.7200 ,-,ঢাকা|ঢাকা বিভাগ
BTWK,Beijing TWK,Beijing Comsat Technology Development Co. Ltd.,    116.3800 ,   39.9200 ,-,西城区|北京市
BU,BU,-,    -71.1000 ,   42.3500 ,-,Boston|Massachusetts
BUAA,Beihang,Beijing University of Aeronautics and Astronautics,    116.3500 ,   39.9800 ,-,海淀区|北京市
BUAER,USN BuAer,-,    -77.0200 ,   38.9000 ,USN,Washington|District of Columbia
BUAERG,USN BuAer GMD,-,    -77.0200 ,   38.9000 ,BUAER,Washington|District of Columbia
BUCU,U. Bucharest,University of Bucharest,     26.1000 ,   44.4400 ,-,București|
BULSAT,Bulsatcom,-,     25.6500 ,   42.4300 ,-,Стара Загора|Стара Загора
BUORD,USN BuOrd,-,    -77.0200 ,   38.9000 ,USN,Washington|District of Columbia
BUSEK,Busek,-,    -71.3500 ,   42.2800 ,-,Natick|Massachusetts
BUWEPS,USN BuWeps,-,    -77.0200 ,   38.9000 ,USN,Washington|District of Columbia
BWB,BWB,Federal Office of Defense Technology and Procurement,      7.6000 ,   50.3600 ,BWEHR,Koblenz|Rheinland-Pfalz
BWEHR,Bundeswehr,-,      7.1000 ,   50.7300 ,-,Bonn|Nordrhein-Westfalen
BWYIC,BWYIC,[Same as CALT?],    116.5100 ,   39.8100 ,CALT,大兴区|北京市
BYU,BYU,-,   -111.6500 ,   40.2500 ,-,Provo|Utah
BYXYS,BYXYS,Beijing Institute of Remote Sensing Info. (GS Aerospace Reco,    116.3300 ,   40.0400 ,-,海淀区|北京市
C360,Cinema 360,-,   -110.9500 ,   32.2300 ,-,Tucson|Arizona
C3S,C3S,-,     19.0500 ,   47.4900 ,-,Budapest|
CABVS,Cablevision,-,    -73.4800 ,   40.7500 ,-,Bethpage|New York
CACI,CACI,-,    -77.3500 ,   38.9500 ,-,Reston|Virginia
CAL,Columbia,-,    -73.9600 ,   40.8100 ,-,City of New York|New York
CALET,CALET,-,    139.7200 ,   35.7100 ,WASEDA,新宿区|
CALG,Calgary,-,   -114.1300 ,   51.0800 ,-,Calgary|Alberta
CALP,Cal Poly,-,   -120.6600 ,   35.3000 ,-,|California
CALT,CALT,Chinese Academy of Launch Vehicle Technology (CASC 1st Acad),    116.3900 ,   39.7800 ,CASC,大兴区|北京市
CALTQ,CALT,Chinese Academy of Launch Vehicle Technology (Sea Launch),    120.3100 ,   36.0600 ,CALT,市南区|山东省
CAM,Cambridge,-,      0.1000 ,   52.2100 ,-,Cambridge|England
CAMSAT,CAMSAT,-,    116.3800 ,   39.9200 ,-,西城区|北京市
CANON,Canon STL,Canon Electronics Ltd.,    139.6800 ,   35.6800 ,-,渋谷区|
CANOP,Canopus Sys,-,   -122.0800 ,   37.3900 ,DAUR,Mountain View|California
CAPSP,Capella Space,-,   -122.1400 ,   37.4300 ,-,Palo Alto|California
CAPTU,Capitol Tech,-,    -76.8500 ,   39.0500 ,-,Laurel|Maryland
CARDE,CARDE,-,    -71.5000 ,   46.9000 ,-,Saint-Gabriel-de-Valcartier|Québec
CARDU,Cardiff,-,     -3.1800 ,   51.4900 ,-,Cardiff|Cymru / Wales
CAREWX,Care Weather,-,   -111.6600 ,   40.2400 ,-,Provo|Utah
CARTH,Carthage College,-,    -87.8200 ,   42.6200 ,-,Kenosha|Wisconsin
CAS,CAS,Chinese Academy of Sciences,    116.3800 ,   39.9200 ,-,西城区|北京市
CAS581,581 Group,CAS 581 Group (space science),    116.3800 ,   39.9200 ,-,西城区|北京市
CASA,CASA,-,     -3.5900 ,   40.4700 ,-,Madrid|Comunidad de Madrid
CASAG,CASA,-,     -3.7300 ,   40.3000 ,-,Getafe|Comunidad de Madrid
CASC,CASC,China Aerospace Corp,    116.3800 ,   39.9200 ,-,西城区|北京市
CASC1,CASC,China Aerospace Sci/Tech Corp,    116.3800 ,   39.9200 ,-,
CASC2A,2nd Acad. 7thM.,2nd Academy of 7th Machine Building Ministry,    116.3800 ,   39.9200 ,CASC,
CASC6A,6th Acad  7thM.,Academy of Aerospace Propulsion Technology,    108.9500 ,   34.2700 ,CASC,新城区|陕西省
CASC6A1,6th Acad  CASC,Academy of Aerospace Propulsion Technology,    108.9500 ,   34.2700 ,CASC,新城区|陕西省
CASDN,CASDN,National Defense Science Action Committee,      2.3000 ,   48.8600 ,-,Paris|Île-de-France
CASG2,Geophysics 2,CAS Geophysics 2nd Office,    116.3800 ,   39.9200 ,-,
CASIC,CASIC,China Aerospace Science and Industry Corp.,    116.3000 ,   39.9600 ,-,
CASIC2A,CASIC 2nd Acad,CASIC 2nd Academy,    116.3800 ,   39.9200 ,CASIC,
CASIC4A,CASIC 4th Acad,CASIC 4th Academy,    116.3800 ,   39.9200 ,CASIC,西城区|北京市
CASIE,CAS Inst.Elec.,CAS Institute of Electronics,    116.3000 ,   39.9600 ,CAS,
CASIOM,CAS IOM,CAS Institute of Mechanics,    116.3000 ,   39.9600 ,CAS,海淀区|北京市
CAST,CAST,"Chinese Academy of Space Technology, Beijing (CASC 5th Acad)",    116.3000 ,   39.9600 ,CASC,
CASTBZ,CAST BSF,Beijing Satellite Factory,    116.3000 ,   39.9600 ,CAST,
CASTIX,CAST IX Center,CAST International Exchange Center,    116.3800 ,   39.9200 ,CAST,
CASTL,CASIC STL,CASIC Space Technology Ltd (CASIC 1st Acad?),    116.3000 ,   39.9600 ,CASIC,海淀区|北京市
CATAP,Catapult,-,     -1.3100 ,   51.5800 ,OMS,
CATHU,Catholic U,-,    -77.0000 ,   38.9300 ,-,Washington|District of Columbia
CATON,Caton Univ. Tech,Beijing Caton Universal Technology Co. Ltd.,    116.3800 ,   39.9200 ,-,西城区|北京市
CBKPL,CBK,"Space Research Center, Polish Academy of Sciences",     21.0200 ,   52.2300 ,-,Warszawa|województwo mazowieckie
CBMET,CBMET,-,    144.9600 ,  -37.8100 ,-,Melbourne|Victoria
CCSST,CCSST,"Center for Space Science and Technology, CAS",    116.3800 ,   39.9200 ,CAS,
CCTV,CCTV,China Central Television,    116.3800 ,   39.9200 ,-,西城区|北京市
CDTI,CDTI,Centre for the Development of Industrial Technology,     -3.7300 ,   40.4500 ,-,Madrid|Comunidad de Madrid
CEA,CEA,-,      2.1700 ,   48.7300 ,-,Saclay|
CECOM,USA CECOM,-,    -74.0500 ,   40.3100 ,USA,Eatontown|New Jersey
CECOMA,USA CECOM (A),-,    -76.1400 ,   39.4700 ,USA,
CEIIA,CEIIA,-,     -8.7000 ,   41.1800 ,-,Matosinhos|
CEITEC,CEITEC,-,     16.6100 ,   49.1900 ,-,
CEL,CEL,-,     -1.2500 ,   44.4500 ,DGA,
CELML,CELM Landes,-,     -1.2500 ,   44.4500 ,DGA,Biscarrosse|Nouvelle-Aquitaine
CELES,Celesco,-,   -117.9100 ,   33.6700 ,-,
CENTI,Centispace,Beijing Future Navigation Technology Co. Ltd.,    116.3800 ,   39.9200 ,-,
CERCOM,USA CERCOM,-,    -74.0500 ,   40.3100 ,USA,Eatontown|New Jersey
CERD,CERD,Djibouti Center for Studies and Research,     43.1500 ,   11.5900 ,-,
CERHU,MTA ER,MTA Centre for Energy Research,     19.0500 ,   47.4900 ,-,Budapest|
CERMA,CERMA,-,      2.3000 ,   48.6100 ,-,Brétigny-sur-Orge|Île-de-France
CERN,CERN,European Organization for Nuclear Research (CERN),      6.0500 ,   46.2300 ,-,Saint-Genis-Pouilly|Auvergne-Rhône-Alpes
CESARO,Cesaroni,-,    -79.3800 ,   43.9400 ,-,Whitchurch-Stouffville|Ontario
CESBIO,CESBIO,-,      1.4700 ,   43.5600 ,TLS,Toulouse|Occitanie
CESIUM,Cesium,-,    -97.9500 ,   30.3100 ,-,
CESR,CESR,Center for Radiation Space Studies,      1.4700 ,   43.5600 ,-,
CETEF,CETEF,Center for Physical Tech. L Torres Quevedo,     -3.7200 ,   40.3800 ,-,Madrid|Comunidad de Madrid
CEVRO,CEVRO,-,     14.4200 ,   50.0800 ,-,Hlavní město Praha|Praha
CFCA,CF,-,    -75.6800 ,   45.4200 ,-,
CFTH,CFTH,-,      2.3000 ,   48.8600 ,-,
CFTHB,CFTH-HB,-,      2.3000 ,   48.8600 ,-,
CGS,CGS,-,      9.1800 ,   45.4700 ,FUCHS,
CGSO,CGS,-,      9.1800 ,   45.4700 ,FUCHS,
CGSTL,Changguang WJ,Chang Guang Satellite Technology Ltd,    125.3200 ,   43.8900 ,CIOMP,
CGSTZ,Zhejiang CG,Zhejiang Chuang Guang Satellite Information Tech Co. Ltd.,    119.9800 ,   30.5400 ,-,湖州市|浙江省
CHAIL,Cutler-Hammer/AIL,-,    -73.6400 ,   40.7400 ,-,
CHDB,China DBSAT,China Direct Broadcast Satellite Co.,    116.3800 ,   39.9200 ,CHIS,西城区|北京市
CHFEN,CASIC 2nd Acad,China Changfeng Mechanics and Electronics Tech Academy  (CAS,    116.3800 ,   39.9200 ,CASIC,西城区|北京市
CHGU,Chechen State U,A.A. Kadyrov Chechen State University,     45.7000 ,   43.3100 ,-,Грозный|Чечня
CHIBA,Chiba kogyu,Chiba Institute of Technology,    140.0200 ,   35.6900 ,-,習志野市|
CHIC,Chicago,-,    -87.6000 ,   41.7900 ,-,Chicago|Illinois
CHIS,Chinasat,China Satellite Communications Crop.,    116.3000 ,   39.9600 ,-,海淀区|北京市
CHISA,China Satcom,China Satellite Communications Corp. Group (China Satcom),    116.3000 ,   39.9600 ,-,海淀区|北京市
CHISAE,China Satcom,China Satellite Communications Corp. Group (China Satcom),    116.3000 ,   39.9600 ,CASC,海淀区|北京市
CHORI,China Orient,China Orient Telecom Satellite Co. Ltd.,    116.4100 ,   39.9200 ,CHIS,东城区|北京市
CHOSU,Chosun U,Chosun University,    126.9300 ,   35.1400 ,-,광주광역시|
CHUNG,Chunghwa Tel,Chunghaw Telecom,    120.9800 ,   24.8200 ,-,新竹市|
CHRMI,Chrysler-MAF,-,    -89.9200 ,   30.0200 ,-,New Orleans|Louisiana
CHRY,Chrysler,-,    -83.0300 ,   42.5800 ,-,Sterling Heights|Michigan
CIA,CIA,-,    -77.1600 ,   38.9500 ,-,McLean|Virginia
CIAB,CIA DST OD&E,-,    -77.1600 ,   38.9500 ,NRO,McLean|Virginia
CIAG,IAG,Institute for Applied Geophysics,    116.3800 ,   39.9200 ,-,西城区|北京市
CIEL,Ciel,-,    -75.9000 ,   45.3300 ,-,Ottawa|Ontario
CIFAS,CIFAS,-,      1.9200 ,   48.9900 ,-,Les Mureaux|Île-de-France
CIFTQ,CIFTQ,Center for Physics Investigations. L Torres Quevedo,     -3.7200 ,   40.3800 ,-,Madrid|Comunidad de Madrid
CIN,Cincinnati,-,    -84.5200 ,   39.1300 ,-,Cincinnati|Ohio
CIOMP,CIOMP,"Changchun Inst of Optics, Fine Mechanics and Physics",    125.3200 ,   43.8900 ,CAS,南关区|吉林省
CISIR,CISIR,-,    -79.8400 ,    6.9300 ,-,
CISP,ISP,Institute for Space Physics,    116.3800 ,   39.9200 ,-,西城区|北京市
CISP5,CISP5,5th Institute for Space Physics,    116.3800 ,   39.9200 ,-,西城区|北京市
CIT,Caltech,-,   -118.1300 ,   34.1400 ,-,Pasadena|California
CITED,CITEDEF,-,    -63.2400 ,  -32.4100 ,-,Villa María|Córdoba
CITEF,CITEFA,-,    -64.4600 ,  -31.5900 ,-,Falda del Carmen|Córdoba
CLAAC,AAC ClydeSpace,-,     -4.2500 ,   55.8600 ,AACM,Glasgow|Alba / Scotland
CLARK,D. Clark,-,    -71.8000 ,   42.2700 ,-,Worcester|Massachusetts
CLASP,CU-LASP,-,   -105.2700 ,   40.0100 ,UCO,Boulder|Colorado
CLEM,Clemson,-,    -82.8300 ,   34.6800 ,-,Clemson|South Carolina
CLEP,THGZ,China Lunar Exploration and Aerospace Engineering Center,    116.3800 ,   39.9200 ,CNSA,西城区|北京市
CLSR,CLSR Sofia,-,     23.3300 ,   42.7000 ,-,София|София-град
CLYDE,ClydeSpace,-,     -4.2500 ,   55.8600 ,-,Glasgow|Alba / Scotland
CMA,CMA,China Meteorological Administration,    116.3800 ,   39.9200 ,-,西城区|北京市
CMIHS,Clark MIHS,-,    142.1300 ,   43.7300 ,-,深川市|
CMIK,NK Missile Div,"Strategic Rocket Division, Ministry of People's Armed Forces",      0.0200 ,   39.0200 ,KPA,|
CMMB,CMMB Vision,CMMB Vision Holdings (China Mobile Multimedia Broadcasting),    114.2000 ,   22.3000 ,-,香港島 Hong Kong Island|香港 Hong Kong
CMSEO,ZZHGB,China Manned Space Engineering Office,    116.3800 ,   39.9200 ,ZZB,西城区|北京市
CMU,CMU,-,    -79.9400 ,   40.4400 ,-,Pittsburgh|Pennsylvania
CNAE,CNAE,Space Activities Comission,    -43.2000 ,  -22.9100 ,-,Rio de Janeiro|Rio de Janeiro
CNCOS,GKJGW,"Commission for Science, Tech. and Industry for National Defe",    116.3800 ,   39.9200 ,-,西城区|北京市
CNES,CNES,National Space Research Center,      2.3000 ,   48.8600 ,-,Paris|Île-de-France
CNESB,CNES CSB,Bretigny Space Center,      2.3000 ,   48.6100 ,CNES,Brétigny-sur-Orge|Île-de-France
CNEST,CNES CST,Toulouse Space Center,      1.4400 ,   43.6000 ,CNES,Toulouse|Occitanie
CNET,CNET,National Telecom Research Center,      2.3100 ,   48.8000 ,-,Bagneux|Île-de-France
CNIE,CNIE,National Space Research Commission,    -58.3800 ,  -34.6000 ,-,Buenos Aires|Ciudad Autónoma de Buenos Aires
CNPS,CN PS group,Chinese payload specialist group,    116.2600 ,   40.0700 ,ZLZB,海淀区|北京市
CNR,CNR,National Research Council (Italy),     12.4900 ,   41.8900 ,-,Roma|Lazio
CNRS,CNRS,National Scientific Research Council (France),      2.3000 ,   48.8600 ,-,Paris|Île-de-France
CNSA,CNSA,China National Space Administration,    116.3800 ,   39.9200 ,-,西城区|北京市
CNSAS,GGKGJ,"State Adm. for Science, Techn. and Industry for National Def",    116.3800 ,   39.9200 ,-,西城区|北京市
CNSSC,China NSSC,National Space Science Center,    116.3000 ,   39.9600 ,CAS,海淀区|北京市
CNSTR,ConstellR,-,      7.8500 ,   48.0000 ,-,Freiburg im Breisgau|Baden-Württemberg
CNTS,CNTS,National Space Technology Center (Algeria),      3.0600 ,   36.7500 ,ASAL,Belouizdad ⴱⴻⵍⵡⴻⵣⴷⴰⴷ بلوزداد|Alger
CNU,CNU,Chungnam National University,    127.3900 ,   36.3500 ,-,대전광역시|
COEP,COEP,-,     73.8600 ,   18.5300 ,-,Pune City|Maharashtra
COLE,Coleman,-,    -81.3800 ,   28.5400 ,-,Orlando|Florida
COLEA,Coleman,-,    -81.3800 ,   28.5400 ,-,Orlando|Florida
COLEAR,Coleman,-,    -81.3800 ,   28.5400 ,AJR,Orlando|Florida
COLC,Columbia Comms,-,   -157.8200 ,   21.3000 ,-,East Honolulu|Hawaii
COLCG,Columbia Comms,-,   -157.8200 ,   21.3000 ,AMCG,East Honolulu|Hawaii
COLL,Collins Aero.,-,    -72.6500 ,   41.9300 ,UTC2,Windsor Locks|Connecticut
COM,Comsat,-,    -77.0200 ,   38.9000 ,-,Washington|District of Columbia
COMAH,Comahue,Comahue National University,    -68.0600 ,  -38.9400 ,-,Neuquén|Neuquén
COMDEV,ComDev,-,    -80.3200 ,   43.3700 ,-,Cambridge|Ontario
COMDH,Honeywell/ComDev,-,    -80.3200 ,   43.3700 ,-,Cambridge|Ontario
COMDUK,ComDev,-,     -0.8100 ,   51.8200 ,-,Aylesbury|England
CONAB,CONAE HQ,National Space Activities Commission,    -58.3800 ,  -34.6000 ,-,Buenos Aires|Ciudad Autónoma de Buenos Aires
CONAE,CONAE Tabanera,CONAE Tabanera Space Center,    -64.4600 ,  -31.5900 ,CONAB,Falda del Carmen|Córdoba
CONCOR,Concordia U,-,    -73.5600 ,   45.5100 ,-,Montréal|Québec
CONIE,CONIE,National Space Investigation Commission,     -3.4500 ,   40.5000 ,-,Ajalvir|Comunidad de Madrid
CONSEN,Consensys,-,    -74.0100 ,   40.7100 ,-,City of New York|New York
CONTF,Contel Fed,-,    -77.3000 ,   38.8500 ,CONTL,Fairfax|Virginia
CONTL,Contel Corp,-,    -84.3900 ,   33.7600 ,-,Atlanta|Georgia
CONT,Contel,-,    -77.1500 ,   39.0800 ,CONTL,Rockville|Maryland
CONTEC,CONTEC,CONTEC Corp.,    127.3900 ,   36.3500 ,-,대전광역시|
CONTG,Contel,-,    -77.1500 ,   39.0800 ,GTE,Rockville|Maryland
CONTR,Contraves,-,      8.5500 ,   47.3700 ,-,Zürich|Zürich
CONTS,Contraves Space,-,      8.5500 ,   47.3700 ,-,Zürich|Zürich
CONV,Convair,-,   -117.1900 ,   32.7300 ,-,San Diego|California
CONVA,Convair-Astro,-,   -117.1400 ,   32.8300 ,GD,San Diego|California
CONVPO,Convair-Pomona,-,   -117.7600 ,   34.0600 ,-,Pomona|California
COOP,Cooper DC,-,   -118.0000 ,   34.1500 ,MARQ,Monrovia|California
COPERN,Copernicus,-,      4.3500 ,   50.8500 ,DGGROW,Bruxelles - Brussel|
CORAT,Coratec,-,    -64.1800 ,  -31.4200 ,-,Córdoba|Córdoba
CORD,IUA Cordoba,University Aeronautical Institute,    -64.1800 ,  -31.4200 ,-,Córdoba|Córdoba
CORN,Cornell,-,    -76.4800 ,   42.4400 ,-,City of Ithaca|New York
COSG,ColoSpaceGrant,-,   -105.2700 ,   40.0100 ,UCO,Boulder|Colorado
COSGIR,Cosmo Girls,Cosmo Girls,    139.7000 ,   35.6400 ,KANAT,目黒区|
COSM,COSMOS,-,      7.0100 ,   43.5500 ,-,Cannes|Provence-Alpes-Côte d'Azur
COSMOG,Cosmogia,-,   -122.4200 ,   37.7800 ,-,San Francisco|California
COSMW,Cosmoworks,-,    127.0500 ,   37.5000 ,-,서울특별시|
COUAL,UAL,-,   -105.2700 ,   40.0100 ,UCO,Boulder|Colorado
CPUT,CPUT,-,     18.6300 ,  -33.9000 ,-,Bellville|Western Cape
CRA,CRA,Aerospace Research Center,     12.5200 ,   41.9000 ,CRPSM,Roma|Lazio
CRC,CRC,-,    -75.6800 ,   45.4200 ,-,Ottawa|Ontario
CRCSS,CRCSS,-,    149.1000 ,  -35.3100 ,CSIRO,Canberra|
CREO,CreoTech,-,     21.0300 ,   52.0800 ,-,Piaseczno|województwo mazowieckie
CRI,CRI/Kobenhavn,-,     12.4300 ,   55.8300 ,-,Birkerød|Region Hovedstaden
CRLI,CRL,-,    140.6400 ,   35.9700 ,-,鹿嶋市|
CRO,CroCube Team,-,     15.9800 ,   45.8100 ,-,Grad Zagreb|
CRPSM,Roma,San Marco Project Research Center,     12.5200 ,   41.9000 ,ROSAP,Roma|Lazio
CRR,CRR,-,    -93.8200 ,   58.7300 ,OAR,|Manitoba
CRRC,CRR,-,    -93.8200 ,   58.7300 ,NRCC,|Manitoba
CRS,CRS (ISRC),Italian Space Research Commission,     12.5000 ,   41.9000 ,CNR,Roma|Lazio
CRSEA,CRSEA,-,    -41.0500 ,  -21.6400 ,-,São João da Barra|Rio de Janeiro
CRSF,CRS,-,      2.3500 ,   48.8600 ,-,Paris|Île-de-France
CRTS,CRTS,-,     -6.8500 ,   34.0100 ,-,Rabat ⵔⴱⴰⵟ الرباط|
CRUNCH,CrunchLabs,-,   -122.0400 ,   37.3700 ,-,Sunnyvale|California
CRYPTO,Cryptosat,-,   -122.1400 ,   37.4300 ,-,Palo Alto|California
CSA,CSA,-,    -73.4300 ,   45.4800 ,-,Longueuil|Québec
CSAE,CSA Eng.,-,   -122.0800 ,   37.3900 ,-,Mountain View|California
CSC,CSC,-,    -77.2300 ,   38.9200 ,-,Tysons|Virginia
CSD,UTC CSD,-,   -121.9000 ,   37.3300 ,UTC2,San Jose|California
CSG,CSG,-,    -52.7700 ,    5.2300 ,-,Kourou|Guyane
CSHARK,CShark,-,      9.6900 ,   45.0600 ,-,Piacenza|Emilia-Romagna
CSIAP,CSIRO Atm,-,    145.1000 ,   38.0300 ,CSIRO,
CSIAR,CSIRO Atm Res,-,    145.1000 ,   38.0300 ,CSIRO,
CSICE,CSICE,Cabinet Satellite Intelligence Center,    139.6800 ,   35.6800 ,-,渋谷区|
CSIMP,CSIRO Met,-,    145.1000 ,   38.0300 ,CSIRO,
CSIR,CSIR,-,     28.1900 ,  -25.7500 ,-,Pretoria|Gauteng
CSIRO,CSIRO,-,    149.1200 ,  -35.3100 ,AU,Canberra|
CSL,Cesk. Letectvo,Czechoslovak Air Force,     14.4200 ,   50.0800 ,-,Hlavní město Praha|Praha
CSSAR,CSSARC,"Space Science and Application Research Center, CAS",    116.3000 ,   39.9600 ,CAS,海淀区|北京市
CSU,CSU,-,   -105.0800 ,   40.5700 ,-,Fort Collins|Colorado
CSUCAS,CSU CAS,"Tech. and Eng. Center for Space Utilization, CAS",    116.2800 ,   40.0700 ,CAS,海淀区|北京市
CSUG,CSUG,Grenoble Univeristy Space Centre,      5.7700 ,   45.1900 ,-,Saint-Martin-d'Hères|Auvergne-Rhône-Alpes
CSUN,CSUN,-,   -118.5300 ,   34.2400 ,-,Los Angeles|California
CSXT,CSXT,-,    -93.2700 ,   44.9800 ,-,Minneapolis|Minnesota
CSZS,CSZS,Voice of the Yangtze River Delta,    121.3800 ,   31.1100 ,-,闵行区|
CTA,CTA,-,    -77.1800 ,   38.9300 ,-,McLean|Virginia
CTEL,China Telecom,China Telecommunications Corporation,    116.3800 ,   39.9200 ,-,西城区|北京市
CTYK,Changsha Tianyi,Changsha Research Inst. Space Instrument Tech. Co. Ltd.,    112.9400 ,   28.2300 ,-,岳麓区|湖南省
CUA,CU Aerospace,-,    -88.3000 ,   40.2000 ,-,|Illinois
CUBESP,CubeSpace,-,     18.8600 ,  -33.9300 ,-,Stellenbosch Local Municipality|Western Cape
CUBIC,Cubic,-,   -117.1600 ,   32.7200 ,-,San Diego|California
CUGW,Zhongguo Dizhida,China University of Geosciences (Wuhan),    114.4000 ,   30.5200 ,-,洪山区|湖北省
CULH,Culham,-,     -1.2300 ,   51.6600 ,-,South Oxfordshire|England
CUMT,CUMT,"State Key Lab, China U. of Mining and Technology",    116.3500 ,   40.0000 ,-,海淀区|北京市
CUNYME,CUNY,-,    -73.9600 ,   40.6700 ,-,City of New York|New York
CURTIN,Curtin U,-,    115.8900 ,  -32.0000 ,-,|Western Australia
CVC,CVC Electronic,-,     14.4200 ,   50.0800 ,-,Hlavní město Praha|Praha
CZHJ,Changzheng H.,China Long March Rocket Co. Ltd.,    116.3900 ,   39.7800 ,CASC,大兴区|北京市
DAAFAR,DAAFAR,Cuban Revolutionary Air and Air Defense Force,    -82.3800 ,   23.1300 ,-,|La Habana
DAC,DAC,-,   -118.4800 ,   34.0200 ,-,Santa Monica|California
DACC,DAC Charlotte,-,    -80.8400 ,   35.2300 ,DAC,Charlotte|North Carolina
DACHB,DAC/HB,-,   -118.0000 ,   33.6900 ,DAC,Huntington Beach|California
DACM,Douglas MSSD,-,   -118.4800 ,   34.0200 ,DAC,Santa Monica|California
DALIAN,Dalian UT,Dalian University of Technology,    121.5300 ,   38.8700 ,-,甘井子区|辽宁省
DALU,Dalhousie,-,    -63.5900 ,   44.6400 ,-,Halifax|Nova Scotia
DAPA,DAPA,Defense Acquisition Program Administration,    126.9700 ,   37.5400 ,-,서울특별시|
DARA,DARA,German Space Affairs Agency,      7.1700 ,   50.7100 ,-,Bonn|Nordrhein-Westfalen
DARE,DARE,-,      4.3600 ,   52.0100 ,DELFT,Delft|Zuid-Holland
DARPA,DARPA,-,    -77.0200 ,   38.9000 ,DOD,Washington|District of Columbia
DARPA2,DARPA,-,    -77.0200 ,   38.9000 ,DOD,Washington|District of Columbia
DART,Dartmouth,-,    -72.2900 ,   43.7000 ,-,Hanover|New Hampshire
DASA,US DASA,-,   -106.6100 ,   35.1100 ,DOD,Albuquerque|New Mexico
DASAUK,DASA UK,-,     -1.7900 ,   51.0700 ,MOD,Salisbury|England
DASAO,DASA-O,-,     11.6700 ,   48.0700 ,-,Neubiberg|Bayern
DASAF,DASA-F,-,      9.4800 ,   47.6500 ,-,Friedrichshafen|Baden-Württemberg
DASARI,DASA-RI,-,      8.3000 ,   53.0800 ,-,Sandtange|Niedersachsen
DASBF,DASA-F,-,      9.4800 ,   47.6500 ,-,Friedrichshafen|Baden-Württemberg
DASCF,DCA-F,-,      9.4800 ,   47.6500 ,-,Friedrichshafen|Baden-Württemberg
DASST,Dassault,-,     -0.7700 ,   44.8400 ,-,Martignas-sur-Jalle|Nouvelle-Aquitaine
DAUR,Dauria,-,     37.3700 ,   55.6900 ,-,Сколково|Московская область
DAWAD,Al Dawadmi,-,     44.7000 ,   24.2200 ,-,ماسل|منطقة الرياض
DAWAN,Dawan DRI,Dawan District Inst. for IC and System Applications,    113.2700 ,   23.1300 ,-,越秀区|广东省
DBP,Bundespost,DBP Telecom,      8.6500 ,   49.8700 ,-,Darmstadt|Hessen
DBSD,DBSD NA,-,    -77.3500 ,   38.9500 ,DISH,Reston|Virginia
DBSDD,DBSD (Dish Net),-,    -77.3500 ,   38.9500 ,DISH,Reston|Virginia
DCA,US DCA,-,    -77.0800 ,   38.8800 ,DOD,Arlington|Virginia
DDRD,Maf'at,Directorate of Defence Research and Development,     34.7800 ,   32.0700 ,-,תל־אביב–יפו|מחוז תל אביב
DEHAVE,De Havilland Eng,-,     -0.4000 ,   51.7000 ,-,Watford|England
DEHAVS,de Havilland,-,     -0.2000 ,   51.9000 ,-,Stevenage|England
DEHAVT,De Hav,-,    -79.4900 ,   43.7300 ,-,Toronto|Ontario
DEIMOS,Deimos Space,-,     -3.7100 ,   40.6000 ,-,Tres Cantos|Comunidad de Madrid
DEIMI,Deimos Imaging,-,     -4.7000 ,   41.5300 ,DEIMOS,Boecillo|Castilla y León
DELCS,Deloitte,-,   -104.8900 ,   39.0100 ,-,|Colorado
DELFT,TU Delft,-,      4.3700 ,   52.0000 ,-,Delft|Zuid-Holland
DENV,Denver,-,   -104.9600 ,   39.6800 ,-,Denver|Colorado
DERA,DERA,-,     -0.7500 ,   51.2900 ,UK,Rushmoor|England
DEWA,DEWA,Dubai Electricity and Water Authority,     55.3000 ,   25.2600 ,-,ديرة|دبي
DEWC,DEWC,-,    138.6100 ,  -34.8200 ,UK,Adelaide|South Australia
DEYA,Deya Inst.,Deya Innovation Research Institute,    113.2900 ,   22.8100 ,-,顺德区|广东省
DFF,DFF,-,      7.5700 ,   47.5900 ,-,Huningue|Grand Est
DFH,DFH,Spaceflight East Is Red Satellite Co,    116.3800 ,   39.9200 ,CAST,西城区|北京市
DFHG,Dongfang Hangtian,"Oriental Spaceport (Shandong) Development Group Co., Ltd.,",    121.1900 ,   36.7300 ,-,海阳市|山东省
DFHZ,DFH,Spaceflight East Is Red Satellite Co,    116.3800 ,   39.9200 ,ZDFH,西城区|北京市
DFHS,DFH Shenzhen,-,    114.1000 ,   22.5500 ,ZDFH,罗湖区|广东省
DFHYT,Yidong Tongxin,-,    114.1000 ,   22.5500 ,CAST,罗湖区|广东省
DFK,Dongfang Kongjian,Orienspace,    121.1900 ,   36.7300 ,-,海阳市|山东省
DFRC,NASA DFRC,-,   -117.8800 ,   34.9100 ,NASA,|California
DFVLR,DFVLR,-,      6.9500 ,   50.9400 ,-,Köln|Nordrhein-Westfalen
DGA,DGA,General Delegation for Ordnance,      2.3100 ,   48.8000 ,F,Bagneux|Île-de-France
DGAEM,DGA EM Landes,-,     -1.2500 ,   44.4500 ,DGA,Biscarrosse|Nouvelle-Aquitaine
DGGROW,DG GROW,-,      4.3500 ,   50.8500 ,-,Bruxelles - Brussel|
DGLO,DigitalGlobe,-,   -105.1100 ,   40.1700 ,-,Longmont|Colorado
DGLOH,DGI GeoEye,-,    -77.3900 ,   38.9700 ,DGLO,Herndon|Virginia
DGLOT,DGI/Thornton,-,   -104.9500 ,   39.9000 ,DGLO,Thornton|Colorado
DHMC,DHMC,-,    -72.2700 ,   43.6800 ,-,Lebanon|New Hampshire
DHRUVA,Dhruva Space,-,     78.4700 ,   17.3600 ,-,Hyderabad|Telangana
DHSST,DHS-ST,-,    -77.0200 ,   38.9000 ,-,Washington|District of Columbia
DIGAN,Digantara,-,     77.5900 ,   12.9800 ,-,Bengaluru|Karnataka
DISA,US DICA,-,    -77.0800 ,   38.8800 ,DOD,Arlington|Virginia
DISH,Dish Network,-,   -104.8500 ,   39.5500 ,-,Englewood|Colorado
DISHE,Dish/Echostar,-,   -104.9900 ,   39.6500 ,ECHO,Englewood|Colorado
DIYS,DIYSatellite,-,    -58.3800 ,  -34.6000 ,-,Buenos Aires|Ciudad Autónoma de Buenos Aires
DIU,DIU,-,   -122.0800 ,   37.3900 ,DOD,Mountain View|California
DKAU,DKAU,Ukranian State Space Agency,     30.5200 ,   50.4500 ,-,Київ|
DKJ,CETG,China Electronics Technology Group Co. Ltd.,    116.3000 ,   39.9600 ,-,海淀区|北京市
DKJ38,CETG 38th,CETG 38th Research Inst.                  .,    116.3000 ,   39.9600 ,-,海淀区|北京市
DLR,DLR,German Research Inst. for Aviation and Spaceflight,      6.9500 ,   50.9400 ,-,Köln|Nordrhein-Westfalen
DLR2,DLR,German Aerospace Center,      6.9500 ,   50.9400 ,-,Köln|Nordrhein-Westfalen
DLRB,DLR-ISS,DLR Institute for Space Systems,      8.3000 ,   53.0800 ,DLR,Sandtange|Niedersachsen
DLRRA,DLR-RA,-,      9.4000 ,   49.2700 ,DLR,Lampoldshausen|Baden-Württemberg
DLRRD,DLR-RD,-,      7.1700 ,   50.7100 ,DLR,Bonn|Nordrhein-Westfalen
DMA,DMA,-,      2.3100 ,   48.8000 ,-,Bagneux|Île-de-France
DMC,DMCii,-,     -0.5900 ,   51.2400 ,-,Guildford|England
DMI,DMI,Danish Meteorological Institute,     12.5700 ,   55.6800 ,-,København|Region Hovedstaden
DMOON,dearMoon,-,   -118.3500 ,   33.9200 ,-,Hawthorne|California
DNA,DNA,-,   -106.6100 ,   35.1100 ,DOD,Albuquerque|New Mexico
DND,DND DSD,-,    -75.6800 ,   45.4200 ,-,Ottawa|Ontario
DNE,DNE,-,   -105.2100 ,   39.7500 ,-,Golden|Colorado
DNIK,Di-Nikko,Di-Nikko Engineering Co. Ltd.,    139.7800 ,   36.7000 ,-,日光市|
DNSC,DNSC,Danish National Space Center,     12.5700 ,   55.7100 ,DTU,København|Region Hovedstaden
DOC,DOC,-,    -77.0200 ,   38.9000 ,-,Washington|District of Columbia
DOD,DoD,-,    -77.0600 ,   38.8700 ,-,Arlington|Virginia
DOE,DoE,-,    -77.0200 ,   38.9000 ,-,Washington|District of Columbia
DORBIT,D-ORBIT,-,      9.0300 ,   45.7000 ,-,Lomazzo|Lombardia
DORN,Dornier/Fried.,-,      9.4800 ,   47.6500 ,-,Friedrichshafen|Baden-Württemberg
DORND,Dornier-DBA,-,      9.4800 ,   47.6500 ,-,Friedrichshafen|Baden-Württemberg
DOSAAF,DOSAAF,"Voluntary Society of Assistance to the Army, AF and Navy",     37.6200 ,   55.7500 ,-,Москва|Москва
DOSAAN,NILAKT DOSAAF,NILACT DOSAAF LLC,     36.2500 ,   54.5300 ,-,Калуга|Калужская область
DOSH,Dosh.,Doshisha University,    135.7600 ,   35.0300 ,-,京都市|
DOST,DOST,Department of Science and Technology,    121.0500 ,   14.5200 ,-,Taguig|
DRA,DRA,-,     -0.7500 ,   51.2900 ,-,Rushmoor|England
DRAP,Draper Lab,-,    -71.0900 ,   42.3600 ,-,Cambridge|Massachusetts
DRDC,DRDC,-,    -71.5000 ,   46.9000 ,-,Saint-Gabriel-de-Valcartier|Québec
DRDL,DRDL,-,     78.4800 ,   17.3700 ,DRDO,Hyderabad|Telangana
DRDO,DRDO,-,     77.2100 ,   28.6100 ,-,New Delhi|
DREV,DRE/V,-,    -71.5000 ,   46.9000 ,-,Saint-Gabriel-de-Valcartier|Québec
DREXEL,Drexel,-,    -75.1900 ,   39.9500 ,-,Philadelphia|Pennsylvania
DRFLY,Dragonfly,-,     18.8600 ,  -33.9300 ,-,Stellenbosch Local Municipality|Western Cape
DRG,DRG,German Rocket Society,      8.6900 ,   53.8600 ,-,Cuxhaven|Niedersachsen
DRTE,DRTE,-,    -75.6800 ,   45.4200 ,-,Ottawa|Ontario
DSI,DSI,-,    -77.1800 ,   38.9300 ,-,McLean|Virginia
DSIR,UK DSIR,-,     -0.1300 ,   51.5000 ,-,City of Westminster|England
DSNC,DSN Corp.,DSN Corporation,    139.6800 ,   35.6800 ,-,渋谷区|
DSRI,DSRI,Danish Space Research Institute,     12.5700 ,   55.7100 ,-,København|Region Hovedstaden
DSSG,DSS,-,   -119.8100 ,   34.4400 ,-,Goleta|California
DSTA,DSTA,-,    103.8000 ,    1.3000 ,-,Singapore|
DSTL,DSTL UK,-,     -1.7000 ,   51.1300 ,-,|England
DSTO,DSTO,-,    138.6400 ,  -34.7600 ,-,Adelaide|South Australia
DTI,DTI,-,    -77.0800 ,   38.8800 ,-,Arlington|Virginia
DTU,DTU,Technical University of Denmark,     12.5200 ,   55.7900 ,-,Kongens Lyngby|Region Hovedstaden
DTV,DirecTV,-,   -118.4100 ,   33.9200 ,-,El Segundo|California
DTVA,DirecTV,-,   -118.4100 ,   33.9200 ,-,El Segundo|California
DTVAT,DirecTV,-,   -118.4100 ,   33.9200 ,-,El Segundo|California
DTVLA,DirecTV LatinA,-,    -43.2000 ,  -22.9100 ,DTVA,Rio de Janeiro|Rio de Janeiro
DTVT,DirecTV,-,   -118.4100 ,   33.9200 ,-,El Segundo|California
DUD,Dudley,-,    -73.9400 ,   42.8100 ,-,City of Schenectady|New York
DUCOMM,Duocomm Miltec,-,    -86.5900 ,   34.7300 ,-,Huntsville|Alabama
DUTH,DUTH,Democritus University of Thrace,     24.8800 ,   41.1300 ,-,Ξάνθη|Αποκεντρωμένη Διοίκηση Μακεδονίας - Θράκης
DUTCH,Dutch Space,-,      4.9000 ,   52.3700 ,ASTD,Amsterdam|Noord-Holland
DUTEC,Delta-UTEC,-,      4.4800 ,   52.1700 ,-,Leiden|Zuid-Holland
DVNG,DVNIGMI,Far East Regional Science Research Hydrometeorological Inst,    131.9000 ,   43.1333 ,GMS,Владивосток|Приморский край
DVST,Delta V,-,     28.9600 ,   41.0100 ,-,İstanbul|
DYMON,Dymon,-,    139.7200 ,   35.5600 ,-,大田区|
DYN,Dynacon,-,    -79.6500 ,   43.6000 ,-,Mississauga|Ontario
DYNT,Dynetics,-,    -86.5900 ,   34.7300 ,-,Huntsville|Alabama
EAC,eAC,-,    -80.2100 ,   25.7800 ,-,Miami|Florida
EADS,EADS,-,      4.7500 ,   52.2800 ,-,|Noord-Holland
EADSA,EADS Aquitaine,-,     -0.7200 ,   44.9000 ,EADS,Saint-Médard-en-Jalles|Nouvelle-Aquitaine
EADSB,EADS/Bremen,-,      8.3000 ,   53.0800 ,EADS,Sandtange|Niedersachsen
EADSCA,EADS-CASA,-,     -3.5900 ,   40.4700 ,EADS,Madrid|Comunidad de Madrid
EADSG,EADS/CSG,-,    -52.7700 ,    5.2300 ,EADS,Kourou|Guyane
EADSL,EADS/LV,-,      1.9200 ,   48.9900 ,EADS,Les Mureaux|Île-de-France
EADSO,EADS-D/O,-,     11.6700 ,   48.0700 ,-,Neubiberg|Bayern
EARI,Earth-i,-,     -0.5900 ,   51.2400 ,-,Guildford|England
EASF,EADS Astrium/DF,-,      9.4800 ,   47.6500 ,EADS,Friedrichshafen|Baden-Württemberg
EBAD,EBAD,-,    -72.8100 ,   41.8700 ,-,Simsbury|Connecticut
EBI,EBI,-,      6.5600 ,   46.5200 ,EUTSA,Ecublens|Vaud
EBIV,EBI (Viasat),-,      6.5600 ,   46.5200 ,VIA,Ecublens|Vaud
ECHO,Echostar,-,   -104.9900 ,   39.6500 ,-,Englewood|Colorado
ECHO23,Echostar 23 Sub,-,     -0.0900 ,   51.5200 ,DISH,City of London|England
ECHOAU,Echostar AU,-,    153.4000 ,  -27.9600 ,HELWE,Gold Coast City|Queensland
ECHOC,Echostar,-,   -104.9900 ,   39.6500 ,-,Englewood|Colorado
ECHOM,Echostar Mobile,-,     -6.2700 ,   53.3500 ,ECHO,Dublin|
ECLIP,Ecliptic,-,   -118.1300 ,   34.1600 ,-,Pasadena|California
ECMLS,ECM Launch,-,     13.5500 ,   52.4400 ,-,Berlin|
ECOM,USA ECOM,-,    -74.0500 ,   40.3100 ,USA,Eatontown|New Jersey
EDA,EarthDaily,-,   -123.1000 ,   49.2500 ,-,Vancouver|British Columbia
EDISF,Edisoft,-,     -9.2900 ,   38.7000 ,THALES,Oeiras|
EDLS,EDL-Sylvania,-,   -122.0800 ,   37.3900 ,-,Mountain View|California
EELEC,English Elec,-,     -0.2000 ,   51.9000 ,-,Stevenage|England
EER,EER,-,    -76.8500 ,   38.9700 ,-,Lanham|Maryland
EERSSI,EER,-,    -95.3800 ,   29.7600 ,-,Houston|Texas
EGA,Egyptian Army,-,     30.6100 ,   30.1200 ,-,|الجيزة
EGAO,EGAO,-,     31.2300 ,   30.0300 ,-,القاهرة|القاهرة
EGG,EG&G,-,    -77.2300 ,   39.1300 ,-,Gaithersburg|Maryland
EGS,EGS,-,     44.7800 ,   41.7200 ,GPI,თბილისი|
EGSA,Euro GSA,-,      2.3000 ,   48.8600 ,-,Paris|Île-de-France
EGYSA,EgSA,Egyptian Space Agency,     31.2300 ,   30.0300 ,-,القاهرة|القاهرة
EHNS,Echostar/HNS,-,    -77.2700 ,   39.1800 ,ECHO,Germantown|Maryland
EIAST,EIAST,-,     55.3000 ,   25.2600 ,-,ديرة|دبي
EKAG,e-kagaku,-,    135.7700 ,   35.0100 ,-,京都市|
ELA,ELA,-,    136.8000 ,  -12.3900 ,-,|
ELBIT,Elbit Systems,-,     34.9600 ,   32.7900 ,-,חיפה|מחוז חיפה
ELDE,Elecnor Deimos,-,     -3.7100 ,   40.6000 ,-,Tres Cantos|Comunidad de Madrid
ELDECI,Elecnor Deimos,-,     -4.7000 ,   41.5300 ,ELDE,Boecillo|Castilla y León
ELDEC,Elecnor Deimos,-,     -4.1200 ,   38.6800 ,-,Puertollano|Castilla-La Mancha
ELDO,CECLES/ELDO,European Launcher Development Organization,      2.3000 ,   48.8600 ,I-ELDO,Paris|Île-de-France
ELLT,Elliott,-,     -0.7400 ,   51.3100 ,-,Surrey Heath|England
ELUS,Energia Ltd US,-,   -118.2000 ,   33.7700 ,RKKE,Long Beach|California
ELV,ELV SpA.,-,     13.0200 ,   41.7300 ,-,Segni|Lazio
ELYS,Elysium Space,-,   -122.4200 ,   37.7800 ,-,San Francisco|California
EMASH,Energomash,-,     37.4500 ,   55.9000 ,-,Химки|Московская область
EMAVI,EMAVI,"Military Aviation School, FAC",    -76.5000 ,    3.4600 ,FACO,Perímetro Urbano Santiago de Cali|Valle del Cauca
EMBR,Embratel,-,    -43.2000 ,  -22.9100 ,TELB,Rio de Janeiro|Rio de Janeiro
EMBRM,Embratel,-,    -43.2000 ,  -22.9100 ,MCI,Rio de Janeiro|Rio de Janeiro
EMBRT,Embratel,-,    -43.2000 ,  -22.9100 ,TELMX,Rio de Janeiro|Rio de Janeiro
EMST,EMS Tech.,-,    -73.9500 ,   45.4000 ,-,L'Île-Perrot|Québec
ENDUR,Endurosat,-,     23.3300 ,   42.7000 ,-,София|София-град
ENEA1,ENEA,Atomic Energy and Alternative Energy,     12.4900 ,   41.8900 ,-,Roma|Lazio
ENEA,ENEA,"Agency for New Technologies, Energy and Environment",     12.4900 ,   41.8900 ,-,Roma|Lazio
EOI,EOI Space,-,   -105.1400 ,   39.9800 ,-,Louisville|Colorado
EOS,EOS,-,   -118.1300 ,   34.1600 ,-,Pasadena|California
EOSAT,EOSAT,-,    -76.8600 ,   38.9700 ,-,Lanham|Maryland
EOSAU,EOS WPLTN,-,    149.2300 ,  -35.3500 ,-,Queanbeyan|New South Wales
EOSDA,EOS DA,-,   -122.0800 ,   37.3900 ,-,Mountain View|California
EOSSPT,EOS Space,-,    100.5200 ,   13.8500 ,-,เทศบาลนครนนทบุรี|
EPFL,EPFL,-,      6.5700 ,   46.5300 ,-,Chavannes-près-Renens|Vaud
EPIC,Epic,-,   -122.4200 ,   37.7800 ,EPICU,San Francisco|California
EPICA,Epic,-,    -58.3800 ,  -34.6000 ,EPICU,Buenos Aires|Ciudad Autónoma de Buenos Aires
EPICU,Epic,-,    -56.1800 ,  -34.8800 ,-,Montevideo|Montevideo
EPOS,MiG EPOS,-,     59.6100 ,   47.8500 ,MIG,Шалқар|Ақтөбе облысы
ERAU,Embry-Riddle,-,    -81.0900 ,   29.1900 ,-,Daytona Beach|Florida
ERDA,ERDA,-,    -77.0200 ,   38.9000 ,-,Washington|District of Columbia
ERDL,ERDL,-,    -77.1500 ,   38.7200 ,USA,Fort Belvoir|Virginia
ERNO,ERNO,-,      8.3000 ,   53.0800 ,VFW,Sandtange|Niedersachsen
ERNOF,ERNO,-,      8.3000 ,   53.0800 ,VFWF,Sandtange|Niedersachsen
ERNOV,ERNO,-,      8.3000 ,   53.0800 ,VFW,Sandtange|Niedersachsen
ERTU,ERTU,Egyptian Radio and Television Union,     30.9100 ,   29.9400 ,EG,السادس من أكتوبر|الجيزة
ESA,ESA,-,      2.3000 ,   48.8600 ,-,Paris|Île-de-France
ESHAIL,Es'hailsat,-,     51.5300 ,   25.2900 ,ICTQ,الدوحة|
ESIE,ESIEESPACE,-,      2.3000 ,   48.8600 ,TARTU,Paris|Île-de-France
ESL,ESL,-,   -122.1400 ,   37.4300 ,-,Palo Alto|California
ESL1,ESL,-,   -122.0400 ,   37.3700 ,-,Sunnyvale|California
ESMC,USAF ESMC,-,    -80.6100 ,   28.2400 ,USAF,|Florida
ESPACE,E-Space,-,    -80.2400 ,   27.1900 ,-,Stuart|Florida
ESPRW,E-Space Rwanda,-,     30.0600 ,   -1.9400 ,-,Kigali|Umujyi wa Kigali
ESRO,ESRO,European Space Research Organization,      2.2700 ,   48.8900 ,-,Neuilly-sur-Seine|Île-de-France
ESRWA,ESR (WA),-,   -122.3300 ,   47.6100 ,-,Seattle|Washington
ESSA,ESSA,-,    -76.9200 ,   38.8500 ,DOC,Suitland|Maryland
ESSP,ESSP,Estonian Student Satellite Program,     26.7200 ,   58.3800 ,-,Tartu linn|
ESSTI,ESSTI,-,     38.7600 ,    9.0500 ,-,|አዲስ አበባ أديس أبابا
ESTEC,ESTEC,-,      4.4500 ,   52.2300 ,I-ESA,Noordwijk|Zuid-Holland
ESYS,E-Systems,-,    -96.6400 ,   32.9100 ,-,Garland|Texas
ETAC,ETAC,-,    -77.0200 ,   38.9000 ,USAF,Washington|District of Columbia
ETACIL,ETAC/Scott AFB,-,    -89.8700 ,   38.5300 ,USAF,|Illinois
ETCO,ETCO,-,     58.4000 ,   23.5900 ,-,ولاية بوشر|محافظة مسقط
ETEC,ETEC,-,    -45.0700 ,  -23.4400 ,-,Ubatuba|São Paulo
ETRI,ETRI,Electronics and Telecommunications Research Institute,    127.3900 ,   39.3800 ,-,풍전리|강원도
EUMET,EUMETSAT,-,      8.6500 ,   49.8700 ,I-EUM,Darmstadt|Hessen
EUPST,EuropeStar,-,     -0.4800 ,   51.5400 ,-,Greater London|England
EURAS,Eurasspace,-,     11.5700 ,   48.1300 ,-,München|Bayern
EUROK,Eurockot,-,      8.3000 ,   53.0800 ,-,Sandtange|Niedersachsen
EUROL,Eurolaunch,-,     20.2200 ,   67.8500 ,SSC,Kiruna|
EUROP,Europropulsion,-,      2.2200 ,   48.8700 ,-,Suresnes|Île-de-France
EUROPK,Europropulsion,-,    -52.7700 ,    5.2400 ,EUROP,Kourou|Guyane
EURSA,Eurasiasat,-,      7.4200 ,   43.7300 ,-,Monaco|
EURSG,Eurasiasat,-,     32.8000 ,   39.8000 ,EURSA,Gölbaşı|Ankara
EUSPA,EU SPA,-,     14.4200 ,   50.0800 ,-,Hlavní město Praha|Praha
EUTAM,Eutelsat Americas,-,    -99.2200 ,   19.4400 ,EUTSA,Ciudad de México|Ciudad de México
EUTEL,Eutelsat,-,      2.3000 ,   48.8600 ,I-EUT,Paris|Île-de-France
EUTSA,EutelsatSA,-,      2.3000 ,   48.8600 ,-,Paris|Île-de-France
EVOL,Evolution Space,-,   -118.1700 ,   35.0500 ,-,Mojave|California
EWAT,EarthWatch,-,   -105.1100 ,   40.1700 ,-,Longmont|Colorado
EXA,EXA,Ecuadorian Civilian Space Agency,    -79.8800 ,   -2.1800 ,-,Guayaquil|Guayas
EXCO,Exploration Co,-,     11.5700 ,   48.1300 ,-,München|Bayern
EXEA,exactEarth,-,    -80.3200 ,   43.3700 ,COMDEV,Cambridge|Ontario
EXESP,Spire exactEarth,-,    -80.3200 ,   43.3700 ,SPIRE,Cambridge|Ontario
EXOBOT,Exobotics,-,     -0.1000 ,   51.5200 ,-,City of London|England
EXOL,EXOLaunch,-,     13.5500 ,   52.4400 ,-,Berlin|
EXOSA,Exos Ae,-,    -96.2300 ,   33.0600 ,-,Caddo Mills|Texas
EXOTR,Exotrail,-,      2.2600 ,   48.7300 ,-,Massy|
EXPACE,CASIC ExPace,ExPace Technology Corp.,    116.3000 ,   39.9600 ,CASIC,海淀区|北京市
EXSEED,Exseed Space,-,     72.8300 ,   18.9800 ,-,Mumbai|Maharashtra
FAB,FAB,Brazilian Air Force,    -47.8800 ,  -15.7900 ,-,Brasília|Distrito Federal
FACH,FACh,-,    -70.6900 ,  -33.4900 ,-,Cerrillos|Región Metropolitana de Santiago
FACO,FAC,-,    -74.0700 ,    4.7100 ,-,Bogotá|
FACS,FACS,-,    -76.8900 ,   38.9900 ,FAI,Greenbelt|Maryland
FAI,FAI,-,    -76.8900 ,   38.9900 ,-,Greenbelt|Maryland
FAIR,Fairchild,-,    -77.2700 ,   39.1800 ,-,Germantown|Maryland
FAIRA,Fairchild Air.,-,    -77.7200 ,   39.6400 ,-,Hagerstown|Maryland
FAIRS,Fairchild Stratos,-,    -77.7200 ,   39.6400 ,-,Hagerstown|Maryland
FAIRH,Fairchild-Hiller,-,    -77.7200 ,   39.6400 ,-,Hagerstown|Maryland
FAIRHG,Fairchild (G),-,    -77.2700 ,   39.1800 ,-,Germantown|Maryland
FAKEL,Fakel,-,     22.0300 ,   55.0300 ,-,Неман|Калининградская область
FAKELO,Fakel,-,     22.0300 ,   55.0300 ,ORKK,Неман|Калининградская область
FANG,Fangzhou,Beijing Aerospace Ark Space Technology Co. Ltd,    116.3800 ,   39.9200 ,-,西城区|北京市
FASTC,USAF FASTC,-,    -84.0500 ,   39.8200 ,USAF,|Ohio
FATAH,Fatah,-,     44.4300 ,   33.3300 ,-,بغداد|محافظة بغداد
FBK,Facebook,-,   -122.1800 ,   37.4500 ,-,Menlo Park|California
FCCO,4C Controls,-,      7.6800 ,   45.0800 ,-,Torino|Piemonte
FERG,Fergani,Fergani Space Technologies Info. Industry and Trade Inc,     29.0300 ,   41.1100 ,-,Sarıyer|
FFLY,Firefly,-,    -97.7400 ,   30.2900 ,-,Austin|Texas
FHWN,FHWN,University of Applied Sciences Wiener Neustadt,     16.2500 ,   47.8400 ,-,Wiener Neustadt|Niederösterreich
FIAN,FIAN,Lebedev Physical Inst,     37.6200 ,   55.7500 ,AN,Москва|Москва
FIAT,Fiat,-,      7.6800 ,   45.0800 ,-,Torino|Piemonte
FIATA,Fiat,-,     13.0200 ,   41.7300 ,-,Segni|Lazio
FING,UdelaR FING,"Faculty of Engineering, University of the Republic",    -56.1700 ,  -34.9200 ,-,Montevideo|Montevideo
FIPM,FIPM,-,      7.8500 ,   47.9800 ,-,Freiburg im Breisgau|Baden-Württemberg
FIRES,Firestone,-,   -118.2000 ,   33.9400 ,-,South Gate|California
FIRETR,Firestone,-,    -81.5200 ,   41.0700 ,-,Akron|Ohio
FIRMA,Firmamentum,-,   -122.2000 ,   47.7700 ,TUI,Bothell|Washington
FIRON,ANO FIRON,-,     39.7400 ,   47.2400 ,-,Ростов-на-Дону|Ростовская область
FIT,FIT,-,    -80.6200 ,   28.0700 ,-,Melbourne|Florida
FKA,Roskosmos,Roskosmos,     37.6200 ,   55.7500 ,-,Москва|Москва
FKG,FKG-1/FKG-2,-,     10.9000 ,   48.0500 ,LW,Landsberg am Lech|Bayern
FKG1,FKG-1,-,     10.9000 ,   48.0500 ,LW,Landsberg am Lech|Bayern
FKGR11,FKGr-11,-,     10.9000 ,   48.0500 ,LW,Landsberg am Lech|Bayern
FKGR12,FKGr-12,-,     10.9000 ,   48.0500 ,LW,Landsberg am Lech|Bayern
FKGR13,FKGr-13,-,     10.9000 ,   48.0500 ,LW,Landsberg am Lech|Bayern
FKG2,FKG-2,-,      6.1200 ,   50.9700 ,LW,Geilenkirchen|Nordrhein-Westfalen
FKGR21,FKGr-21,-,      6.1200 ,   50.9700 ,LW,Geilenkirchen|Nordrhein-Westfalen
FKGR22,FKGr-22,-,      6.1200 ,   50.9700 ,LW,Geilenkirchen|Nordrhein-Westfalen
FLASP,FLASPACE,-,    -80.6000 ,   28.6100 ,-,|Florida
FLSPA,SpaceFlorida,-,    -80.6000 ,   28.6100 ,-,|Florida
FLEET,Fleet Space,-,    138.5500 ,  -34.8900 ,-,
FMI,FMI,Defense Acquisition and Logistics Organization,     21.3700 ,   55.7300 ,-,Saulažoliai|Klaipėdos apskritis
FMV,FMV,Defense Materiel Adminstration,     18.1000 ,   59.3400 ,-,Stockholm|
FOI,FOI,Swedish Defense Research Agency,     18.1000 ,   59.3400 ,-,Stockholm|
FOKK,Fokker,-,      4.9000 ,   52.3700 ,-,Amsterdam|Noord-Holland
FOKKR,Fokker Ruim.,-,      4.9000 ,   52.3700 ,FOKK,Amsterdam|Noord-Holland
FOKKS,Fokker Space,-,      4.9000 ,   52.3700 ,FOKK,Amsterdam|Noord-Holland
FOKKSS,Fokker Space,-,      4.9000 ,   52.3700 ,-,Amsterdam|Noord-Holland
FORDA,Ford Ae,-,   -122.1400 ,   37.4300 ,-,Palo Alto|California
FORDAN,Ford Aeronutronic,-,   -118.2600 ,   34.1500 ,-,Glendale|California
FORDP,Ae Ford WDL,-,   -122.1400 ,   37.4300 ,-,Palo Alto|California
FORNB,Ae Ford,-,   -117.9000 ,   33.6200 ,-,Newport Beach|California
FORNBA,Ford Aeronutronic,-,   -117.9000 ,   33.6200 ,-,Newport Beach|California
FORSK,Forsk,Research Council of Norway,     10.7300 ,   59.9200 ,-,Oslo|
FOSSA,Fossa Systems,-,     -3.8000 ,   40.4400 ,-,Pozuelo de Alarcón|Comunidad de Madrid
FOXC,Foxconn,Hon Hai Technology Group (Foxconn),    121.4200 ,   24.9700 ,-,新北市|
FPTU,FPT University,-,    105.8500 ,   21.0300 ,-,Thành phố Hà Nội|
FRAM2,Fram2 Mission,-,   -118.3500 ,   33.9200 ,-,Hawthorne|California
FRANK,Frankfurt,Frankfurt University,      8.6700 ,   50.1300 ,-,Frankfurt am Main|Hessen
FRASC,Frascati,-,     12.6800 ,   41.8200 ,-,Frascati|Lazio
FRAUN,Fraunhofer EMI,"Fraunhofer Institute for High-Speed Dynamics, EMI",      7.8400 ,   48.0000 ,-,Freiburg im Breisgau|Baden-Württemberg
FRC,FRC,-,   -117.8800 ,   34.9100 ,NASA,|California
FREIB,Freiburg,Freiburg University,      7.8500 ,   47.9900 ,-,Freiburg im Breisgau|Baden-Württemberg
FRMET,FrMeteo,-,      2.3000 ,   48.8600 ,-,Paris|Île-de-France
FSB,FSB,-,     37.6200 ,   55.7500 ,-,Москва|Москва
FSI,Future Science,Future Science Institute,    140.3700 ,   35.3900 ,HSU,一宮町|
FSU,FSU,-,    -84.3000 ,   30.4400 ,-,Tallahassee|Florida
FTB,Ft Bliss,-,   -106.4200 ,   31.8000 ,USA,|Texas
FTB2MB,Ft Bliss 2MB,-,   -106.4200 ,   31.8000 ,USA,|Texas
FTEL,France Telecom,-,      2.3100 ,   48.8600 ,-,Paris|Île-de-France
FUCHW,Fucheng Sat,Fucheng Satellite Factory,    104.7600 ,   31.4600 ,-,绵阳市|四川省
FUCHS,Fuchs,-,      8.8000 ,   53.0800 ,-,Bremen|Bremen
FUDAN,Fudan Univ,Fudan University,    121.5000 ,   31.3000 ,-,杨浦区|上海市
FUKU,Fukuoka,Fukuoka Institute of Technology,    130.4400 ,   33.7000 ,-,福岡市|
FUKUIU,Fukudai,Fukui University,    136.2100 ,   36.0800 ,-,福井市|
FUKUI,Fukui ken,Fukui Prefecture,    131.2200 ,   36.0600 ,-,
FUSEI,Fuji Seimitsu,Fuji Precision Industries Co Ltd,    139.6200 ,   35.6800 ,-,杉並区|
FUTA,FUTA,-,      5.2000 ,    7.2500 ,-,Akure|Ondo
G2P,G2P,-,     -0.6800 ,   44.8700 ,SNECPS,Le Haillan|Nouvelle-Aquitaine
G2SS,G2SS,-,    -77.0200 ,   38.9000 ,-,Washington|District of Columbia
G2SSI,G2SS (HGS) IN,-,    -77.0200 ,   38.9000 ,INTELD,Washington|District of Columbia
GABEN,Gabe Newell,-,    174.7800 ,  -36.8700 ,-,Waitematā|Auckland
GACO,GA-EMS,-,   -104.9900 ,   39.6500 ,GATOM,Englewood|Colorado
GAF,Good Ancestor,-,    -97.7900 ,   30.4600 ,-,Austin|Texas
GAHSV,General Atomics,-,    -86.5900 ,   34.7300 ,GATOM,Huntsville|Alabama
GAISH,GAISH,"Shternberg Astronomical Institute, MGU",     37.5300 ,   55.7000 ,MGU,Москва|Москва
GALAX,Galaxia,-,    -63.5900 ,   44.6500 ,-,Halifax|Nova Scotia
GAMA,Gama Space,-,      2.3000 ,   48.8600 ,-,Paris|Île-de-France
GAREF,GAREF XV,-,      2.3000 ,   48.8600 ,-,Paris|Île-de-France
GASL,GASL,-,    -73.1300 ,   40.8100 ,-,Brentwood|New York
GASLA,GASL (Allied),-,    -73.1300 ,   40.8100 ,ALAER,Brentwood|New York
GATCO,General Atomics,-,   -117.1600 ,   32.7200 ,-,San Diego|California
GATGD,General Atomics,-,   -117.1600 ,   32.7200 ,-,San Diego|California
GATGU,General Atomics,-,   -117.1600 ,   32.7200 ,-,San Diego|California
GATGU2,General Atomics,-,   -117.1600 ,   32.7200 ,-,San Diego|California
GATOM,General Atomics,-,   -117.1600 ,   32.7200 ,-,San Diego|California
GAU,GAU,Main Artillery Dept,     37.6200 ,   55.7500 ,MVS,Москва|Москва
GAU4,GAU  4U,"4th Directorate, Main Artillery Dept",     37.6200 ,   55.7500 ,GAU,Москва|Москва
GAUSS,GAUSS SrI,-,     12.4900 ,   41.8900 ,-,Roma|Lazio
GAVA,GA-EMS,-,    -77.3900 ,   38.9700 ,-,Herndon|Virginia
GAZ1,GAZ-1,State Aviation Plant No. 1,     50.1400 ,   53.2000 ,-,Самара|Самарская область
GAZC,OAO Gazcom,-,     37.8200 ,   55.9300 ,-,Королёв|Московская область
GAZS,Gazprom KS,Gazprom Space Systems,     37.8200 ,   55.9300 ,-,Королёв|Московская область
GB5,Guofang bu 5,Fifth Academy of the Ministry of Defense,    116.3800 ,   39.9200 ,CN,西城区|北京市
GCA,GCA,-,    -71.0600 ,   42.3600 ,-,Boston|Massachusetts
GCR,GCR/Redlands,-,   -117.1800 ,   34.0500 ,-,Redlands|California
GCRG,GCR/Glendale,-,   -118.2600 ,   34.1500 ,-,Glendale|California
GD,GD,-,    -77.1900 ,   38.8700 ,-,West Falls Church|Virginia
GDA,GD/A,-,   -117.1400 ,   32.8300 ,GD,San Diego|California
GDCKM,GD/Convair-KM,-,   -117.1400 ,   32.8300 ,GD,San Diego|California
GDC,GD/Convair,-,   -117.1900 ,   32.7300 ,GD,San Diego|California
GDCLS,GDCLS,-,   -117.1600 ,   32.7200 ,GD,San Diego|California
GCDX,G. Cehui dili,State Surveying and Mapping Geographic Information Bureau,    116.3800 ,   39.9200 ,GZB,西城区|北京市
GDG,GD C4 Systems,-,   -111.7900 ,   33.3500 ,GD,Gilbert|Arizona
GDOTS,GD-OTS,-,   -122.1200 ,   47.6700 ,GD,Redmond|Washington
GDPO,GD-Pomona,-,   -117.7600 ,   34.0600 ,GD,Pomona|California
GDSSD,GD SSD,-,   -117.1400 ,   32.8300 ,GD,San Diego|California
GECAP,GE Capital,-,     -5.3500 ,   36.1300 ,GE,Gibraltar|
GECO,GE,-,    -73.9400 ,   42.8100 ,-,City of Schenectady|New York
GEELY,Geely,Zhejiang Geely Holding Group,    120.1700 ,   30.2500 ,-,上城区|浙江省
GEESP,GeeSpace,GeeSpace,    121.3900 ,   31.1100 ,GEELY,闵行区|
GEEW,GE/East Windsor,-,    -74.5300 ,   40.2600 ,GE,Hightstown|New Jersey
GEMTS,GE Malta,-,    -73.8000 ,   42.9700 ,GESNY,Town of Malta|New York
GEMSD,GE/MSD,-,    -75.1600 ,   39.9500 ,GE,Philadelphia|Pennsylvania
GENC,GenCorp,-,    -81.6700 ,   41.4800 ,-,Cleveland|Ohio
GENMAT,GenMat,-,    -97.9500 ,   30.3100 ,-,Bee Cave|Texas
GEOAM,GeoCosmos,Geocosmos CJSC,     44.5100 ,   40.1800 ,AMHTI,Երևան|
GEOOPT,GeoOptics,-,   -118.1300 ,   34.1600 ,-,Pasadena|California
GEOSAT,GEOSAT,-,     -4.7200 ,   41.6500 ,GEOSAT1,Valladolid|Castilla y León
GEOSAT1,GEOSAT,-,     -9.1500 ,   38.7300 ,-,Lisboa|
GEOSK,Geoskan,Geoskan,     30.3700 ,   60.0000 ,-,Санкт-Петербург|Санкт-Петербург
GEOST,Geostar,-,    -77.0200 ,   38.9000 ,-,Washington|District of Columbia
GERSD,GE/RSD,-,    -75.1600 ,   39.9500 ,GE,Philadelphia|Pennsylvania
GESI,Gesi,Shanghai Gesi Information Tech. Co. Ltd.,    121.4700 ,   31.2300 ,SECM,上海市|上海市
GESIH,Gesi Hangtian,Shanghai GENESAT Space Tech Co Ltd.,    121.4700 ,   31.2300 ,SECM,上海市|上海市
GESNY,GE Schenectady,-,    -73.9400 ,   42.8100 ,GE,City of Schenectady|New York
GESPC,GE Spacenet,-,    -77.1800 ,   38.9300 ,AMC,McLean|Virginia
GEVF,GE/MSVD,-,    -75.4700 ,   40.1000 ,GE,Schuylkill Township|Pennsylvania
GEYE,GeoEye,-,    -77.4300 ,   39.0100 ,-,Sterling|Virginia
GEYEH,GeoEye,-,    -77.3900 ,   38.9700 ,-,Herndon|Virginia
GEYET,GeoEye/Thornton,-,   -104.9500 ,   39.9000 ,-,Thornton|Colorado
GFW,GfW,-,      7.1000 ,   50.7300 ,BMFT,Bonn|Nordrhein-Westfalen
GFZ,GFZ,-,     13.0700 ,   52.4000 ,-,Potsdam|Brandenburg
GGPEN,GGPEN,National Space Program Management,     13.2300 ,   -8.8400 ,-,Luanda|Luanda
GHALAM,Ghalam LLP,-,     71.4300 ,   51.1700 ,-,Астана|Астана
GHG,GHG,-,    -73.5600 ,   45.5100 ,-,Montréal|Québec
GHJ,G. Haiyang ju,China State Oceanic Administration,    116.3800 ,   39.9200 ,-,西城区|北京市
GHK,Gang Hang Ke,Gang Hang Ke (Shenzhen) Space Tech Co.,    113.9400 ,   22.5200 ,HKATG,南山区|广东省
GHRCE,GHRCE,-,     79.0800 ,   21.1500 ,-,Nagpur City|Maharashtra
GICZ,GI Czech,Geophysical Inst. of the Czech Academy of Sciences,     14.4200 ,   50.0800 ,-,Hlavní město Praha|Praha
GIDAI,Gidai,Gifu University,    136.7400 ,   35.4600 ,-,岐阜市|
GIFU,Gifu Ken,Gifu Prefecture,    136.7600 ,   35.4200 ,-,岐阜市|
GILM,Gilmour Space,-,    153.2800 ,   27.8200 ,-,
GIMR,GIMRADA,-,    -77.1500 ,   38.7200 ,USA,Fort Belvoir|Virginia
GIRD,GIRD,Group for the Study of Reactive Motion,     37.6200 ,   55.7500 ,-,Москва|Москва
GISTDA,GISTDA,-,    100.4900 ,   13.7500 ,-,กรุงเทพมหานคร|
GIT,GaTech,-,    -84.3900 ,   33.7600 ,-,Atlanta|Georgia
GITAI,GITAI USA,-,   -118.3400 ,   33.8300 ,-,Torrance|California
GITAIJ,GITAI Japan,-,    139.6200 ,   35.6800 ,GITAI,杉並区|
GITAIJ1,GITAI Japan,-,    139.6200 ,   35.6800 ,-,杉並区|
GITAIU,GITAI USA,-,   -118.3400 ,   33.8300 ,GITAIJ1,Torrance|California
GK,GK,-,     37.6200 ,   55.7500 ,RAKA,Москва|Москва
GKLS,GK Launch Serv.,-,     37.6200 ,   55.7500 ,GK,Москва|Москва
GKNII,GKNII,-,     59.6100 ,   47.8500 ,-,Шалқар|Ақтөбе облысы
GLOB,Globalstar,-,   -121.9000 ,   37.3300 ,-,San Jose|California
GLOBL,Globalstar,-,    -90.1000 ,   30.4800 ,-,Covington|Louisiana
GLOBT,Globalstar,-,   -121.9000 ,   37.3300 ,-,San Jose|California
GMEDD,GM EDD,-,   -118.3400 ,   33.8300 ,-,Torrance|California
GMKK,Gengyu Muxing,Gengyu Muxing Space Tech. Co. Ltd.,    116.3000 ,   39.9600 ,-,海淀区|北京市
GMS,GMS,Meteorological Service,     37.6200 ,   55.7500 ,-,Москва|Москва
GMSCO,GMS Cosmos,GMS Cosmos / Shanghai Spacecom Satellite Technology Ltd,    121.2300 ,   31.0300 ,YUANX,松江区|
GOBBZ,GO Max Valier,"Institute of Technology ""Max Valier"", Bozen",     11.3500 ,   45.6000 ,-,Cornedo Vicentino|Veneto
GOBME,GO Oskar v Miller,"Institute of Technology ""Oskar von Miller"", Meran",     11.1700 ,   46.6700 ,-,Meran - Merano|Trentino-Alto Adige/Südtirol
GOCNAE,GO CNAE,Space Activities Comission,    -43.2000 ,  -22.9100 ,-,Rio de Janeiro|Rio de Janeiro
GOEOS,Goodrich EOS,-,    -73.4700 ,   41.4000 ,-,Danbury|Connecticut
GOIG,GOI GMS,State Oceanographic Institute,     30.7434 ,   46.4857 ,-,Одеса|Одеська область
GOL2,Gol-2,-,     37.0400 ,   55.5900 ,-,Краснознаменск|Московская область
GOMSP,GOMSpace,-,      9.9200 ,   57.0500 ,-,Aalborg|Region Nordjylland
GONETS,Gonets,Gonets Satellite Systems,     37.6200 ,   55.7500 ,-,Москва|Москва
GOS,German Orb Sys,-,     13.3900 ,   52.5200 ,-,Berlin|
GOYR,Goodyear,-,    -81.5200 ,   41.0700 ,-,Akron|Ohio
GOYRP,Goodyear/Phoenix,-,   -112.0700 ,   33.4500 ,-,Phoenix|Arizona
GPAP,GP Adv Proj,-,     10.1500 ,   45.6000 ,-,Gussago|Lombardia
GPEW,GPE,-,     -0.9600 ,   51.8500 ,-,Westcott|England
GPI,GPI,Georgian Polytechnical Intellect,     44.7800 ,   41.7200 ,-,თბილისი|
GPKS,GPKS,Satellite Communications Co.,     37.6200 ,   55.7500 ,-,Москва|Москва
GRAHAA,Grahaa Space,-,     77.5800 ,   12.9800 ,-,Bengaluru|Karnataka
GRC,NASA GRC,-,    -81.8600 ,   41.4100 ,NASA,Cleveland|Ohio
GRI,GRI,-,      2.5000 ,   48.8000 ,CNET,Saint-Maur-des-Fossés|
GROC,GROC,-,      4.4800 ,   52.1700 ,-,Leiden|Zuid-Holland
GRSP,Gravity Space,-,   -121.4800 ,   45.7300 ,-,White Salmon|Washington
GRU,GRU,-,     37.6200 ,   55.7500 ,SOVA,Москва|Москва
GRUR,GRU,-,     37.6200 ,   55.7500 ,MORF,Москва|Москва
GRUM,Grummann,-,    -73.4800 ,   40.7500 ,-,Bethpage|New York
GSAEU,GNSS Agency,-,     14.4200 ,   50.0800 ,-,Hlavní město Praha|Praha
GSFC,GSFC,-,    -76.8900 ,   38.9900 ,NASA,Greenbelt|Maryland
GSOC,GSOC,-,     11.2500 ,   48.0800 ,DFVLR,Oberpfaffenhofen|Bayern
GSYU,GS Yuasa,GS Yuasa Corporation,    135.7700 ,   35.0100 ,-,京都市|
GTC,GTC,-,      7.0100 ,   43.5500 ,SUD,Cannes|Provence-Alpes-Côte d'Azur
GTE,GTE,-,    -77.1800 ,   38.9300 ,-,McLean|Virginia
GTRC,Gen Tire,-,    -81.5200 ,   41.0700 ,-,Akron|Ohio
GUGK,GUGK,Main Geodesy and Cartography Administration of the USSR,     37.6200 ,   55.7500 ,MVD,Москва|Москва
GUKOS,GUKOS,Main Space Forces Directorate,     37.6200 ,   55.7500 ,MO,Москва|Москва
GUKOSR,GUKOS RVSN,Main Space Forces Directorate,     37.6200 ,   55.7500 ,RVSN,Москва|Москва
GUMUSH,GUMUSH,-,     29.0300 ,   41.1100 ,-,Sarıyer|
GUOG,Guodian Gaokeji,Guodian HiTech Technology Co Ltd.,    116.3800 ,   39.9200 ,-,西城区|北京市
GUOX,Guoxing,ADA Space (Guoxing Aerospace Tech Co.),    104.0700 ,   30.6600 ,-,成都市|四川省
GUOZH,Guoyu Zhilian,Guoyu Zhilian Aerospace Tech Co.,    121.4700 ,   31.2300 ,-,上海市|上海市
GURVO,GURVO,Main Rocket Armaments Directorate,     37.6200 ,   55.7500 ,RVSN,Москва|Москва
GWCG,Geely WCG,Geely Satellite Super Factory,    121.4200 ,   28.6600 ,GEELY,椒江区|浙江省
GWEST,Global Western,-,   -104.8800 ,   39.7600 ,-,Denver|Colorado
GWHYZ,GWHYZ,National Satellite Oceanic Applications Center,    129.6300 ,   44.5500 ,GHJ,东兴街道|黑龙江省
GYZ,Yaogan zhongxin,State Remote Sensing Center,    116.3800 ,   39.9200 ,-,西城区|北京市
GZB,G. Ziyuan bu,Ministry of Resources and Land,    116.3800 ,   39.9200 ,-,西城区|北京市
GZZB,Ziyuan bu,Ministry of Natural Resources,    116.3800 ,   39.9200 ,-,西城区|北京市
HAC,HAC,-,   -118.4000 ,   34.0100 ,-,Culver City|California
HACES,HAC,-,   -118.4100 ,   33.9200 ,HAC,El Segundo|California
HADC,HADC,-,   -106.1100 ,   32.8500 ,HAFB,|New Mexico
HAFB,HAFB,-,   -106.1100 ,   32.8500 ,USAF,|New Mexico
HAITAO,Haitao Intl,Haitao International Group,    -64.6200 ,   18.4300 ,-,Road Town|
HAIWS,Hainan Weixing,Hainan Satellite Data and App. Research Center,    110.9500 ,   19.6200 ,-,文昌市|海南省
HAL,HAL,-,     77.5800 ,   12.9800 ,-,Bengaluru|Karnataka
HAL5,HAL5,-,    -86.5900 ,   34.7300 ,-,Huntsville|Alabama
HAM,AeroMed,-,   -106.1100 ,   32.8500 ,HADC,|New Mexico
HAMU,Hampton U,-,    -76.3300 ,   37.0200 ,-,Hampton|Virginia
HANAU,Hankuk AvU,"Hankuk Aviation University, Space System Research Lab",    126.8000 ,   37.6500 ,-,고양시|
HANCOM,Hancom InSpace,-,    127.3900 ,   36.3500 ,-,대전광역시|
HANGZ,Hangzhou Dianzi,Hangzhou Dianzi University,    120.1500 ,   30.2700 ,-,西湖区|浙江省
HANWHA,Hanwha,Hanwha Corporation,    126.9700 ,   37.5700 ,-,서울특별시|
HAO,HAO,-,   -105.2700 ,   40.0100 ,NCAR,Boulder|Colorado
HARB,Harbin,Harbin Institute of Technology,    126.6300 ,   45.7400 ,-,哈尔滨市|黑龙江省
HARK,Hartron-Arkos,-,     36.2300 ,   50.0000 ,-,Харків|Харківська область
HANGSH,Hangsheng,Hunan Hangsheng Satellite Technology Co. Ltd,    112.9400 ,   28.2300 ,-,岳麓区|湖南省
HARSEI,Harada Seiki,Harada Seiki Co.,    137.7300 ,   34.7100 ,-,浜松市|
HARP,HARP,-,    -73.5600 ,   45.5100 ,-,Montréal|Québec
HARR,Harris SIS,-,    -80.6000 ,   28.0100 ,-,Malabar|Florida
HARRL3,L3Harris SIS,-,    -80.6000 ,   28.0100 ,-,Malabar|Florida
HASTD,HamiltonStd,-,    -72.6500 ,   41.9300 ,UAC,Windsor Locks|Connecticut
HASUN,HamiltonSun,-,    -72.6500 ,   41.9300 ,UTC2,Windsor Locks|Connecticut
HAVEL,HAVELSAN,HAVELSAN,     32.8700 ,   39.9300 ,-,Ankara|Ankara
HAWK,HISS,-,    -75.5600 ,   38.0700 ,-,Pocomoke City|Maryland
HBUT,Hubei U. Tech,Hubei University of Technology,    114.3200 ,   30.4800 ,-,洪山区|湖北省
HCG,HCG,-,   -118.4100 ,   33.9200 ,HCI,El Segundo|California
HCI,HCI,-,   -118.4100 ,   33.9200 ,HEC,El Segundo|California
HCIE,HCI,-,   -118.4100 ,   33.9200 ,ECHO,El Segundo|California
HCO,HCO,-,    -71.1300 ,   42.3800 ,-,Cambridge|Massachusetts
HCS,HCS,-,   -118.4100 ,   33.9200 ,HEC,El Segundo|California
HCT,HCT,-,     55.3000 ,   25.2600 ,-,ديرة|دبي
HDOS,Hughes Danbury,-,    -73.4700 ,   41.4000 ,-,Danbury|Connecticut
HE360,HawkEye 360,-,    -77.3900 ,   38.9700 ,-,Herndon|Virginia
HEAD,HEAD,Beijing HEAD Aerospace Technology Co. Ltd.,    116.3800 ,   39.9200 ,-,西城区|北京市
HEC,HEC,-,   -118.4100 ,   33.9200 ,-,El Segundo|California
HEDRON,Hedron,-,    -71.1100 ,   42.3700 ,-,Cambridge|Massachusetts
HEID,Heidelb.,Heidelberg Observatory,      8.7300 ,   49.4000 ,-,Heidelberg|Baden-Württemberg
HELLO,Hello Space,-,     32.8700 ,   39.9300 ,-,Ankara|Ankara
HELSA,HellasSat,"HellasSat Consortium Ltd., OTE Group",     23.8000 ,   38.0500 ,-,|Αποκεντρωμένη Διοίκηση Αττικής
HELSAR,HellasSat,"HellasSat Consortium Ltd., OTE Group",     23.8000 ,   38.0500 ,ARAB,|Αποκεντρωμένη Διοίκηση Αττικής
HELW,Helios Wire,-,   -123.1000 ,   49.2500 ,-,Vancouver|British Columbia
HELWE,Helios Wire,-,   -123.1000 ,   49.2500 ,ECHOC,Vancouver|British Columbia
HEMER,Hemeria,-,      1.4700 ,   43.5600 ,-,Toulouse|Occitanie
HENAN,Henan Ligong,Henan Polytechnic University,    113.2400 ,   35.2200 ,-,解放区|河南省
HERA,Hera Systems,-,   -121.7800 ,   37.2300 ,-,San Jose|California
HERAK,Herakles,-,     -0.6800 ,   44.8700 ,SAFRAN,Le Haillan|Nouvelle-Aquitaine
HERAKS,Herakles,-,     -0.7200 ,   44.9000 ,SAFRAN,Saint-Médard-en-Jalles|Nouvelle-Aquitaine
HERC,Hercules,-,   -112.0800 ,   40.7000 ,-,Magna|Utah
HERCM,Hercules McGregor,-,    -97.4200 ,   31.4300 ,HERC,McGregor|Texas
HERCR,Hercules/Radford,-,    -80.5700 ,   37.1300 ,HERC,Radford|Virginia
HEX20,Hex20Labs,-,     76.9400 ,    8.5200 ,-,Thiruvananthapuram|Kerala
HEXI,Hexi,China Hexi Chemical and Machinery Co. (CASIC6),    111.6400 ,   40.8100 ,CASIC,回民区 ᠬᠣᠲᠣᠩ ᠠᠷᠠᠳ ᠤᠨ ᠲᠣᠭᠣᠷᠢᠭ|内蒙古自治区 ᠦᠪᠦᠷ ᠮᠣᠩᠭᠤᠯ ᠤᠨ ᠥᠪᠡᠷᠲᠡᠭᠡᠨ ᠵᠠᠰᠠᠬᠣ ᠣᠷᠣᠨ
HEXI4A,CASC 4th Acad.,4th Academy,    111.6400 ,   40.8100 ,JGB7,回民区 ᠬᠣᠲᠣᠩ ᠠᠷᠠᠳ ᠤᠨ ᠲᠣᠭᠣᠷᠢᠭ|内蒙古自治区 ᠦᠪᠦᠷ ᠮᠣᠩᠭᠤᠯ ᠤᠨ ᠥᠪᠡᠷᠲᠡᠭᠡᠨ ᠵᠠᠰᠠᠬᠣ ᠣᠷᠣᠨ
HGD,Hangtiang Gongda,PLA SSF Space Engineering University,    116.6300 ,   40.3200 ,ZLZB,怀柔区|北京市
HGS,HGS,-,   -118.4100 ,   33.9200 ,-,El Segundo|California
HGS1,HGS,-,   -118.4100 ,   33.9200 ,-,El Segundo|California
HHI,HHI,-,     13.5300 ,   52.4300 ,-,Berlin|
HHJ,Hangtian Henxing,Space Star Technology Ltd,    116.3000 ,   39.9600 ,-,海淀区|北京市
HIBER,Hiber,-,      4.3600 ,   52.0100 ,-,Delft|Zuid-Holland
HIBERA,Hiber/Astrocadst,-,      4.3600 ,   52.0100 ,ACAST,Delft|Zuid-Holland
HIN,HiN Narvik,Narvik University College,     17.4300 ,   68.4400 ,-,Narvik|
HIROG,Hiroo Gakuen,Hiroo Gakuen Junior and Senior School,    139.7200 ,   35.6500 ,-,渋谷区|
HISD,Hisdesat,-,     -3.7200 ,   40.3800 ,HISP,Madrid|Comunidad de Madrid
HISKY,hiSky,-,     34.9500 ,   32.1000 ,-,ראש העין|מחוז המרכז
HISP,Hispasat,-,     -3.7200 ,   40.3800 ,-,Madrid|Comunidad de Madrid
HISPM,Hispamar,-,    -43.2000 ,  -22.9100 ,HISP,Rio de Janeiro|Rio de Janeiro
HISTAR,HiStarlink,Helium Star (HiStarlink),    121.4400 ,   31.1700 ,-,徐汇区|上海市
HITS,HIT Shenzhen,HIT Shenzhen Graduate School,    114.1000 ,   22.5500 ,HARB,罗湖区|广东省
HITSAT,Harbin Gongda,Harbin Gongda Satellite Tech. Co Ltd.,    126.6300 ,   45.7400 ,-,哈尔滨市|黑龙江省
HKATG,HKATG,Hong Kong Aerospace Technology Group,    114.1400 ,   22.2800 ,-,香港島 Hong Kong Island|香港 Hong Kong
HKKGF,HKKGF,Aerospace Science and Tech. Space Eng. Dvpt. Co Ltd.,    116.3000 ,   39.9600 ,-,海淀区|北京市
HKU,Hong Kong Univ.,-,    114.1400 ,   22.2800 ,-,香港島 Hong Kong Island|香港 Hong Kong
HKUST,HKUST,Hong Kong Univ. of Science and Technology,    114.2600 ,   22.3400 ,-,西貢區 Sai Kung District|香港 Hong Kong
HNS,Hughes NS,-,    -77.2700 ,   39.1800 ,HEC,Germantown|Maryland
HNUST,Hunan UST,Hunan Univ. of Sci. and Tech.,    112.9200 ,   27.9000 ,-,雨湖区|湖南省
HOCO,Horning-Cooper,-,   -118.0000 ,   34.1500 ,-,Monrovia|California
HOG,HOG,-,      8.6900 ,   53.8600 ,-,Cuxhaven|Niedersachsen
HOKIT,HokkaidoIT,Hokkaido Institute of Technology,    141.3500 ,   43.0700 ,-,札幌市|
HOKK,Hokkaidodai,Hokkaido University,    141.3500 ,   43.0700 ,-,札幌市|
HONEY,Honeywell Aer.,-,    -82.7600 ,   27.9700 ,-,Clearwater|Florida
HONEYA,Honeywell/Ayles.,-,     -0.8100 ,   51.8200 ,HONEY,Aylesbury|England
HONGQ,Hongqing Keji,"Shanghai Blue Arrow Hongqing Technology Co., Ltd.",    121.4500 ,   31.2200 ,-,徐汇区|上海市
HORT,Horizon Tech,-,     -0.9300 ,   51.4600 ,-,|England
HORZ,Horizons,-,   -151.5300 ,   59.6400 ,-,Homer|Alaska
HOUS,Houston,-,    -95.3800 ,   29.7600 ,-,Houston|Texas
HOUW,Houwteq,-,     19.0200 ,  -34.1500 ,-,Theewaterskloof Local Municipality|Western Cape
HPS,HPS GmbH,-,     11.5700 ,   48.1300 ,-,München|Bayern
HQK,Hongqing Keji,Hongqing Technology - Wuxi factory,    102.2200 ,   31.6600 ,HONGQ,|四川省
HQZS,Huai'an,Huai'an Youth Comprehensive Development Base,    119.1300 ,   33.5000 ,-,淮安区|江苏省
HRBS,HRB-Singer,-,    -77.8600 ,   40.7900 ,-,State College|Pennsylvania
HRBSE,E-Systems HRBS,-,    -77.8600 ,   40.7900 ,ESYS,State College|Pennsylvania
HSCIL,Herzliya,-,     34.8500 ,   32.1700 ,-,הרצליה|מחוז תל אביב
HSD,HSD,-,     -0.2000 ,   51.9000 ,-,Stevenage|England
HSEDD,Hughes EDD,-,   -118.3400 ,   33.8300 ,-,Torrance|California
HSES,Hughes,-,   -118.4100 ,   33.9200 ,HEC,El Segundo|California
HSTM,HSTM,-,   -155.0900 ,   19.7000 ,-,Hilo|Hawaii
HSU,Happy Sci U,-,    140.3700 ,   35.3900 ,-,一宮町|
HTGC,Hangtian Gongch.,PLA Aerospace Engineering University,    116.3000 ,   39.9600 ,PLA,海淀区|北京市
HTSTL,HTSTL,Hangtian-Tsinghua Satellite Technology Ltd.,    116.3000 ,   39.9600 ,TSHUA,海淀区|北京市
HUAMI,Huami Tech,Huami Technology,    116.3000 ,   39.9600 ,-,海淀区|北京市
HUAYI,Huayi,Huayi Hongda Technology Dev. Co. Ltd,    108.9900 ,   34.2600 ,-,碑林区|陕西省
HUAZH,Huazhong U.,Huazhong University of Science and Technology,    114.4100 ,   30.5100 ,-,洪山区|湖北省
HUBN,Hubble Network,-,   -115.1400 ,   36.1800 ,-,Las Vegas|Nevada
HUMFA,Hungary MFA,"Ministry of Foreign Affairs and Trade, Hungary",     19.0500 ,   47.4900 ,-,Budapest|
HUMS,Hughes Missiles,-,   -110.9300 ,   32.2200 ,-,Tucson|Arizona
HUNOR,HUNOR,-,     19.0500 ,   47.4900 ,MUI,Budapest|
HUNTE,Hunting Eng.,-,     -0.4900 ,   52.0300 ,-,Ampthill|England
HUOPI,Huoyan Pi,Rocket Pi Space Technology Ltd,    116.2600 ,   40.0700 ,-,海淀区|北京市
HUOYAN,Huoyan,Huoyan Position Digital Intelligence Tech Service Co Ltd.,    121.4700 ,   31.2300 ,-,上海市|上海市
HUPO,Hughes-Pomona,-,   -117.7600 ,   34.0600 ,-,Pomona|California
HUS,Hokkaido U.Sci.,Hokkaido University of Science,    141.2500 ,   43.1300 ,-,札幌市|
HUSAT,Hunan Saidlet,Hunan Satellite Intelligent Manufacturing Factory,    113.1300 ,   27.8300 ,-,株洲市|湖南省
HVP,Peenemunde,-,     13.7900 ,   54.1400 ,WEHR,Peenemünde|Mecklenburg-Vorpommern
HXK,Xinjiang H.Keji,Aerospace (Xinjiang) Sci Tech Research Inst. Co. Ltd.,     87.6100 ,   43.8200 ,-,乌鲁木齐市 ئۈرۈمچى|新疆维吾尔自治区 شىنجاڭ ئۇيغۇر ئاپتونوم رايونی
HXKJ,Hainan Xiandai,Hainan Modern Technology Group,    110.3300 ,   20.0100 ,-,龙华区|海南省
HXWK,Xuanying Wangluo,Hangzhou Xuanying Network Technology Co Ltd.,    120.1500 ,   30.2700 ,-,西湖区|浙江省
HYD,Hangtian Yuan D.,PLA Astronaut Brigade,    116.2600 ,   40.0700 ,ZLZB,海淀区|北京市
HYDRA,Hydra Space,-,     -3.5900 ,   40.4700 ,-,Madrid|Comunidad de Madrid
HYDRO,Hydrosat,-,      6.1400 ,   49.6000 ,-,Luxembourg|
HYEND,HyEnD,-,      9.1800 ,   48.7800 ,IRSS,Stuttgart|Baden-Württemberg
HYIMP,HyImpulse,-,      9.3300 ,   49.2300 ,-,Neuenstadt|Baden-Württemberg
HYPGG,Hypergiant Gal.,-,    -95.3800 ,   29.7600 ,-,Houston|Texas
HYSIQ,HyspecIQ,-,    -77.0200 ,   38.9000 ,-,Washington|District of Columbia
I2CAT,i2CAT,-,      2.1800 ,   41.3800 ,-,Barcelona|Catalunya
IAA,IAA,-,     -3.6000 ,   37.1800 ,-,Granada|Andalucía
IAC,IAC,-,    -16.3200 ,   28.4800 ,-,San Cristóbal de La Laguna|
IACG,IAC Glonass,GLONASS Information-Analytic Center,     37.8200 ,   55.9300 ,FKA,Королёв|Московская область
IADN,IADN,-,     34.6900 ,   31.9000 ,-,יבנה|מחוז המרכז
IAE,IAE,Aeronautics and Space Institute,    -45.8800 ,  -23.1900 ,BRCTA,São José dos Campos|São Paulo
IAF,IAF,Israeli Air Force,     34.7900 ,   32.0700 ,-,תל־אביב–יפו|מחוז תל אביב
IASF,IASF,Israeli Air and Space Force,     34.7900 ,   32.0700 ,-,תל־אביב–יפו|מחוז תל אביב
IAF167,"Wing 167, IAF",-,     34.6900 ,   31.9000 ,-,יבנה|מחוז המרכז
IAFE,IAFE-BA,Astronomy and Space Physics Instiute,    -58.3800 ,  -34.6000 ,-,Buenos Aires|Ciudad Autónoma de Buenos Aires
IAI,IAI,-,     34.8800 ,   32.0300 ,-,יהוד מונוסון|מחוז המרכז
IAIS,IAI Spacecom,-,     34.8200 ,   32.0800 ,IAI,רמת גן|מחוז תל אביב
IAM,GosNIIAM,State Research Experimental Inst. of Aviation Medicine,     37.6200 ,   55.7500 ,-,Москва|Москва
IAP,IAP,Leibnitz Institute for Atmospheric Physics,     11.7500 ,   54.1300 ,-,Kühlungsborn|Mecklenburg-Vorpommern
IARI,ARI Tehran,-,     51.3900 ,   35.6900 ,-,شهر تهران|استان تهران
IASB,IASB,-,      4.3300 ,   50.8000 ,-,Uccle - Ukkel|
IBM,IBM,-,    -82.7900 ,   27.9100 ,-,Largo|Florida
IBMH,IBM/HSV,-,    -86.5900 ,   34.7300 ,IBM,Huntsville|Alabama
IBSI,IBSI,-,    -82.7900 ,   27.9100 ,-,Largo|Florida
ICANS,ICANS,-,      4.9000 ,   52.3700 ,-,Amsterdam|Noord-Holland
ICEUS,ICEYE US,-,   -117.8200 ,   33.6700 ,ICEYE,Irvine|California
ICEYE,ICEYE,-,     24.9400 ,   60.1700 ,-,Helsinki|Uusimaa
ICH,Interstellar C.,-,    -80.1200 ,   25.8100 ,-,Miami Beach|Florida
ICO,ICO,-,     -0.1300 ,   51.5100 ,-,City of Westminster|England
ICOH,ICO Holdings,-,    -77.3500 ,   38.9500 ,-,Reston|Virginia
ICOK,ICO Holdings,-,   -122.1900 ,   47.6900 ,-,Kirkland|Washington
ICONA,ICO North America,-,    -77.3500 ,   38.9500 ,ICOH,Reston|Virginia
ICST,ICST,-,     -0.1800 ,   51.5000 ,-,City of Westminster|England
ICTQ,ictQATAR,-,     51.5300 ,   25.2900 ,-,الدوحة|
IDF,IDF,-,     34.7800 ,   32.0700 ,-,תל־אביב–יפו|מחוז תל אביב
IDFN,IDF Navy,Israeli Navy,     34.9800 ,   32.8200 ,-,חיפה|מחוז חיפה
IDG,IDG,Insitute for the Dynamics of Geospheres,     37.6200 ,   55.7500 ,-,Москва|Москва
IDRDL,DRDL,-,     78.4800 ,   17.3700 ,-,Hyderabad|Telangana
IEEC,IEEC,Institute for Space Studies of Catalonia,      2.1800 ,   41.3800 ,-,Barcelona|Catalunya
IEI,IEI,Iran Electronics Industries,     51.3900 ,   35.6900 ,-,شهر تهران|استان تهران
IEM,IEM,Institute of Experimental Meteorology,     36.6100 ,   55.0900 ,-,Обнинск|Калужская область
IFAMR,IFA-Munchen,-,     11.6900 ,   48.1400 ,-,München|Bayern
IFE,IFE,-,     13.5300 ,   52.4300 ,-,Berlin|
IFPF,DLR IFPF,-,     13.5300 ,   52.4300 ,DLR,Berlin|
IGC,Intelsat Gen,-,    -77.0200 ,   38.9000 ,INTELB,Washington|District of Columbia
IHI,IHI,Ishikawajima-Harima Heavy Industries Co. Ltd,    139.8200 ,   35.6700 ,-,江東区|
IHIC,IHI Corp,IHI Corporation,    139.8200 ,   35.6700 ,-,江東区|
IHIA,IHI Aerospace,-,    138.8900 ,   36.2600 ,-,富岡市|
IHIO,IHI Ogikubo,-,    139.6200 ,   35.6800 ,IHI,杉並区|
IIAE,IIAE,Institute for Aerospace Research,    -64.1800 ,  -31.4200 ,-,Córdoba|Córdoba
IIST,Tokyo IIS,Tokyo Univ. Inst of Industrial Sci.,    139.6800 ,   35.6600 ,TOK,目黒区|
IISTC,IIS Tokyo,"Institute of Industrial Science, Tokyo",    140.1200 ,   35.6100 ,TOK,千葉市|
IISTT,IIST Kerala,-,     77.0300 ,    8.6200 ,-,Nedumangad|Kerala
IITB,IITB,-,     72.9200 ,   19.1300 ,-,Mumbai|Maharashtra
IITK,IITK,-,     80.2300 ,   26.1100 ,-,|Uttar Pradesh
IITM,IITM,-,     74.7800 ,   18.5400 ,-,|Maharashtra
IITMC,IITMD,-,     80.2300 ,   12.9900 ,-,Chennai Corporation|Tamil Nadu
IK,IK,-,     37.6200 ,   55.7500 ,-,Москва|Москва
IKF,IKF,-,     13.5300 ,   52.4300 ,-,Berlin|
IKI,IKI,-,     37.6200 ,   55.7500 ,-,Москва|Москва
ILC,ILC,"Ionosphere Lab, Copenhagen (DTU)",     12.5000 ,   55.7800 ,DTU,Kongens Lyngby|Region Hovedstaden
ILS,ILS,-,   -117.1600 ,   32.7200 ,-,San Diego|California
ILSK,ILS-K,-,     37.6200 ,   55.7500 ,KHRU,Москва|Москва
ILSKR,ILS,-,    -77.3500 ,   38.9500 ,KHRU,Reston|Virginia
ILSGK,ILS,-,    -77.3500 ,   38.9500 ,GK,Reston|Virginia
ILSL,ILS-LMA,-,    -77.1800 ,   38.9300 ,LM,McLean|Virginia
IMAG,ImageSatIntl,-,    -68.9300 ,   12.1200 ,-,Willemstad|
IMAGT,ImageSat,-,     34.7800 ,   32.0700 ,IMAG,תל־אביב–יפו|מחוז תל אביב
IMASSA,IMASSA,Aerospace Medical Institute Defense research centre,      2.3000 ,   48.6100 ,-,Brétigny-sur-Orge|Île-de-France
IMAX,IMAX,-,    -79.6500 ,   43.6000 ,-,
IMBP,IMBP,Insitute of Medical-Biological Problems,     37.6200 ,   55.7500 ,-,Москва|Москва
IMD,IMD,-,     77.2100 ,   28.6200 ,-,New Delhi|
IMDP,IMD-Pune,-,     73.8600 ,   18.5200 ,IMD,Pune City|Maharashtra
IMGW,IMGW,Institute of Meteorology and Water Management,     21.0200 ,   52.2300 ,-,Warszawa|województwo mazowieckie
IMICAS,IMI/CAS,"Institute of Microsatellite Innovation, CAS",    121.4700 ,   31.2300 ,SECM,上海市|上海市
IMIS,IMI Summerfield,-,     -1.9400 ,   52.4800 ,-,Birmingham|England
IMPUL,Impulse Space,-,   -118.4100 ,   33.9200 ,-,El Segundo|California
INAF,Indian AF,-,     77.2100 ,   28.6200 ,-,New Delhi|
INAFI,INAF Roma,National Institute of Astrophysics,     12.4600 ,   41.9200 ,-,Roma|Lazio
INASAN,INASAN,"Insitute of Astronomy, Russian Acad. Sci.",     37.6200 ,   55.7500 ,ANRF,Москва|Москва
INAV,Indian Navy,-,     77.2100 ,   28.6100 ,-,New Delhi|
INAVC,IN ACNS(CSNCO),-,     77.2100 ,   28.6100 ,INAV,
INCO,INCOSP,-,     72.8100 ,   18.9100 ,-,Mumbai|Maharashtra
INCOT,INCOSPAR-TERLS,-,     76.8700 ,    8.5300 ,-,Thumba|Kerala
INDO,Indostar,-,    106.8200 ,   -6.2000 ,-,Jakarta Pusat|
INDOS,Indosat,-,    106.8200 ,   -6.2000 ,-,Jakarta Pusat|
INDOO,Indosat Ooredoo,-,    106.8200 ,   -6.2000 ,-,Jakarta Pusat|
INETI,INETI,-,     -9.2200 ,   38.7300 ,-,Oeiras|
INFER,Interfer,-,    -77.4000 ,   38.8800 ,-,Greenbriar|Virginia
INFOC,InFocus,-,   -106.1900 ,   35.0700 ,-,Edgewood|New Mexico
INFK,AO Informkosmos,-,     37.6200 ,   55.7500 ,NPOPM,
INHA,Inha U.,Inha University,    126.6500 ,   37.4500 ,-,인천광역시|
INMAR,INMARSAT,-,     -0.1000 ,   51.5400 ,I-INM,Greater London|England
INMRL,INMARSAT-Ltd,-,     -0.1000 ,   51.5400 ,-,Greater London|England
INMRV,INMARSAT-Ltd,-,     -0.1000 ,   51.5400 ,VIA,
INNO,Innova Space,-,    -57.5500 ,  -38.0000 ,-,
INNOSP,Innospace,-,    127.2800 ,   36.4900 ,-,
INOVOR,Inovor,-,    138.6000 ,  -34.9200 ,-,Adelaide|South Australia
INPE,INPE,National Institute of Space Research,    -45.8800 ,  -23.1900 ,-,São José dos Campos|São Paulo
INPES,INPE CRS,INPE Southern Regional Space Center,    -53.8000 ,  -29.6800 ,-,Santa Maria|Rio Grande do Sul
INSBAE,In-Space BAE,-,     -0.8600 ,   51.1200 ,-,
INSP4,Inspiration4,-,   -118.3500 ,   33.9200 ,-,
INSPM,In-Space,-,     -0.8600 ,   51.1200 ,-,
INSSET,INSSET,INSSET,      3.2900 ,   49.8500 ,-,Saint-Quentin|Hauts-de-France
INSYS,Insys Ltd,-,     -0.4900 ,   52.0300 ,-,Ampthill|England
INTA,INTA,National Institute of Aerospace Technology,     -3.4500 ,   40.5000 ,-,Ajalvir|Comunidad de Madrid
INTEL,INTELSAT,-,    -77.0200 ,   38.9000 ,I-INT,Washington|District of Columbia
INTELB,Intelsat Ltd,-,    -64.7800 ,   32.3000 ,-,|Pembroke
INTELD,Intelsat Ltd (US),-,    -77.0200 ,   38.9000 ,INTELB,Washington|District of Columbia
INTELS,Intelsat SA,-,      6.1300 ,   49.6100 ,-,Luxembourg|
INTELU,Intelsat SA (US),-,    -77.0200 ,   38.9000 ,INTELS,Washington|District of Columbia
INTMA,Intuitive Mach.,-,    -95.1000 ,   29.5900 ,-,
INTUDX,Intuidex,-,    -75.3700 ,   40.6300 ,-,Bethlehem|Pennsylvania
INVAP,INVAP,-,    -71.3000 ,  -41.1500 ,-,San Carlos de Bariloche|Río Negro
INVER,Inversion Space,-,   -118.2000 ,   33.7700 ,-,Long Beach|California
IOS,Interorbital,-,   -118.1700 ,   35.0500 ,INTELS,Mojave|California
IOWASU,Iowa State,-,    -93.6500 ,   42.0300 ,-,Ames|Iowa
IPN,IPN,-,    -99.1400 ,   19.5000 ,-,Ciudad de México|Ciudad de México
IPSF,IPSF,-,   -117.8200 ,   33.6700 ,-,Irvine|California
IPW,IPW,-,      7.8500 ,   47.9800 ,-,Freiburg im Breisgau|Baden-Württemberg
IQ223,Iraq Brigade 223,-,     44.4300 ,   33.3300 ,IQA,بغداد|محافظة بغداد
IQ224,Iraq Brigade 224,-,     44.4300 ,   33.3300 ,IQA,بغداد|محافظة بغداد
IQA,Iraqi Army,-,     44.4300 ,   33.3300 ,-,بغداد|محافظة بغداد
IQMIC,Iraq MIC,-,     44.4300 ,   33.3300 ,-,بغداد|محافظة بغداد
IQMOST,Iraq MOST,Ministry of Science and Technology,     44.4300 ,   33.3300 ,-,بغداد|محافظة بغداد
IQSSM,SSMRD,-,     44.4300 ,   33.3300 ,IQMIC,بغداد|محافظة بغداد
IRF,IRF Kiruna,Swedish Inst of Space Physics,     20.2200 ,   67.8500 ,-,Kiruna|
IRFU,IRF Uppsala,Swedish Inst of Space Physics,     17.6400 ,   59.8600 ,-,Uppsala|
IRGC,IRGC,-,     55.3300 ,   36.2000 ,-,دهستان طرود|استان سمنان
IRID,Iridium,-,    -77.0200 ,   38.9000 ,-,Washington|District of Columbia
IRIDS,Iridium,-,    -77.1100 ,   38.9800 ,-,Bethesda|Maryland
IRMB,IRMB,Royal Meteorological Inst. of Belgium,      4.3300 ,   50.8000 ,-,Uccle - Ukkel|
IROST,IROST,-,     51.3900 ,   35.6900 ,-,شهر تهران|استان تهران
IRSA,IRSA,Iranian Space Agency,     51.3900 ,   35.6900 ,-,شهر تهران|استان تهران
IRSS,IRS Stuttgart,-,      9.1800 ,   48.7800 ,-,Stuttgart|Baden-Württemberg
ISA,ISA,Israel Space Agency,     34.7800 ,   32.0700 ,IL,תל־אביב–יפו|מחוז תל אביב
ISAC,ISRO SAC/Banga,-,     77.5800 ,   12.9800 ,-,Bengaluru|Karnataka
ISACA,ISRO SAC/Ahm.,-,     72.5800 ,   23.0300 ,-,Ahmedabad|Gujarat
ISAE,ISAE,National Higher School of Aeronautics and Space,      1.4700 ,   43.5600 ,-,Toulouse|Occitanie
ISAEV,Isaev,Factory 293 (Isaev),     37.8200 ,   55.9300 ,-,Королёв|Московская область
ISAR,Isar Aerospace,-,     11.6600 ,   48.0700 ,-,Ottobrunn|Bayern
ISAS,ISAS,Institute of Space and Aeronautical Sci,    139.6800 ,   35.6600 ,-,目黒区|
ISASJ,ISAS/JAXA,Institute of Space and Astronautical Sci,    139.3700 ,   35.5700 ,JAXA,相模原市|
ISASM,ISAS,Institute of Space and Astronautical Sci,    139.6800 ,   35.6600 ,MONBU,目黒区|
ISASS,ISAS,Institute of Space and Astronautical Sci,    139.3700 ,   35.5700 ,-,相模原市|
ISCAS,Inst. Software,"Institute of Software, Chinese Academy of Sciences",    116.3000 ,   39.9600 ,-,海淀区|北京市
ISFC,India SFC,-,     77.2100 ,   28.6100 ,-,New Delhi|
ISIL,ISILAUNCH,-,      4.3600 ,   52.0100 ,ISISBV,Delft|Zuid-Holland
ISISBV,ISIS BV,-,      4.3600 ,   52.0100 ,-,Delft|Zuid-Holland
ISKRM,MKB Iskra,-,     37.6200 ,   55.7500 ,-,Москва|Москва
ISKRP,OAO NPO Iskra,-,     56.3200 ,   58.0000 ,-,Пермь|Пермский край
ISKY,iSky,-,     14.4200 ,   50.0800 ,-,Hlavní město Praha|Praha
ISOI,ISOI RAN,Institute of Image Processing Systems RAS,     50.1400 ,   53.2000 ,-,Самара|Самарская область
ISPACE,iSpace,-,    139.7700 ,   35.6800 ,-,中央区|
ISPEUR,iSpace Europe,-,      6.1300 ,   49.6100 ,-,Luxembourg|
ISPUT,Intersputnik,-,     37.6200 ,   55.7500 ,-,Москва|Москва
ISRA,ISRA,Institute of Space Research and Aerospace,     15.6300 ,   32.5300 ,-,|محافظة بني وليد
ISRC,ISRC,Iran Space Research Institute,     51.3900 ,   35.6900 ,-,شهر تهران|استان تهران
ISRO,ISRO,-,     77.5800 ,   12.9800 ,-,Bengaluru|Karnataka
ISROT,ISRO TERLS,-,     76.8700 ,    8.5300 ,-,Thumba|Kerala
IST,Interstellar Tech,-,    143.2800 ,   42.5000 ,-,大樹町|
ISTL,IST Lisboa,-,     -9.1400 ,   38.7400 ,-,Lisboa|
ISTPK,IST,-,     73.0700 ,   33.7200 ,-,بلیو ایریا|وفاقی دارالحکومت اسلام آباد
ITA,ITA,-,    -45.8800 ,  -23.1900 ,-,São José dos Campos|São Paulo
ITBW,IT-AMTBw,-,      7.6000 ,   50.3600 ,BWEHR,Koblenz|Rheinland-Pfalz
ITCR,TEC Costa Rica,Costa Rica Institute of Technology,    -83.9100 ,    9.8500 ,-,Dulce Nombre|
ITRC,ITRC,-,     51.3900 ,   35.6900 ,-,شهر تهران|استان تهران
ITSK,ITs Keldysh,Keldysh Research Center,     37.5000 ,   55.8700 ,-,Москва|Москва
ITT,ITT,-,    -74.1600 ,   40.8200 ,-,Nutley|New Jersey
ITTANK,Int.Think Tank,-,    -75.1600 ,   39.9500 ,-,Philadelphia|Pennsylvania
ITUTR,ITU SSDTL,Istanbul Technical University,     29.0300 ,   41.1100 ,-,Sarıyer|
IUST,Elm-o Sanat,Iran University of Science and Technology,     51.3900 ,   35.6900 ,-,شهر تهران|استان تهران
IZM,IZMIRAN,"Inst. of Terrestrial Magnetism, Ionos. and RW Prop.",     37.3100 ,   55.4900 ,-,район Троицк|Москва
J061,061 Jidi,"CASIC Base 061, CASIC 4th Acad?",    106.9000 ,   27.6800 ,CASIC4A,红花岗区|贵州省
JACOBS,Jacobs,-,    -96.8000 ,   32.7900 ,-,Dallas|Texas
JARL,JARL,-,    139.7200 ,   35.7300 ,-,豊島区|
JAXA,JAXA,Japan Aerospace Exploration Agency,    139.5400 ,   35.6500 ,-,調布市|
JAXAC,JAXA Chofu,Chofu Aerospace Center,    139.5400 ,   35.6500 ,-,調布市|
JBO,Jodrell,-,     -2.3100 ,   53.2400 ,-,Lower Withington|England
JCAB,JCAB,Japan Civil Aviation Bureau (Board),    139.7500 ,   35.6900 ,-,千代田区|
JCSAT,JCSAT,-,    139.7500 ,   35.6600 ,-,港区|
JDA,JDA,Japan Defense Agency,    139.7500 ,   35.6600 ,-,港区|
JENA,Jena,-,     11.5900 ,   50.9300 ,-,Jena|Thüringen
JENAA,Jena (Astrium),-,     11.5900 ,   50.9300 ,ASTD,Jena|Thüringen
JENAU,Uni Jena,Freidrich Schiller University Jena,     11.5900 ,   50.9300 ,-,Jena|Thüringen
JGB7,7 Jixie Gon.bu,Seventh Ministry of Machine Building,    116.3800 ,   39.9200 ,CN,西城区|北京市
JHB,PLA MSF,Military Aerospace Force,    116.3800 ,   39.9200 ,PLA,西城区|北京市
JHQJ,Jianghui Center,Jianghuai Frontier Technology Collaborative Innovation Ctr,    117.2300 ,   31.8200 ,-,蜀山区|安徽省
JHU,JHU,-,    -76.6200 ,   39.3300 ,-,Baltimore|Maryland
JIG,Jigang Jituan,Jigang Group,    117.0500 ,   36.6800 ,-,历城区|山东省
JIGU,Jiguang Xingtong,Aurora Star Tech Co. Ltd.,    116.3800 ,   39.9200 ,CN,西城区|北京市
JIHUA,Jihua Lab,Jihua Laboratory,    113.0900 ,   23.0200 ,-,禅城区|广东省
JIT,Jeppiaar,-,     79.8700 ,   12.8900 ,-,|Tamil Nadu
JIUT,Jiutian,Beijing Jiutian Satellite Tech Development Co Ltd.,    116.3800 ,   39.9200 ,-,西城区|北京市
JIUTS,Jiutian Shanghai,Shanghai Commsat Tech Dev Co Ltd.,    121.1300 ,   31.1500 ,-,青浦区|上海市
JKY,Junshi Kexue YY,PLA Academy of Military Science,    116.3800 ,   39.9200 ,-,西城区|北京市
JMA,JMA,Japan Meteorological Agency,    139.7500 ,   35.6900 ,-,千代田区|
JMASC,JMA MSC,-,    139.5300 ,   35.7900 ,JMA,清瀬市|
JMSDF,JMSDF,Maritime Self Defense Force,    139.6700 ,   35.2500 ,-,横須賀市|
JMSDMA,JMSDF Maizuru,-,    135.3800 ,   35.4700 ,JMSDF,舞鶴市|
JMSDSA,JMSDF Sasebo,-,    129.7100 ,   33.1600 ,JMSDF,佐世保市|
JMSDYO,JMSDF Yokosuka,Maritime Self Defense Force,    139.6700 ,   35.2500 ,JMSDF,横須賀市|
JNIC,MDA JNIC,-,   -104.5200 ,   38.8000 ,MDA,|Colorado
JNSIC,Jiangnan,China Jiangnan Space Industry Corp. (CASIC 061),   -106.9000 ,   27.6800 ,CASIC,|Chihuahua
JPL,JPL,-,   -118.1700 ,   34.2000 ,NASA,Pasadena|California
JPLA,JPL,-,   -118.1700 ,   34.2000 ,USA,Pasadena|California
JRG,NK Missile Div,"Strategic Rocket Division, Korean People's Army",    126.2100 ,   39.2400 ,KPA,성천읍|평안남도
JSAT,JSAT,-,    139.7500 ,   35.6600 ,-,港区|
JSC,NASA JSC,-,    -95.1200 ,   29.5600 ,NASA,Houston|Texas
JSCAO,NASA AO,-,    -95.1200 ,   29.5600 ,JSC,Houston|Texas
JSDO,Space Dev Office,-,    139.6800 ,   35.6800 ,STA,渋谷区|
JSS,J-spacesystems,Japan Space Systems,    139.7500 ,   35.6600 ,-,港区|
JTF7,USN JTF-7,-,    -77.0800 ,   38.8800 ,USN,Arlington|Virginia
JTSPACE,jtSPACE,-,    139.7200 ,   35.7600 ,TISPACE,北区|
JTXZ,Jitian Xingzhou,Jitian Xingzhou Space Tech. Co. Ltd.,    120.6200 ,   31.3000 ,-,姑苏区|江苏省
JUNK,Junkers,-,     11.5700 ,   48.1300 ,-,München|Bayern
JUNO,Project Juno,-,     -0.0900 ,   51.5200 ,MNB,City of London|England
JUNT,Juntian Hangyu,Beijing Joint Aerospace Tech Co. Ltd.,    116.3800 ,   39.9200 ,-,西城区|北京市
JUST,JUST,Jordan University of Science and Technology,     35.9900 ,   32.4800 ,-,|إربد
JUSTEK,JUSTEK,JUSTEK Inc.,    127.0800 ,   37.1000 ,-,평택시|
JYK,Jianyuan,Beijing Jianyuan Tech Co Ltd. (Space Epoch),    116.3800 ,   39.9200 ,-,西城区|北京市
JZYJ,JZYJ,Jiuzhou Yunjian Space Tech Co Ltd.,    116.3800 ,   39.9200 ,-,西城区|北京市
KACBS,Kacific,-,    103.8000 ,    1.3000 ,-,Singapore|
KACST,KACST,-,     46.7200 ,   24.6300 ,-,الرياض|منطقة الرياض
KAFA,KAFA,Korean Air Force Academy,    127.4800 ,   36.6300 ,-,청주시|
KAGA,Kagawa U,-,    134.0400 ,   34.3400 ,-,高松市|
KAGO,Kagoshima U,-,    130.5500 ,   31.5700 ,-,鹿児島市|
KAI,KAI,Kuibyshev Aviation Institute,     50.1400 ,   53.2000 ,-,Самара|Самарская область
KAIK,KAI,Korolev Aviation Institute,     50.1400 ,   53.2000 ,-,Самара|Самарская область
KAIFW,Kaiser-Fleetwings,-,    -74.8500 ,   40.1000 ,-,Bristol|Pennsylvania
KAIRSP,KairoSpace,Kairo Space,    127.1700 ,   37.4300 ,-,성남시|
KAISR,KAIST SatRec,KAIST Satellite Research Center (SatRec),    127.3900 ,   36.3500 ,KAIST,대전광역시|
KAIST,KAIST,Korea Advanced Institute for Space Technology,    127.3900 ,   36.3500 ,-,대전광역시|
KAIT,KAIT,Kanagawa Institute of Technology,    139.3700 ,   35.4300 ,-,厚木市|
KAIYUN,Kaiyun,Kaiyun United Information Tech Group Co Ltd.,    116.4800 ,   39.8700 ,-,朝阳区|北京市
KANA,Kanazawa U,Kanazawa University,    136.6600 ,   36.5600 ,-,金沢市|
KANAT,Kanatta Co,Kanatta Co. Ltd.,    139.7000 ,   35.6400 ,-,目黒区|
KANSAI,Kansai U,Kansai University,    135.5100 ,   34.7700 ,-,吹田市|
KARI,KARI,Korea Aerospace Research Institute,    127.3900 ,   36.3500 ,-,대전광역시|
KARIK,KARI,Korea Aerospace Research Institute,    127.3900 ,   36.3500 ,KASA,대전광역시|
KASA,KASA,Korea Aerospace Administration,    128.0400 ,   35.0500 ,-,사천시|
KASH,NICT CRL,"National Inst. Communications Tech., Kashima Space Research",    140.6400 ,   35.9700 ,-,鹿嶋市|
KASI,KASI,Korea Astronomy and Space Science Institute,    127.3600 ,   36.3600 ,-,대전광역시|
KATAL,Katalyst Space,-,   -105.1100 ,   39.9100 ,-,|Colorado
KAWA,Kawasaki,Kawasaki Heavy Industries Aerospace Co.,    136.7600 ,   35.4200 ,-,岐阜市|
KAZAF,Kazakh AF,Kazakh Air Defense Forces,     71.4300 ,   51.1700 ,-,Астана|Астана
KAZAI,Kazan AI,Kazan Aviation Institute,     49.1100 ,   55.8000 ,-,Казань|Татарстан
KAZK,Kazkosmos,Kazakh National Space Agnecy,     71.4300 ,   51.1700 ,-,Астана|Астана
KAZNU,Al-Farabi KNU,Al-Farabi Kazakh National University,     76.9200 ,   43.2300 ,-,Алматы|
KAZOKB,Kazan Soyuz,-,     49.1100 ,   55.8000 ,NKE,Казань|Татарстан
KAZSOY,Kazan Soyuz,-,     49.1100 ,   55.8000 ,NKE,Казань|Татарстан
KB1,KB-1,-,     37.6700 ,   55.7200 ,-,Москва|Москва
KBEM,Energomash,-,     37.4500 ,   55.9000 ,-,Химки|Московская область
KBEME,NPOE-Energomash,-,     37.4500 ,   55.9000 ,NPOE,Химки|Московская область
KBKHA,KBKhA,-,     39.2100 ,   51.6700 ,-,Воронеж|Воронежская область
KBM,KBM,-,     38.7800 ,   55.0800 ,-,Коломна|Московская область
KBPT,KBP Tula,-,     37.6200 ,   54.2000 ,-,Тула|Тульская область
KBSAL,KB Salyut,-,     37.5000 ,   55.7500 ,-,Москва|Москва
KCHT,Kechuang Hangtian,Guangdong Aerospace Tech Co Ltd.,    113.2700 ,   23.1300 ,-,越秀区|广东省
KCST,KCST,Korean Committee of Space Technology,    125.7400 ,   39.0200 ,-,평양시|
KEIO,Keio U,Keio University,    139.7400 ,   35.6500 ,-,港区|
KEPLER,Kepler Comms,-,    -79.4000 ,   43.7000 ,-,Toronto|Ontario
KEPWU,Kepler ST Wuhan,Kepler Satellite Technology (Wuhan) Co. Ltd.,    114.2800 ,   30.5800 ,SECM,江汉区|湖北省
KESA,Kenya Space,-,     36.8000 ,   -1.2900 ,-,Nairobi|Nairobi
KGB,KGB,-,     37.6200 ,   55.7500 ,-,Москва|Москва
KGI,KGI,Kiruna Geophysical Institute,     20.2200 ,   67.8500 ,-,Kiruna|
KGO,KGO,Kiruna Geophysical Observatory,     20.2200 ,   67.8500 ,-,Kiruna|
KGTU,Kuban GTU,Kuban State Technical University,     39.0000 ,   45.0500 ,-,Краснодар|Краснодарский край
KHMM,KB Khimmash,-,     37.8200 ,   55.9300 ,-,Королёв|Московская область
KHRO,Khrunichev,Khrunichev State Research and Production Center,     37.5000 ,   55.7500 ,ORKK,Москва|Москва
KHRR,Khrunichev,Khrunichev State Research and Production Center,     37.5000 ,   55.7500 ,-,Москва|Москва
KHRS,Khrunichev KB,-,     37.5000 ,   55.7500 ,KHRU,Москва|Москва
KHRU,Khrunichev,Khrunichev State Research and Production Center,     37.5000 ,   55.7500 ,-,Москва|Москва
KHUS,Kyung Hee U,Kyung Hee University,    127.0500 ,   37.6000 ,-,서울특별시|
KIEL,Kiel,Kiel University,     10.1200 ,   54.3400 ,-,Kiel|Schleswig-Holstein
KINDAI,Kindai,Kindai University,    135.5900 ,   34.6500 ,-,東大阪市|
KINEIS,Kineis,-,      1.4700 ,   43.5600 ,-,Toulouse|Occitanie
KLEO,KLEO Connect,-,     13.3100 ,   52.5100 ,-,Berlin|
KLEOS,Kleos Space,-,      6.1300 ,   49.6100 ,-,Luxembourg|
KLIMOV,Klimov,-,     30.3100 ,   59.9400 ,-,Санкт-Петербург|Санкт-Петербург
KMARQ,Kaiser Marquardt,Kaiser Marquardt,   -118.4300 ,   34.1800 ,-,Los Angeles|California
KMIT,Kompleks-MIT,"Complex-MIT, Moscow Inst of Thermal Tech.",     37.6100 ,   55.8500 ,-,Москва|Москва
KMUTNB,KMUTNB,King Mongkut's University of Technology North Bangkok,    100.5100 ,   13.8200 ,-,กรุงเทพมหานคร|
KNITU,KNITU-KAI,Kazan National Research Technical University,     49.1100 ,   55.8000 ,-,Казань|Татарстан
KOBE,Kobe,Kobe University,    135.2300 ,   34.7300 ,-,神戸市|
KOBN,Koben,Copenhagen University,     12.5700 ,   55.6800 ,-,København|Region Hovedstaden
KOCHI,Kochi College,Kochi Technical College,    133.6400 ,   33.5700 ,-,南国市|
KOLN,Koln,University of Cologne,      6.9500 ,   50.9400 ,-,Köln|Nordrhein-Westfalen
KOMET,Kometa,-,     37.6700 ,   55.7200 ,-,Москва|Москва
KOMI,Kominfo,Ministry of Communication and Informatics,    106.8200 ,   -6.2000 ,-,Jakarta Pusat|
KONK,Konkoly,Konkoly Observatory,     18.9600 ,   47.5000 ,-,Budapest|
KOKT,Krasniy Oktyabr,-,     30.3100 ,   59.9400 ,-,Санкт-Петербург|Санкт-Петербург
KOSMT,Ts Kosmonit,-,     37.6200 ,   55.7500 ,-,Москва|Москва
KOUKO,Kouko-Kosen,Tokyo Metropolitan Coll. Aero. Eng.,    139.7800 ,   35.7300 ,-,荒川区|
KPA,KPA,Korean People's Army,    125.7400 ,   39.0200 ,-,평양시|
KPAMJ,NK Missile Div,"Strategic Rocket Division, KPA",    126.2100 ,   39.2400 ,KPA,성천읍|평안남도
KPI,Kyiv Polytechnic,Kyiv Polytechnic Institute,     30.5200 ,   50.4500 ,-,Київ|
KPL,KP Labs,-,     18.6700 ,   50.2800 ,-,Gliwice|województwo śląskie
KPNO,KPNO,-,   -110.9300 ,   32.2200 ,-,Tucson|Arizona
KQN,Khong quan Nhan,Vietnamese AF,    105.8500 ,   21.0300 ,-,Thành phố Hà Nội|
KRAI,KAI,Korea Aerospace Industries,    128.0800 ,   35.0700 ,-,사천시|
KRAK,Kraksat,Kraksat,     19.9200 ,   50.0600 ,-,Kraków|województwo małopolskie
KRAS,KrasMash,-,     93.5300 ,   56.2500 ,-,Железногорск|Красноярский край
KRAT,Kratos,-,   -117.1600 ,   32.7200 ,-,San Diego|California
KRAU,Korea AeU,Korea Aerospace University,    126.8000 ,   37.6500 ,-,고양시|
KRLP,KRL,-,     73.3800 ,   33.5800 ,-,کہوٹہ|پنجاب
KS,KosSvyaz,Russian Satellite Communications Co.,     37.6200 ,   55.7500 ,-,Москва|Москва
KSC,KSC,-,    -80.6000 ,   28.3900 ,NASA,Cape Canaveral|Florida
KSU,King Saud U,King Saud University,     46.6300 ,   24.7200 ,-,|منطقة الرياض
KTEL,KTEL,-,    127.1200 ,   37.3800 ,-,성남시|
KTELT,KT,-,    127.1200 ,   37.3800 ,-,성남시|
KTH,KTH,Royal Inst. of Technology,     18.0700 ,   59.3500 ,-,Stockholm|
KTHR,Kayser-Threde,-,     11.5700 ,   48.1300 ,-,München|Bayern
KTL,KTL,Korea Testing Laboratory,    128.0800 ,   35.2000 ,-,진주시|
KTRAS,Kosmotras,-,     37.6200 ,   55.7500 ,-,Москва|Москва
KTSAT,KT Sat,-,    126.9700 ,   37.5700 ,KTELT,서울특별시|
KTU,KTU,Kaunas University of Technology,     23.9100 ,   54.9000 ,-,Kaunas|Kauno apskritis
KUBOS,Kubos,-,    -97.1300 ,   33.2200 ,-,Denton|Texas
KUIP,Kuiper Systems,-,   -122.1200 ,   47.6700 ,AMAZ,Redmond|Washington
KUVA,Kuva Space,-,     24.9400 ,   60.1700 ,-,Helsinki|Uusimaa
KUZ,Kuznetsov,-,     50.1400 ,   53.2000 ,-,Самара|Самарская область
KUZGTU,Kuzbass GTU,Kuzbass State Technical University,     86.0800 ,   55.3500 ,-,Кемерово|Кемеровская область
KVR,KVR,Russian Space Forces,     36.9800 ,   56.1800 ,MORF,Солнечногорск|Московская область
KWU,Kuwait U.,Kuwait University,     47.9800 ,   29.3700 ,-,المرقاب|محافظة العاصمة
KYO,Kyoto,Kyoto University,    135.7800 ,   35.0300 ,-,京都市|
KYSP,Kentucky Space,-,    -84.4900 ,   38.0300 ,-,Lexington|Kentucky
KYUD,Kyushu U.,Kyushu University,    130.4200 ,   33.6300 ,-,福岡市|
KYUT,Kyutech,Kyushu Instiute of Technology,    130.8400 ,   33.8900 ,-,北九州市|
L3EDD,L3 EDD,-,   -118.3400 ,   33.8300 ,-,Torrance|California
L3ETI,L3 ETI,-,   -118.3400 ,   33.8300 ,-,Torrance|California
L3HED,L3H ED,-,   -118.3400 ,   33.8300 ,-,Torrance|California
LAC,Lockheed,-,   -118.3300 ,   34.1800 ,-,Burbank|California
LACMA,LACMA,-,   -118.3600 ,   34.0600 ,-,Los Angeles|California
LACU,Lacuna Space,-,     -1.3100 ,   51.5800 ,-,Vale of White Horse|England
LAGRAP,Lagrapo,Lagrapo Co. Ltd.,    139.7700 ,   35.6700 ,-,中央区|
LAMBDA,Lambda Team,-,   -121.9000 ,   37.3300 ,-,San Jose|California
LANAST,Lao NAST,"National Authority for Science and Technology, Laos",    102.6000 ,   17.9700 ,-,ວຽງຈັນ|ນະຄອນຫຼວງວຽງຈັນ
LAND,Land Group,-,    116.3800 ,   39.9200 ,-,西城区|北京市
LANDSP,Lanjian Hangtian,LandSpace Technology,    116.3800 ,   39.9200 ,-,西城区|北京市
LANL,LANL,-,   -106.3200 ,   35.8800 ,DOE,Los Alamos|New Mexico
LANT,Lanteris,-,   -122.1400 ,   37.4300 ,-,Palo Alto|California
LANTSJ,Lanteris SJ,-,   -121.9000 ,   37.3300 ,LANT,San Jose|California
LAOJV,LaoSat JVC,-,    102.6000 ,   17.9700 ,LANAST,ວຽງຈັນ|ນະຄອນຫຼວງວຽງຈັນ
LAPAN,LAPAN,-,    106.8200 ,   -6.2000 ,-,Jakarta Pusat|
LAPANR,LAPAN RML,-,    107.8900 ,   -7.2100 ,-,Garut|Jawa Barat
LARC,NACA LaRC,-,    -76.3800 ,   37.0900 ,NACA,Hampton|Virginia
LARCN,NASA LaRC,-,    -76.3800 ,   37.0900 ,NASA,Hampton|Virginia
LARCNE,NASA NESC,-,    -76.3800 ,   37.0900 ,NASA,Hampton|Virginia
LAS,LAS,-,      5.3700 ,   43.3000 ,CNRS,Marseille|Provence-Alpes-Côte d'Azur
LASAR,LASAR,Lasar Team,     16.5800 ,   49.2300 ,-,Brno|Jihovýchod
LASL,LASL,-,   -106.3200 ,   35.8800 ,DOE,Los Alamos|New Mexico
LATMOS,LATMOS,"Aeronomy Service, CNRS",      2.2700 ,   48.7500 ,CNRS,Verrières-le-Buisson|Île-de-France
LAUN,Launcher Inc,-,   -118.3500 ,   33.9200 ,-,Hawthorne|California
LAUNV,Launcher Inc,-,   -118.3500 ,   33.9200 ,VASTSP,Hawthorne|California
LCFE,LCF,-,   -117.0100 ,   47.7000 ,-,Post Falls|Idaho
LCT,LCT,-,      2.3000 ,   48.8600 ,-,Paris|Île-de-France
LDSE,LDSE,Key Lab of Lunar and Deep Space Exploration,    116.3800 ,   39.9200 ,-,西城区|北京市
LEEDS,Leeds,-,     -1.5500 ,   53.8100 ,-,Leeds|England
LEESM,Leesona-Moos,-,    -73.7900 ,   40.7000 ,-,City of New York|New York
LEID,Leiden,-,      4.4900 ,   52.1600 ,-,Leiden|Zuid-Holland
LEIDOS,Leidos,-,    -77.3500 ,   38.9500 ,-,Reston|Virginia
LEMU,Lemu,-,    -73.0600 ,  -41.1200 ,-,Frutillar|Región de Los Lagos
LEOS,Loral EOS,-,   -118.1300 ,   34.1600 ,LORC,Pasadena|California
LEOSTL,LeoStella,-,   -122.2600 ,   47.4700 ,SFLIN,Tukwila|Washington
LERC,NASA LeRC,-,    -81.8600 ,   41.4100 ,NASA,Cleveland|Ohio
LFLT,LaserFleet,Aerospace Sat Optical Network Space Tech Co Ltd,    114.1000 ,   22.5500 ,-,罗湖区|广东省
LGAR,L'Garde,-,   -117.8100 ,   33.7400 ,-,Tustin|California
LIANT,Liantong,"China United Network Communications Group Co., Ltd.",    116.3800 ,   39.9200 ,-,西城区|北京市
LIBRE,LSF,-,     23.7300 ,   37.9800 ,-,Αθήνα|Αποκεντρωμένη Διοίκηση Αττικής
LIDA,Lida,Li Da Education Technology Group YG,    121.4700 ,   31.2300 ,-,上海市|上海市
LIEGE,Liege,-,      5.5700 ,   50.6400 ,-,Liège|Liège
LIFTE,Liftero,-,     19.9200 ,   50.0600 ,-,Kraków|województwo małopolskie
LIGA,Ligado,-,    -77.3500 ,   38.9500 ,-,Reston|Virginia
LIGACA,Ligado,-,    -75.6100 ,   45.4400 ,LIGA,Ottawa|Ontario
LII,LII,-,     38.2200 ,   55.5700 ,-,Раменское|Московская область
LINA,LinaSpace,-,    -77.3000 ,   38.8500 ,-,Fairfax|Virginia
LINAO,Lindenberg,-,     14.1200 ,   52.2100 ,-,Lindenberg|Brandenburg
LINGZ,Ling Zhong,Beijing Zero Gravity Lab,    116.5200 ,   39.7900 ,-,大兴区|北京市
LINK,Link Space,Link Space Aerospace Technology,    116.3800 ,   39.9200 ,-,西城区|北京市
LIZH,Lizheng Sat,Lizheng Satellite Application Technology Co. Ltd.,    121.4700 ,   31.2300 ,-,上海市|上海市
LKA,Lit. Space Assoc.,Lithuanian Space Association,     25.2800 ,   54.6800 ,-,Vilnius|Vilniaus apskritis
LLL,LLL,-,   -121.7700 ,   37.6800 ,DOE,Livermore|California
LLNL,LLNL,-,   -121.7700 ,   37.6800 ,DOE,Livermore|California
LM,LM,-,   -122.0400 ,   37.3700 ,-,Sunnyvale|California
LMA,LMA,-,   -105.0100 ,   39.6000 ,LMMS,Littleton|Colorado
LMASD,LMA/San Diego,-,   -117.1400 ,   32.8300 ,LM,San Diego|California
LMATC,LMATC,-,   -122.1400 ,   37.4300 ,LM,Palo Alto|California
LMCO,LM/Courtland,-,    -87.3100 ,   34.6700 ,LM,Courtland|Alabama
LMCOM,Comsat,-,    -77.0200 ,   38.9000 ,LM,Washington|District of Columbia
LMCAM,LM Camden,-,    -92.8400 ,   33.5700 ,LM,Camden|Arkansas
LMCLS,LMCLS,-,    -77.1800 ,   38.9300 ,LM,McLean|Virginia
LMCSS,LMCSS,-,   -122.0400 ,   37.3700 ,LM,Sunnyvale|California
LMEW,LM/EW,-,    -74.5300 ,   40.2600 ,LM,Hightstown|New Jersey
LMGT,LMGT,-,   -122.0400 ,   37.3700 ,LM,Sunnyvale|California
LMKSC,LM KSC,-,    -80.6000 ,   28.6100 ,LM,|Florida
LMI,LMI,-,     -0.1100 ,   51.5100 ,LMGT,City of London|England
LMINS,LM INSYS,-,     -0.4900 ,   52.0300 ,LM,Ampthill|England
LMMI,LM/Michoud,-,    -89.9200 ,   30.0200 ,LM,New Orleans|Louisiana
LMMF,LM MFC,-,    -97.0200 ,   32.7200 ,LM,Grand Prairie|Texas
LMMS,LMMS/Sunnyvale,-,   -122.0400 ,   37.3700 ,LM,Sunnyvale|California
LMN,LM/Newtown,-,    -74.9000 ,   40.2300 ,LM,Newtown Township|Pennsylvania
LMO,LM/Orlando,-,    -81.3800 ,   28.5400 ,LM,Orlando|Florida
LMPCO,LM Pike Co,-,    -85.9700 ,   31.8100 ,LM,Troy|Alabama
LMPLM,LM/Palmdale,-,   -118.1000 ,   34.5800 ,-,Palmdale|California
LMSAL,LMSAL,-,   -122.1400 ,   37.4300 ,LMATC,Palo Alto|California
LMSAN,LMAES/NH,-,    -71.4600 ,   42.7600 ,-,Nashua|New Hampshire
LMSC,LMSC,-,   -122.0400 ,   37.3700 ,LAC,Sunnyvale|California
LMSCV,LMSCV,-,   -122.0400 ,   37.3700 ,LM,Sunnyvale|California
LMSD,LMSD/Sunnyvale,-,   -122.0400 ,   37.3700 ,LAC,Sunnyvale|California
LMSO,LM Astrotech?,-,    -80.8200 ,   28.5900 ,SHAB,Titusville|Florida
LMSS,LMSS,-,   -122.0400 ,   37.3700 ,LAC,Sunnyvale|California
LMSSD,LMSS Denver,-,   -105.0100 ,   39.6000 ,LM,Littleton|Colorado
LMT,LMT/Sunnyvale,-,   -122.0400 ,   37.3700 ,LM,Sunnyvale|California
LMTEW,LMT/EW,-,    -74.5300 ,   40.2600 ,LM,Hightstown|New Jersey
LMV,LM Vought,-,    -97.0200 ,   32.7200 ,-,Grand Prairie|Texas
LMVF,LM/Valley Forge,-,    -75.4700 ,   40.1000 ,LM,Schuylkill Township|Pennsylvania
LOFT,Loft Orbital,-,   -122.4200 ,   37.7800 ,-,San Francisco|California
LOR,SS/Loral,-,   -122.1400 ,   37.4300 ,LORC,Palo Alto|California
LORC,Loral Corp,-,    -74.0100 ,   40.7100 ,-,City of New York|New York
LORI,Loral Orion,-,    -77.1500 ,   39.0800 ,LORC,Rockville|Maryland
LORS,Loral Space,-,    -74.0100 ,   40.7100 ,-,City of New York|New York
LPA,LPA,-,      2.3000 ,   48.8600 ,-,Paris|Île-de-France
LPARL,LPARL,-,   -122.1400 ,   37.4300 ,LAC,Palo Alto|California
LPC,LPC,-,   -117.1800 ,   34.0500 ,-,Redlands|California
LPCE,LPC2E,-,      1.9300 ,   47.8500 ,-,Orléans|Centre-Val de Loire
LPI,LPI (LSI),-,    -95.3800 ,   29.7600 ,-,Houston|Texas
LPSC,VSSC/LPSC,-,     76.8700 ,    8.5300 ,-,Thumba|Kerala
LPSCM,LPSC (LMF),-,     77.5200 ,    8.3900 ,-,|Tamil Nadu
LPSP,LPSP,-,      2.2700 ,   48.7500 ,CNRS,Verrières-le-Buisson|Île-de-France
LRBA,LRBA,-,      1.4900 ,   49.0900 ,DGA,Vernon|Normandie
LRL,LRL,-,   -121.7700 ,   37.6800 ,DOE,Livermore|California
LRPG,LRPG,-,    -80.5400 ,   28.4700 ,-,|Florida
LRRC,LRRC,-,   -118.0600 ,   33.8000 ,-,Los Alamitos|California
LRS,LRS,Lebanon Rocket Society,     35.5800 ,   33.9000 ,-,زلقا|محافظة جبل لبنان
LRWE,LRWE,-,    138.6400 ,  -34.7600 ,-,Adelaide|South Australia
LSK,Luftstreitkrafte,Air Forces of the National People's Army,     52.5800 ,   13.8800 ,-,
LSKY,Loral Skynet,-,    -74.6900 ,   40.6700 ,LORC,Bedminster Township|New Jersey
LSKYB,Loral Sky Brazil,-,    -43.2000 ,  -22.9100 ,LSKY,Rio de Janeiro|Rio de Janeiro
LSPHZ,Lanjian Hangtian,"LandSpace Technology, Huzhou Factory",    120.1000 ,   30.8700 ,LANDSP,吴兴区|浙江省
LSQ,LightSquared,-,    -74.0100 ,   40.7100 ,-,City of New York|New York
LSQCA,LightSquared,-,    -75.6100 ,   45.4400 ,MSV,Ottawa|Ontario
LTU,Lulea UT,Lulea Technical University,     22.1400 ,   65.6200 ,-,Luleå|
LTV,LTV,-,    -97.0200 ,   32.7200 ,-,Grand Prairie|Texas
LTVCAM,LTV Camden,-,    -92.8400 ,   33.5700 ,LTV,Camden|Arkansas
LTVE,LTV ESD,-,    -96.6400 ,   32.9100 ,-,Garland|Texas
LTVM,LTV MAMP,-,    -83.0300 ,   42.5800 ,-,Sterling Heights|Michigan
LTVV,Vought Corp,-,    -97.0200 ,   32.7200 ,-,Grand Prairie|Texas
LUCPT,Luchtcomponent,Belgian Air Component,      4.3500 ,   50.8500 ,-,Bruxelles - Brussel|
LUHAI,Luhai Xinxi,Land and Sea Space (Yantai) Info. Tech. Co. Ltd.,    121.4300 ,   37.4400 ,-,莱山区|山东省
LUHAN,Luhan,Luhan Studio,    126.9700 ,   37.5700 ,-,서울특별시|
LULRZ,Luliang SRZ,Luliang Municipal People's Government,    111.1500 ,   37.5200 ,-,离石区|山西省
LUMIR,Lumir Inc.,Lumir Inc.,    127.0400 ,   37.5500 ,-,서울특별시|
LUNASD,Lunasonde,Lund University,   -111.0900 ,   32.3600 ,-,Marana|Arizona
LUND,Lund,Lund University,     13.1900 ,   55.7100 ,-,Lund|
LUOUT,Lunar Outpost,-,   -105.2100 ,   39.7500 ,-,Golden|Colorado
LUSO,LusoSpace,-,     -9.1400 ,   38.7400 ,-,Lisboa|
LUX,LUX,-,     -1.1200 ,   52.6200 ,-,Leicester|England
LUXDD,Dir. Defence,-,      6.1300 ,   49.8100 ,-,Cruchten|
LUXEO,LuxEOPs,-,      6.3500 ,   49.9600 ,OHB,Burg|Rheinland-Pfalz
LUXG,LuxGovSat,-,      6.3500 ,   49.9600 ,SES,Burg|Rheinland-Pfalz
LUXS,LuxSpace,-,      6.3500 ,   49.9600 ,OHB,Burg|Rheinland-Pfalz
LVMS,Loral Vought,-,    -97.0200 ,   32.7200 ,LORC,Grand Prairie|Texas
LVN,Lockheed/Van Nuys,-,   -118.4300 ,   34.1800 ,LAC,Los Angeles|California
LW,Luftwaffe,German Air Force,      6.9500 ,   50.9400 ,-,Köln|Nordrhein-Westfalen
LYK,Lingyi Kongjian,OneSpace,    106.5700 ,   29.6400 ,-,两江新区|重庆市
LYNK,Lynk,-,    -77.1700 ,   38.8900 ,-,Falls Church|Virginia
M42,M42 Tech,-,   -122.3300 ,   47.6100 ,-,Seattle|Washington
MAEU,MAEU,Myanmar Aerospace Engineering University,     95.8900 ,   20.8900 ,-,သဲကုန်း|မန္တလေးတိုင်း
MAGL,Magyar Legiero,Hungarian Air Force,     19.0500 ,   47.4900 ,-,Budapest|
MAI,MAI,Ministry of Astronautics Industry,    116.3800 ,   39.9200 ,-,西城区|北京市
MAI2,MAI,Ministry of Aerospace Industry,    116.3800 ,   39.9200 ,-,西城区|北京市
MAIMD,MD Aero,-,    -76.6800 ,   39.0000 ,-,Crofton|Maryland
MAIO,MAI Moskva,"Moscow Aviation Institute, Student KB Iskra",     37.6200 ,   55.7500 ,-,Москва|Москва
MAK,Makeev,Makeev Design Bureau,     60.1000 ,   55.0000 ,-,Миасс|Челябинская область
MANU,U Man,-,     -2.2400 ,   53.4600 ,-,Manchester|England
MAOW,Maowang,Elvis Radio,    116.3800 ,   39.9200 ,-,西城区|北京市
MARCO,Marconi,-,     -1.0800 ,   50.8200 ,-,Portsmouth|England
MARINT,Marshall Intech,-,     55.3000 ,   25.2600 ,-,ديرة|دبي
MARQ,Marquardt,-,   -118.4300 ,   34.1800 ,-,Los Angeles|California
MARQO,Marquardt/Ogden,-,   -111.9400 ,   41.1900 ,-,Ogden|Utah
MARTB,Martin-Bal,-,    -76.6200 ,   39.2800 ,-,Baltimore|Maryland
MARTD,Martin-Denver,-,   -105.0100 ,   39.6000 ,-,Littleton|Colorado
MARTO,Martin/Orlando,-,    -81.3800 ,   28.5400 ,-,Orlando|Florida
MASDST,Masdar IST,-,     54.6100 ,   24.4100 ,-,أبو ظبي|أبو ظبي
MASDAR,Khalifa Masdar,-,     54.6100 ,   24.4100 ,-,أبو ظبي|أبو ظبي
MASTEN,Masten,-,   -118.1700 ,   35.0500 ,-,Mojave|California
MATRA,MATRA,MATRA Space,      2.1800 ,   48.7800 ,-,Vélizy-Villacoublay|Île-de-France
MATT,MATRA,MATRA Space,      1.4700 ,   43.5600 ,-,Toulouse|Occitanie
MATV,MATRA/Velizy,MATRA Space,      2.1800 ,   48.7800 ,-,Vélizy-Villacoublay|Île-de-France
MAV,Maverick,-,   -120.6600 ,   35.2700 ,-,San Luis Obispo|California
MAXAR,Maxar Tech,-,   -123.1300 ,   49.1700 ,-,Richmond|British Columbia
MAXARB,Maxar Robotics,MDA Robotics,    -79.7700 ,   43.6800 ,MAXAR,Brampton|Ontario
MAXARD,Maxar DG,-,   -105.1100 ,   40.1700 ,-,Longmont|Colorado
MAXARI,Maxar Intel,-,   -105.1100 ,   40.1700 ,-,Longmont|Colorado
MAXARM,MAXAR Satellite,-,    -73.9500 ,   45.4000 ,MAXAR,L'Île-Perrot|Québec
MAXSI,Maxar Space Inf,-,   -122.1400 ,   37.4300 ,MAXAR,Palo Alto|California
MAXSJ,MAXAR San Jose,-,   -121.9000 ,   37.3300 ,MAXAR,San Jose|California
MAXSS,Maxar Space Sol,-,   -122.1400 ,   37.4300 ,MAXAR,Palo Alto|California
MBAK,Martin-Baker,-,     -0.5000 ,   51.5600 ,-,Denham|England
MBB,MBB,MBB,     11.6700 ,   48.0700 ,-,Neubiberg|Bayern
MBBA,Bayern-Chemie,-,     12.3600 ,   48.2000 ,-,Aschau am Inn|Bayern
MBBE,MBB-ERNO,MBB-ERNO,      8.3000 ,   53.0800 ,MBB,Sandtange|Niedersachsen
MBBM,MBB Munchen,-,     11.5700 ,   48.1300 ,-,München|Bayern
MBCO,MBCO,Mobile Broadcasting Corp,    139.7300 ,   35.6000 ,-,品川区|
MBRSC,Rashid Space Ctr,-,     55.3000 ,   25.2600 ,EIAST,ديرة|دبي
MBS,MBS,-,      8.5400 ,   50.3300 ,-,Usingen|Hessen
MCDA,McDonnell,-,    -90.2000 ,   38.6300 ,-,Saint Louis|Missouri
MCI,MCI,-,    -77.0200 ,   38.9000 ,-,Washington|District of Columbia
MCI2,MCI,-,    -77.0200 ,   38.9000 ,-,Washington|District of Columbia
MCIW,MCI,-,    -77.0200 ,   38.9000 ,-,Washington|District of Columbia
MCMU,McMaster U,-,    -79.9200 ,   43.2600 ,-,Hamilton|Ontario
MCON,Mission Control,-,    -75.7200 ,   45.4100 ,-,Ottawa|Ontario
MCSW,USSF MCSW,-,   -118.4100 ,   33.9200 ,AFSMC,El Segundo|California
MDA,MDA,-,    -77.0600 ,   38.8700 ,DOD,Arlington|Virginia
MDAC,MDAC-HB,McDonnell Douglas Astronautics/HB,   -118.0000 ,   33.6900 ,MDC,Huntington Beach|California
MDAIOC,MDA IOC,-,   -104.5200 ,   38.8000 ,MDA,|Colorado
MDAM,MDA Satellite,-,    -73.9500 ,   45.4000 ,MDABC,L'Île-Perrot|Québec
MDABC,MDA,-,   -123.1300 ,   49.1700 ,-,Richmond|British Columbia
MDABC2,MDA,-,   -123.1300 ,   49.1700 ,-,Richmond|British Columbia
MDARM,MDA Satellite,-,    -73.9500 ,   45.4000 ,MDASP,L'Île-Perrot|Québec
MDASL,MDA/St Louis,-,    -90.2000 ,   38.6300 ,MDC,Saint Louis|Missouri
MDASP,MDA,MDA Space,    -79.7700 ,   43.6800 ,-,Brampton|Ontario
MDATH,MDA/HSV,-,    -86.5900 ,   34.7300 ,MDA,Huntsville|Alabama
MDAUK,MDA/UK,-,     -1.3100 ,   51.5800 ,MDAM,Vale of White Horse|England
MDC,McDonnell Douglas,-,    -90.2000 ,   38.6300 ,-,Saint Louis|Missouri
MDD,MetD,Met Service of the DDR,     13.0700 ,   52.4000 ,-,Potsdam|Brandenburg
MDDI,M.d. Difesa,Italian Defense Administration,     12.4900 ,   41.8900 ,-,Roma|Lazio
MDHSV,MDA Huntsville,McDonnell Douglas/Huntsville,    -86.5900 ,   34.7300 ,MDC,Huntsville|Alabama
MDPE,MOD Peru,Ministry of Defense of Peru,    -77.0300 ,  -12.0400 ,-,Lima|Lima
MDR,MDA Robotics,MDA Robotics,    -79.7700 ,   43.6800 ,MDABC,Brampton|Ontario
MDSSC,MDSSC,McDonnell Douglas/HB,   -118.0000 ,   33.6900 ,MDC,Huntington Beach|California
MEAS,Measat,Measat,    101.6600 ,    2.9200 ,-,Sepang|Selangor
MEGS,MegSat,Meggiorin Group,     10.2200 ,   45.5400 ,-,Brescia|Lombardia
MEI,MEI,Moscow Power Engineering Institute,     37.6200 ,   55.7500 ,-,Москва|Москва
MEIHUA,Meishan Huantian,Meishan Huantian Smart Tech Co Ltd,    104.0500 ,   30.2500 ,-,视高街道|四川省
MEISEI,Meisei Electric,Meisei Electric Co. Ltd,    139.6800 ,   35.6800 ,-,渋谷区|
MEIT,MEI Tech,-,    -95.3800 ,   29.7600 ,-,Houston|Texas
MEITAE,Aegis Aerospace,-,    -95.3800 ,   29.7600 ,AEGAE,Houston|Texas
MELB,U Melb.,Melbourne Uni./Australis,    144.9600 ,   37.7900 ,-,
MELCO,MELCO,Mitsubishi Electric Co.,    139.5500 ,   35.3200 ,-,鎌倉市|
MELSP,Melbourne SP,Melbourne Space Program,    144.9600 ,   37.7900 ,MELB,
MESH,MESH,-,      2.2700 ,   48.8300 ,-,Paris|Île-de-France
MESOS,Project MESOS,-,   -119.1100 ,   40.8700 ,-,|Nevada
METCA,Met Serv Ca,-,    -79.4900 ,   43.7300 ,-,Toronto|Ontario
METHS,MethaneSAT,-,    -74.0100 ,   40.7100 ,-,City of New York|New York
METI,METI,"Ministry of Economy, Trade and Industry",    139.7500 ,   35.6700 ,J,港区|
METP,METP,Ministry of the Electrotechnical Industry,     37.6200 ,   55.7500 ,-,Москва|Москва
MEWTA,MEWTA,White Sands/MEWTA,   -106.3800 ,   32.4000 ,WSMR,|New Mexico
MGON,MGON,Ministry of Geology and Conservation,     37.6200 ,   55.7500 ,-,Москва|Москва
MGONRU,MGON Russia,"Ministry of Geology and Conservation, Russia",     37.6200 ,   55.7500 ,-,Москва|Москва
MGU,MGU,Moscow State University,     37.6200 ,   55.7500 ,-,Москва|Москва
MGUS,MGU-Standart,MGU-Standard Company,     37.6200 ,   55.7500 ,-,Москва|Москва
MHB,MHB,Israeli Ministry of Defense,     34.7900 ,   32.0800 ,-,תל־אביב–יפו|מחוז תל אביב
MHI,MHI,Mitsubishi Heavy Industries (Launch Services),    139.7500 ,   35.6600 ,-,港区|
MHIKO,MHI Komaki,"MHI Aerospace Systems, Komaki Minami Plant",    136.9200 ,   35.2600 ,-,豊山町|
MHIME,MHI Meiyu,MHI Guidance and Propulsion (Meiyo),    136.9200 ,   35.2600 ,-,豊山町|
MHITO,MHI Tobishima,"MHI Aerospace Systems, Tobishima Plant",    136.7900 ,   35.0800 ,-,飛島村|
MIAO,Miaoyue,"Zhejiang Miaoyue Aerospace Application Technology Co., Ltd.",    121.5300 ,   28.6400 ,-,椒江区|浙江省
MICOM,USAMICOM,-,    -86.6500 ,   34.6800 ,USA,|Alabama
MICORB,Micro Orbiter,Micro Orbiter Inc.,    139.7600 ,   35.6800 ,-,千代田区|
MICRC,MicroCraft,-,    -86.2100 ,   35.3700 ,-,Tullahoma|Tennessee
MICRCA,MicroCraft,-,    -86.2100 ,   35.3700 ,-,Tullahoma|Tennessee
MICRC2,MicroCraft,-,    -86.2100 ,   35.3700 ,-,Tullahoma|Tennessee
MICRL,MicroSat Ltd,-,     34.7800 ,   32.0700 ,-,תל־אביב–יפו|מחוז תל אביב
MICROC,Microcosm Inc.,-,   -118.3500 ,   33.9200 ,-,Hawthorne|California
MICSG,MicroSpace Rapid,-,    103.8000 ,    1.3000 ,-,Singapore|
MICSP,Microspace,-,   -104.8800 ,   39.7600 ,-,Denver|Colorado
MICSY,MicrosatSystems,-,   -105.0100 ,   39.6000 ,SIENV,Littleton|Colorado
MIEM,MIEM,Moscow Institute of Electronics and Mathematics,     37.6500 ,   55.7600 ,-,Москва|Москва
MIET,MIET,Moscow Institute of Electronic Technology,     37.2100 ,   55.9800 ,-,Зеленоград|Москва
MIG,MiG,-,     37.5800 ,   55.7900 ,-,Москва|Москва
MIHS,Merritt I HS,-,    -80.7000 ,   28.3800 ,-,Merritt Island|Florida
MILAN,Milano,University of Milan,      9.1900 ,   45.4600 ,-,Milano|Lombardia
MILANP,PoliMi,Polytechnic University of Milan,      9.2300 ,   45.4800 ,-,Milano|Lombardia
MILES,Miles Space,-,    -82.4800 ,   27.9700 ,-,Tampa|Florida
MILJPO,Milsatcom,-,   -118.4100 ,   33.9200 ,AFSMC,El Segundo|California
MILLEI,Millenium EI,-,    -77.0800 ,   38.8800 ,-,Arlington|Virginia
MILLEN,Millenium SpSys,-,   -118.3400 ,   33.8300 ,-,Torrance|California
MILLES,Millenium  ES,-,   -118.4100 ,   33.9200 ,MILLEN,El Segundo|California
MILTEC,Miltec,-,    -86.5900 ,   34.7300 ,-,Huntsville|Alabama
MINCYT,MinCyT,Ministry of Science Technology and Productive Innovation,    -58.3800 ,  -34.6000 ,-,Buenos Aires|Ciudad Autónoma de Buenos Aires
MINES,Mines ParisTech,-,      2.3000 ,   48.8600 ,-,Paris|Île-de-France
MINHO,Minho U,University of Minho,     -8.4000 ,   41.5600 ,-,Braga|
MINICU,Quub,-,    -76.2000 ,   40.1600 ,-,Akron|Pennsylvania
MIRC,MissionRC,-,    -71.4600 ,   42.7600 ,-,Nashua|New Hampshire
MIRCO,MirCorp,-,      4.9000 ,   52.3700 ,-,Amsterdam|Noord-Holland
MIREA,MIREA-RTU,MIREA Russian Technological University,     37.4800 ,   55.6700 ,-,Москва|Москва
MISIS,MISiS,National Univ. of Science and Tech. MISiS,     37.5800 ,   55.7900 ,-,Москва|Москва
MISU,MISU,Meteorological Institute Stockholm Univ.,     18.0600 ,   59.3700 ,STO,Stockholm|
MISUF,MISU,Meteorological Institute Stockholm Univ.,     18.0500 ,   59.3700 ,STO,Stockholm|
MIT,MIT,-,    -71.0900 ,   42.3600 ,-,Cambridge|Massachusetts
MITLL,MIT-LL,-,    -71.2700 ,   42.4600 ,-,Lexington|Massachusetts
MITRE,MITRE,-,    -71.2800 ,   42.4900 ,-,Bedford|Massachusetts
MITSUI,Mitsui Bussan,Mitsui Bussan Aerospace Co. Ltd.,    139.7700 ,   35.6800 ,-,中央区|
MITT,MITT,Moscow Inst of Thermal Technology,     37.6000 ,   55.8600 ,-,Москва|Москва
MKA,NTTs MKA,NTTs Small Satellites,     93.5300 ,   56.2500 ,-,Железногорск|Красноярский край
MKS,MKS,TinySat,     37.6200 ,   55.7500 ,-,Москва|Москва
MLS,MLS,-,    -60.9800 ,   45.3000 ,-,Dover|Nova Scotia
MM,Martin Marietta,-,   -104.8800 ,   39.7600 ,-,Denver|Colorado
MMA,MMA,-,   -104.8800 ,   39.7600 ,MMD,Denver|Colorado
MMAS,MM/East Windsor,-,    -74.5300 ,   40.2600 ,MM,Hightstown|New Jersey
MMCLS,MMCLS,-,   -117.1600 ,   32.7200 ,MM,San Diego|California
MMD,MM/Denver,-,   -105.0100 ,   39.6000 ,MM,Littleton|Colorado
MMEW,MM/East Windsor,-,    -74.5300 ,   40.2600 ,MM,Hightstown|New Jersey
MMMI,MM/Michoud,-,    -89.9200 ,   30.0200 ,MM,New Orleans|Louisiana
MMO,MM/Orlando,-,    -81.3800 ,   28.5400 ,-,Orlando|Florida
MMPCO,MM Pike Co,-,    -85.9700 ,   31.8100 ,LM,Troy|Alabama
MMSD,MM/San Diego,-,   -117.1400 ,   32.8300 ,MM,San Diego|California
MMSS,MMS/Stevenage,-,     -0.2000 ,   51.9000 ,-,Stevenage|England
MMST,MMS/Toulouse,-,      1.4700 ,   43.5600 ,-,Toulouse|Occitanie
MMSV,MMS/Velizy,-,      2.1800 ,   48.7800 ,-,Vélizy-Villacoublay|Île-de-France
MMVF,MM/Valley Forge,-,    -75.4700 ,   40.1000 ,MM,Schuylkill Township|Pennsylvania
MNB,Moscow Narod.,-,     -0.0900 ,   51.5200 ,-,City of London|England
MNF,MeteoNat,-,      2.3000 ,   48.8600 ,-,Paris|Île-de-France
MO,MO SSSR,USSR Ministry of Defense,     37.6200 ,   55.7500 ,-,Москва|Москва
MOD,UK MoD,-,     -0.1300 ,   51.5000 ,-,City of Westminster|England
MOL,MOL,-,   -118.4100 ,   33.9200 ,AFSSD,El Segundo|California
MOLN,Molniya/Tushino,-,     37.4400 ,   55.8300 ,-,Москва|Москва
MOM,MOM,Ministry of General Machine Building,     37.6200 ,   55.7500 ,-,Москва|Москва
MOMENT,Momentus,-,   -121.9700 ,   37.3500 ,-,Santa Clara|California
MOMR,MOM,Ministry of General Machine Building,     37.6200 ,   55.7500 ,-,Москва|Москва
MON,MON,Ministry of National Defence,     21.0300 ,   52.2100 ,-,Warszawa|województwo mazowieckie
MONBU,MONBUSHO,"Ministry of Education, Science and Culture",    139.7500 ,   35.6700 ,J,港区|
MONKA,Monkasho (MEXT),"Ministry of Education, Culture, Sports, Science and Tech.",    139.7500 ,   35.6700 ,J,港区|
MONTP,Montpellier,Montpellier University,      3.8600 ,   43.6300 ,-,Montpellier|Occitanie
MONTP2,Montpellier 2,Montpellier 2 University,      3.8600 ,   43.6300 ,-,Montpellier|Occitanie
MOOG,Moog,-,    -78.6200 ,   42.7700 ,-,East Aurora|New York
MOOGC,Moog CSA,-,   -122.0800 ,   37.3900 ,MOOG,Mountain View|California
MOOGNF,Moog-ISP,-,    -79.0200 ,   43.1000 ,MOOG,City of Niagara Falls|New York
MOOGW,Moog-ISP UK,-,     -0.9600 ,   51.8500 ,MOOG,Westcott|England
MOOREF,Moore Fdn,-,   -122.1400 ,   37.4300 ,-,Palo Alto|California
MORF,MO RF,Russian Ministry of Defense,     37.6200 ,   55.7500 ,-,Москва|Москва
MOTI,Motient,-,    -77.3500 ,   38.9500 ,-,Reston|Virginia
MOTO,Motorola,-,   -111.8300 ,   33.3000 ,-,Chandler|Arizona
MOTOS,Motorostroitel,Motor Construction,     50.1400 ,   53.2000 ,-,Самара|Самарская область
MOZH,Mozhaiskiy,Mozhaiskiy Red Banner Military Space Engineering Institute,     30.3100 ,   59.9400 ,-,Санкт-Петербург|Санкт-Петербург
MOZHA,Mozhaiskiy,Mozhaiskiy Military Space Academy,     30.3100 ,   59.9400 ,-,Санкт-Петербург|Санкт-Петербург
MPA,Mongol. PA,Mongolian People's Army,    106.9200 ,   47.9200 ,-,Улан-Батор|
MPAE,MPAe,MPI Aeronomy,      9.6800 ,   47.5500 ,-,Lindau (Bodensee)|Bayern
MPE,MPE,-,     11.6500 ,   48.2500 ,-,Garching bei München|Bayern
MPIH,MPIH,-,      8.7200 ,   49.4200 ,-,Heidelberg|Baden-Württemberg
MPIK,MPIK,-,      8.7200 ,   49.4200 ,-,Heidelberg|Baden-Württemberg
MPIS,MPI-S,-,      9.6800 ,   47.5500 ,-,Lindau (Bodensee)|Bayern
MPRRU,MPR Russia,"Ministry of Natural Resources, Russia",     37.6200 ,   55.7500 ,-,Москва|Москва
MPRERU,MPRE Russia,"Ministry of Natural Resources and Ecology, Russia",     37.6200 ,   55.7500 ,-,Москва|Москва
MPSC,MPSC,-,    120.2300 ,   14.7900 ,-,Morong|Bataan
MPSC1,MPSC,-,    120.2300 ,   14.7900 ,ABS,Morong|Bataan
MPU,Moscow Polytech,Moscow Polytechnic University,     37.6200 ,   55.7500 ,-,Москва|Москва
MRI,MRI,-,    139.6200 ,   35.6800 ,JMA,杉並区|
MRIC,MRIC,-,     57.8800 ,  -20.2400 ,-,|
MRITS,MRI/Tsukuba,-,    140.0800 ,   36.0800 ,JMA,つくば市|
MRN,MRN,-,   -106.3800 ,   32.4000 ,AWS,|New Mexico
MSBTR,MSB,Turkish Ministry of National Defense,     32.8700 ,   39.9300 ,-,Ankara|Ankara
MSC,MSC,-,    -95.1200 ,   29.5600 ,NASA,Houston|Texas
MSCI,MSCI,-,    -79.6500 ,   43.6000 ,-,Mississauga|Ontario
MSE,MSE,-,   -118.4100 ,   33.9200 ,AFSD,El Segundo|California
MSFC,NASA MSFC,-,    -86.6500 ,   34.6800 ,NASA,|Alabama
MSGC,Montana SGC,-,   -111.0500 ,   45.6700 ,MSU,Bozeman|Montana
MSSL,MSSL,-,     -0.3300 ,   51.2300 ,UCL,Mole Valley|England
MSTIU,MSTI Uganda,-,     32.6100 ,    0.3500 ,-,Kampala Capital City|Central Region
MSU,MSU,-,   -111.0500 ,   45.6700 ,-,Bozeman|Montana
MSUKY,Morehead,-,    -83.4300 ,   38.1900 ,-,Morehead|Kentucky
MSV,MSV,-,    -77.3500 ,   38.9500 ,MOTI/TMI,Reston|Virginia
MSVCA,MSV Canada,-,    -75.6100 ,   45.4400 ,MSV,Ottawa|Ontario
MSVYAZ,MSvyaz,Ministry of Comms. Union Radio Comms.,     37.6200 ,   55.7500 ,-,Москва|Москва
MTCIT,MTCIT Oman,-,     58.5500 ,   23.6000 ,-,|محافظة مسقط
MTF,NASA MTF,-,    -89.6000 ,   30.6200 ,NASA,
MTHK,MTI,-,    -87.6800 ,   41.8400 ,-,Chicago|Illinois
MTU,MTU AE,-,    -88.5500 ,   47.1200 ,-,
MTUSI,MTUSI,Moscow Tech. Univ. of Communications and Informatics,     37.7000 ,   55.7500 ,-,
MUI,MUI,Hungarian Space Research Office,     19.0500 ,   47.4900 ,-,Budapest|
MUKD,Muroran kodai,Muroran Institute of Tech,    141.0300 ,   42.3800 ,-,室蘭市|
MUMEI,Mumei Xingkong,Mumei Star Technology,    116.3000 ,   39.9600 ,-,海淀区|北京市
MUNF,MU Newfoundland,-,    -52.7300 ,   47.5700 ,-,St. John's|Newfoundland and Labrador
MUNIZ,Muniz Eng,-,    -95.3800 ,   29.7600 ,-,Houston|Texas
MUON,Muon Space,-,   -122.0800 ,   37.3900 ,-,Mountain View|California
MUST,MUST,Macau University of Science and Technology,    113.5700 ,   22.1500 ,-,澳門 Macau|澳門 Macau
MV7,MV 4U,Miinistry of Armaments 7th Directorate,     37.6200 ,   55.7500 ,-,Москва|Москва
MVD,MVD,Ministry of Internal Affairs,     37.6200 ,   55.7500 ,-,
MVS,MVS,Miinistry of the Armed Forces,     37.6200 ,   55.7500 ,-,Москва|Москва
MVSM,VMS,-,     37.6200 ,   55.7500 ,-,Москва|Москва
MYA,Myasishchev,-,     38.1200 ,   55.6000 ,-,
MYRI,Myriota,-,    138.6000 ,  -34.9300 ,-,Adelaide|South Australia
MYRIC,Myriota Canada,-,    -79.3700 ,   43.7400 ,MYRI,Toronto|Ontario
MYSA,MYSA,Malaysian Space Agency,    101.6800 ,    3.1300 ,-,Sentral|Kuala Lumpur
NAA,North American,-,   -118.3500 ,   33.9600 ,-,Inglewood|California
NAAA,NAA Aerophysics,-,   -118.3500 ,   33.9600 ,NAA,Inglewood|California
NAAD,NAA/Downey,-,   -118.1300 ,   33.9400 ,NAA,Downey|California
NAADR,NAA Propulsion,-,   -118.1300 ,   33.9400 ,NAAD,Downey|California
NAASB,NAA/Seal Beach,-,   -118.0800 ,   33.7600 ,NAA,
NACA,NACA,-,    -77.0200 ,   38.9000 ,-,Washington|District of Columbia
NACI,NACISA,-,      4.4200 ,   50.8900 ,NATO,Bruxelles - Brussel|
NADA,NADA,National Aerospace Development Administration,    125.7400 ,   39.0200 ,-,평양시|
NAFI,NAFI,-,    -86.1500 ,   39.7900 ,USN,Indianapolis|Indiana
NAG,Nagoya,Nagoya University,    136.9700 ,   35.1500 ,-,名古屋市|
NAHU,Nahuelsat,-,    -58.3800 ,  -34.6000 ,-,Buenos Aires|Ciudad Autónoma de Buenos Aires
NAHUAR,AR-SAT (Nahuel),-,    -58.3800 ,  -34.6000 ,ARSAT,Buenos Aires|Ciudad Autónoma de Buenos Aires
NAIC,USAF NAIC,-,    -84.0500 ,   39.8200 ,USAF,|Ohio
NAIR,U. Nairobi,-,     38.8200 ,   -1.2800 ,-,
NAKA,Nakashimada Eng,Nakashimada Engineering Works Ltd.,    130.5500 ,   33.2300 ,-,八女市|
NAKD,NAKD,National Agency for Space Research,     27.5700 ,   53.9000 ,ANBEL,Мінск|
NAMFI,NAMFI,-,     24.0200 ,   35.5200 ,NATO,Χανιά|Αποκεντρωμένη Διοίκηση Κρήτης
NAMMO,Nammo,-,     10.6200 ,   60.7200 ,-,Raufoss|
NAMTC,NAMTC,-,   -119.1200 ,   34.1200 ,USN,
NAL,NAL,-,    139.5400 ,   35.6500 ,-,
NANAV,NanoAvionics,-,     25.2700 ,   54.7500 ,-,Vilnius|Vilniaus apskritis
NANAVU,NanoAvionics US,-,   -102.2100 ,   31.9400 ,NANAV,Midland|Texas
NANJID,Nanjing Jidian,Nanjing Institute of Mechatronic Technology,    120.8900 ,   31.9800 ,-,崇川区|江苏省
NANR,NanoRacks,-,    -95.3800 ,   29.7600 ,-,
NANSFI,NanoSatisfi,-,   -122.4200 ,   37.7800 ,-,San Francisco|California
NANXI,Nanxinda,Nanjing Xinda Sat. Applications Research Inst.,    118.8100 ,   32.0400 ,-,秦淮区|江苏省
NANYUE,Nanyue,Nanyue Aerospace Sci. and Tech Innovation Research Inst.,   -113.2600 ,   23.1300 ,-,
NANZ,Nantong ZH,Nantong Middle School,    120.8900 ,   31.9800 ,-,崇川区|江苏省
NAOJ,NAO,-,    139.5600 ,   35.6800 ,-,調布市|
NARAST,Nara Space,Nara Space Tech,    126.9700 ,   37.5700 ,-,서울특별시|
NARFU,NArFU,Lomonosov Northern (Arctic) Federal University,     40.5492 ,   64.5289 ,-,
NARSS,NARSS,-,     31.2300 ,   30.0300 ,-,القاهرة|القاهرة
NASA,NASA,-,    -77.0200 ,   38.9000 ,-,Washington|District of Columbia
NASAHQ,NASA HQ,-,    -77.0200 ,   38.9000 ,NASA,Washington|District of Columbia
NASCOM,NASCOM,-,     58.5500 ,   23.6000 ,MTCIT,|محافظة مسقط
NASDA,NASDA,National Space Development Adminstration,    139.6800 ,   35.6900 ,-,中野区|
NASDM,NASDA MSSL,-,    139.6800 ,   35.6900 ,NASDA,中野区|
NASIC,NASIC,-,    -84.0500 ,   39.8200 ,USAF,|Ohio
NAST,NAST,-,     85.3200 ,   27.6500 ,-,ललितपुर|बागमती प्रदेश
NATC,NATC,-,    -76.4200 ,   38.3100 ,USN,Lexington Park|Maryland
NATO,NATO,-,      4.4200 ,   50.8900 ,-,Bruxelles - Brussel|
NAVAIR,USN NAVAIR,-,    -76.4200 ,   38.3100 ,USN,Lexington Park|Maryland
NAVAST,USN NAVASTROGRU,-,   -119.1200 ,   34.1200 ,USN,|California
NAVIBD,Navi Beidou,Navi Beidou Info. Tech Co. Ltd.,    108.9400 ,   34.2600 ,-,碑林区|陕西省
NAVMAT,USN NAVMAT,-,    -77.0200 ,   38.9000 ,USN,Washington|District of Columbia
NAVSEA,USN NAVSEA,-,    -77.0200 ,   38.9000 ,USN,Washington|District of Columbia
NAVSPA,USN NAVSPACECOM,-,    -77.0500 ,   38.3400 ,USN,Dahlgren Center|Virginia
NAVSOC,USN NAVSOC,-,   -119.1200 ,   34.1200 ,NAVSPA,|California
NAVSPOC,NAVSPOC,-,    -77.0500 ,   38.3400 ,NAVSPA,Dahlgren Center|Virginia
NAWC,NAWC,-,   -117.6900 ,   35.6900 ,USN,
NAXS,NASA HQ-XS,-,    -77.0200 ,   38.9000 ,NASA,Washington|District of Columbia
NBN,NBN,-,    144.9600 ,  -37.8100 ,AU,Melbourne|Victoria
NBS,NBS,-,    -77.2300 ,   39.1300 ,DOC,Gaithersburg|Maryland
NBSC,NBS,-,   -105.2700 ,   40.0100 ,NBS,Boulder|Colorado
NC3A,NC3A,-,      4.4200 ,   50.8900 ,NATO,Bruxelles - Brussel|
NCAR,NCAR,-,   -105.2700 ,   40.0100 ,NSF,Boulder|Colorado
NCHU,NCHU,Nanchang Hangkong (Aeronautics) Univ.,    115.8600 ,   28.6800 ,-,南昌市|江西省
NCKU,NCKU,National Cheng Kung University,    120.2200 ,   23.0000 ,-,臺南市|
NCSC,New Cairo,-,     31.5000 ,   30.0000 ,EGYSA,القاهرة|القاهرة
NCSIST,NCSIST,National Chung-Shan Institute of Science and Technology,    121.3100 ,   24.9900 ,-,
NCST,NCST,-,    -77.0200 ,   38.9000 ,NRL,Washington|District of Columbia
NCU,NCU,-,    121.1900 ,   24.9700 ,-,桃園市|
NDAWN,New Dawn,-,     57.5000 ,  -20.1600 ,INTELS,Port Louis|Port Louis
NDRE,NDRE,Norwegian Defense Research Establishment,     11.0300 ,   59.9800 ,-,Lillestrøm|
NEC,NEC,-,    139.5700 ,   35.5100 ,-,横浜市|
NECST,NEC Space Tech,NEC Space Technology Co. Ltd.,    139.7000 ,   35.5200 ,-,川崎市|
NECT,NEC Toshiba,NEC Toshiba Space,    139.7000 ,   35.5200 ,-,川崎市|
NECTF,NEC Toshiba/Fuchu,-,    139.4800 ,   35.6700 ,NECT,府中市|
NECTKA,NEC Toshiba/Kamoi,-,    139.5700 ,   35.5100 ,NECT,横浜市|
NECTKE,NEC Toshiba/Kei.,-,    139.7000 ,   35.5200 ,NECT,川崎市|
NESC,ESSA NESC,-,    -76.9200 ,   38.8500 ,ESSA,Suitland|Maryland
NESCOM,NESCOM,-,     73.0700 ,   33.7200 ,-,بلیو ایریا|وفاقی دارالحکومت اسلام آباد
NESCOMN,NESCOM-NDC,-,     72.6400 ,   33.5700 ,NESCOM,فتح جنگ|پنجاب
NESCOMP,NESCOM PMO,-,     70.6800 ,   28.6500 ,NESCOM,خانپور|پنجاب
NESD,NOAA NESDIS,-,    -76.9200 ,   38.8500 ,NOAA,
NESS,NOAA NESS,-,    -76.9200 ,   38.8500 ,NOAA,Suitland|Maryland
NETAA,Network Access,Network Access Associates Ltd.,      0.1300 ,   51.5000 ,ONEWEB,Greater London|England
NEU,NEU,-,    -71.0900 ,   42.3400 ,-,Boston|Massachusetts
NEWSAT,NewSat-USA,-,    -74.1300 ,   41.0300 ,-,Allendale|New Jersey
NEWSAU,NewSat Australia,-,    144.9600 ,  -37.8100 ,-,Melbourne|Victoria
NEXEYA,Nexeya,-,      1.4700 ,   43.5600 ,-,Toulouse|Occitanie
NEYRO,Neyro-Master,Neuro-Master,     39.9500 ,   43.4100 ,-,Сириус|Краснодарский край
NFD,NFD,"Ministry of Trade, Industry and Fisheries",     10.7300 ,   59.9200 ,N,Oslo|
NFU,NFU,National Formosa University,    120.4300 ,   23.7200 ,-,虎尾鎮|
NGA,NGA,-,    -77.1500 ,   38.7200 ,DOD,Fort Belvoir|Virginia
NGA1,NGA,-,    -77.1100 ,   38.9800 ,DOD,Bethesda|Maryland
NGAA,NG AstroA,-,   -119.5200 ,   34.4000 ,NGST,Carpinteria|California
NGAS,NGAS,-,   -118.3800 ,   33.8600 ,-,Redondo Beach|California
NGAZU,NG Azusa,-,   -117.9100 ,   34.1300 ,GTRC,Azusa|California
NGCOM,Nigcomsat,-,      7.4800 ,    9.0700 ,-,Abuja|Federal Capital Territory
NGIS,NGIS,-,    -77.4300 ,   39.0100 ,-,Sterling|Virginia
NGISABL,NGIS DSG WV,-,    -78.8300 ,   39.5600 ,OATK,|West Virginia
NGISB,NGIS DSG,-,    -76.6200 ,   39.2800 ,OATK,Baltimore|Maryland
NGISC,NGIS FSG,-,   -111.8300 ,   33.3000 ,OATK,
NGISD,NGIS SSG,-,    -77.4300 ,   39.0100 ,NGIS,Sterling|Virginia
NGISE,NGIS DSG/Elkton,-,    -75.8300 ,   39.6100 ,NGIS,
NGISG,NGIS DSG GASL,-,    -73.1300 ,   40.8100 ,NGIS,Brentwood|New York
NGISGA,NGIS SSG Gilbert,-,   -111.7900 ,   33.3500 ,NGIS,Gilbert|Arizona
NGISGO,NGIS SSG Goleta,-,   -119.8100 ,   34.4400 ,NGIS,Goleta|California
NGISH,NGIS FSG Utah,-,   -111.9900 ,   40.6900 ,NGIS,West Valley City|Utah
NGISP,NGIS/Promonotory,-,   -112.5500 ,   41.6200 ,NGIS,|Utah
NGISS,NGIS SSG Belt.,-,    -76.9200 ,   39.0400 ,NGIS,
NGISW,NGIS Launch Sys,-,    -75.4900 ,   37.8400 ,NGIS,
NGNW,NG NovaWorks,-,   -118.3800 ,   33.8600 ,NGST,Redondo Beach|California
NGST,NGST,-,   -118.3800 ,   33.8600 ,-,Redondo Beach|California
NHK,NHK,Japan Broadcasting Corp.,    139.6800 ,   35.6800 ,-,渋谷区|
NICP,NICP,Norwegian Institute for Cosmic Physics,     18.9400 ,   69.6800 ,-,Tromsø|
NICS,NICSMA,-,      4.4200 ,   50.8900 ,NATO,Bruxelles - Brussel|
NIHON,Nihon,-,    139.7400 ,   35.6900 ,-,千代田区|
NII1,NII-1,-,     37.5000 ,   55.8700 ,-,Москва|Москва
NII1M,NII-1 Fil.,-,     60.7200 ,   58.0700 ,-,Нижняя Салда|Свердловская область
NII125,NII-125,-,     37.9300 ,   55.6700 ,-,Люберцы|Московская область
NII6,NII-6,-,     37.6200 ,   55.6800 ,-,Москва|Москва
NII88,NII-88,-,     37.8200 ,   55.9300 ,-,Королёв|Московская область
NII88A,NII-88,-,     37.8200 ,   55.9300 ,-,Королёв|Московская область
NIIEM,NII EM,-,     36.8700 ,   55.9200 ,VNIEM,Истра|Московская область
NIIKP,NII KP,Russian Institute for Space Device Engineering,     37.6900 ,   55.7700 ,-,
NIIM,NIIMash,-,     60.7200 ,   58.0700 ,-,Нижняя Салда|Свердловская область
NIIP,NII P,Instute for Instrument Building,     37.6900 ,   55.7700 ,-,Москва|Москва
NIIPP,NIIPP,Institute for Precision Instrument Engineering,     37.6200 ,   55.7500 ,-,Москва|Москва
NPKSPP,AO NPK SPP,Institute for Precision Instrument Engineering,     37.6200 ,   55.7500 ,-,Москва|Москва
NIIRP,NIIRP,-,     37.5000 ,   55.8000 ,-,Москва|Москва
NIITP,NIITP,-,     37.5000 ,   55.8700 ,-,Москва|Москва
NIKEX,NIKE-X PO,-,    -86.6500 ,   34.6800 ,USA,|Alabama
NIKEZ,Nike-Zeus PO,-,    -86.6500 ,   34.6800 ,USAMC,|Alabama
NIKUS,Nikon,-,    -73.4100 ,   40.7900 ,-,Melville|New York
NILE,Nilesat,-,     30.9100 ,   29.9400 ,ERTU,السادس من أكتوبر|الجيزة
NIMA,NIMA,-,    -77.1100 ,   38.9800 ,DOD,Bethesda|Maryland
NIMHB,-,"National Institute of Meteorology and Hydrology, Bulgarian A",     27.9500 ,   42.1000 ,-,Ахтопол|Бургас
NINGX,Ningxia Jingui,Ningxia Jingui Information Technology Co. Ltd.,    105.1800 ,   37.5100 ,-,沙坡头区|宁夏回族自治区
NIPR,NIPR,National Institute for Polar Research,    139.6800 ,   35.7700 ,MONBU,板橋区|
NIRFI,NIRFI,Research Radio Institute (Radiophysical Research Inst.),     44.0100 ,   56.3300 ,-,Нижний Новгород|Нижегородская область
NISCA,NI Stem Charter,-,   -116.8800 ,   47.8100 ,-,Rathdrum|Idaho
NISS,Nissan Motor,-,    139.6200 ,   35.6800 ,NISSY,杉並区|
NISST,Nissan,-,    138.8900 ,   36.2600 ,NISSY,富岡市|
NISSY,Nissan,-,    139.6300 ,   35.4400 ,-,横浜市|
NIST,NIST,-,    -77.2300 ,   39.1300 ,DOC,Gaithersburg|Maryland
NISYS,OOO NIS,OOO New Intellectual Systems,     37.6700 ,   55.7300 ,-,Москва|Москва
NIUTN,Noorul Islam U,-,     77.5400 ,    8.0800 ,-,Kanyakumari|Tamil Nadu
NIVR,NIVR,Netherlands Institute for Aeronautics and Spaceflight,      4.3600 ,   52.0100 ,-,Delft|Zuid-Holland
NIWCP,NIWC Pacific,-,   -117.1600 ,   32.7200 ,SPAWAR,San Diego|California
NJU,NJU,Nanjing University,    118.8500 ,   32.0300 ,-,秦淮区|江苏省
NJUST,NJUST,Nanjing University of Science and Technology,    118.8500 ,   32.0300 ,-,秦淮区|江苏省
NKAU,NKAU,Ukranian National Space Agency,     30.5200 ,   50.4500 ,-,Київ|
NKDSI,NK DSI,Defense Science Institute,    125.7400 ,   39.0200 ,-,평양시|
NKE,Dvigateli NK,NK Engines,     50.1400 ,   53.2000 ,-,Самара|Самарская область
NKO,NKO,People's Commissariat of Defense of the USSR,     37.6200 ,   55.7500 ,-,Москва|Москва
NLR,NLR,National Aerospace Lab,      4.9000 ,   52.3700 ,-,Amsterdam|Noord-Holland
NMC,NMC,-,   -119.1200 ,   34.1200 ,USN,|California
NMCOL,New Mex. Coll.,-,   -106.7500 ,   32.2800 ,-,|New Mexico
NMIC,NMIC,-,     -1.0900 ,   50.8600 ,-,Winchester|England
NMIT,NMIT Bangalore,-,     77.5900 ,   13.1300 ,-,Bengaluru|Karnataka
NMOL,USN MOL FO,-,   -118.4100 ,   33.9200 ,USN,El Segundo|California
NMSA,NMSA,National Meteorological Service,    -66.8500 ,  -29.4100 ,-,La Rioja|La Rioja
NMSPA,NM Spaceport,-,   -106.7500 ,   32.2800 ,-,|New Mexico
NMSU,NMSU,-,   -106.7500 ,   32.2800 ,-,|New Mexico
NMTECH,New Mexico Tech,-,   -106.9100 ,   34.0700 ,-,Socorro|New Mexico
NOAA,NOAA,-,    -76.9200 ,   38.8500 ,DOC,Suitland|Maryland
NOBY,Nobeyama,-,    138.4800 ,   35.9400 ,-,南牧村|
NOL,NOL,-,    -76.9900 ,   39.0400 ,USN,White Oak|Maryland
NONAN,NovaNano,-,      4.8000 ,   45.8100 ,-,
NORD,Nord,-,      2.4000 ,   47.0800 ,-,Bourges|Centre-Val de Loire
NORDS,SNCAN,-,      2.4000 ,   47.0800 ,-,Bourges|Centre-Val de Loire
NORDSP,NordSpace,-,    -79.2600 ,   43.8800 ,-,Markham|Ontario
NORLM,Nord/LesM,-,      1.9200 ,   48.9900 ,NORD,Les Mureaux|Île-de-France
NORSM,Nord/St-Medard,-,     -0.7200 ,   44.9000 ,SAFRAN,Saint-Médard-en-Jalles|Nouvelle-Aquitaine
NORTH,Northrop,-,   -118.3500 ,   33.9200 ,-,Hawthorne|California
NORTHC,Northrop Carolina,-,    -82.3900 ,   35.6000 ,NORTH,Swannanoa|North Carolina
NORTHS,Northrop,-,   -118.3500 ,   33.9200 ,-,Hawthorne|California
NOTS,NOTS,-,   -117.6900 ,   35.6900 ,USN,|California
NOTT,U Nottingham,-,     -1.2000 ,   52.9400 ,-,City of Nottingham|England
NOVI,NOVI,-,    -77.0800 ,   38.8800 ,NRO,Arlington|Virginia
NOVSU,Novosibirsk SU,Novosibirsk State University,     83.0900 ,   54.8500 ,-,городской округ Новосибирск|Новосибирская область
NOVTR,Novator,-,     60.5800 ,   56.8300 ,-,Екатеринбург|Свердловская область
NPL,NPL,-,     77.2100 ,   28.6100 ,-,New Delhi|
NPOE,NPO Energiya,-,     37.8200 ,   55.9300 ,-,Королёв|Московская область
NPOL,Lavochkin,-,     37.4500 ,   55.9000 ,-,Химки|Московская область
NPOLO,Lavochkin,-,     37.4500 ,   55.9000 ,ORKK,Химки|Московская область
NPOMA,NPO Mash,-,     37.8700 ,   55.7500 ,-,
NPOMAO,NPO Mash,-,     37.8700 ,   55.7500 ,ORKK,Реутов|Московская область
NPOPM,NPO PM,NPO Applied Mechanics,     93.5300 ,   56.2500 ,MOM,Железногорск|Красноярский край
NPOPMR,NPO PM,NPO Applied Mechanics,     93.5300 ,   56.2500 ,FKA,Железногорск|Красноярский край
NPOT,NPO Trud,-,     50.1400 ,   53.2000 ,-,Самара|Самарская область
NPUA,NPU Armenia,-,     44.5100 ,   40.1800 ,-,Երևան|
NRCC,NRC,-,    -75.6800 ,   45.4200 ,-,
NRL,NRL,-,    -77.0200 ,   38.9000 ,USN,Washington|District of Columbia
NRLC,NRL/NRO Prog C,-,    -77.0200 ,   38.9000 ,USN,Washington|District of Columbia
NRO,NRO,-,    -77.0200 ,   38.9000 ,-,
NROC,NRO,-,    -77.4000 ,   38.8800 ,-,Greenbriar|Virginia
NROD,NRO Prog D,-,    -77.0800 ,   38.8800 ,NRO,Arlington|Virginia
NSA,NSA,-,    -76.7400 ,   39.1100 ,DOD,
NSAB,NSAB,-,     18.0000 ,   59.3500 ,-,Solna|
NSC,NSC,Norwegian Space Agency,     10.7300 ,   59.9200 ,-,Oslo|
NSDC,NSDC,-,    139.6800 ,   35.6900 ,STA,中野区|
NSF,NSF,-,    -77.0800 ,   38.8800 ,-,Arlington|Virginia
NSIL,New Space India,New Space India Ltd,     77.5800 ,   12.9800 ,-,Bengaluru|Karnataka
NSL,NearSpaceLaunch,-,    -85.5000 ,   40.4700 ,-,Upland|Indiana
NSLC,NSLComm,-,     34.9100 ,   31.9900 ,-,|מחוז המרכז
NSMC,CNMSC,National Satellite Meteorological Center,    116.3800 ,   39.9200 ,CMA,
NSO,NSO,-,      4.3200 ,   52.0800 ,-,Den Haag|Zuid-Holland
NSPO,NSPO,National Space Organization,    120.9800 ,   24.8200 ,-,新竹市|
NSPT,NSPO,National Space Program Office,    120.9800 ,   24.8200 ,-,新竹市|
NSRDA,NASRDA,-,      7.4800 ,    9.0700 ,-,Abuja|Federal Capital Territory
NSROC,NSROC,-,    -75.4900 ,   37.8400 ,NASA,|Virginia
NSS,New Skies,-,      4.3200 ,   52.0800 ,-,Den Haag|Zuid-Holland
NSSA,NSSA,-,   -118.4100 ,   33.9200 ,USN,El Segundo|California
NSTAR,NorthStar,-,    -73.9500 ,   45.4000 ,-,L'Île-Perrot|Québec
NSWCCR,NSWC Crane,-,    -86.8300 ,   38.8700 ,USN,|Indiana
NSWCPH,NSWC PHD,-,   -119.1900 ,   34.1600 ,USN,Port Hueneme|California
NSWCWS,NSWC PHD-WS,-,   -106.3800 ,   32.4000 ,USN,
NTNF,NTNF,Norwegian Technical Research Council,     10.7300 ,   59.9200 ,-,Oslo|
NTNU,NTNU,Norwegian U of Science and Technology,     10.4000 ,   63.4200 ,-,Trondheim|
NTOU,NTOU,National Taiwan Ocean University,    121.7800 ,   25.1500 ,-,基隆市|
NTSOMZ,NTs OMZ,Research Center for Earth Operative Monitoring,     37.6200 ,   55.7500 ,FKA,Москва|Москва
NTT,NTT,Nippon Telephone and Telegraph Corp,    139.7500 ,   35.6900 ,-,千代田区|
NTTP,NTT,Nippon Telephone and Telegraph Public Corp,    139.7500 ,   35.6900 ,NTT,千代田区|
NTTDM,NTT DoMoCo,Nippon Telepone and Telegraph DoMoCo,    139.7500 ,   35.6900 ,NTT,千代田区|
NTU,NTU,-,    103.6800 ,    1.3400 ,-,
NUAA,NUAA,Nanjing University of Aeronautics and Astronautics,    118.8100 ,   32.0400 ,-,秦淮区|江苏省
NUC,NUC,North University of China,    112.4400 ,   38.0100 ,-,
NUDTC,NUDT Changsha,National University of Defense Technology,    112.9400 ,   28.2300 ,-,岳麓区|湖南省
NUM,NU Mongolia,National University of Mongolia,    106.9200 ,   47.9200 ,-,Улан-Батор|
NUS,NUS,National University of Singapore,    103.7800 ,    1.3000 ,-,Singapore|
NUSC,NUSC,-,    -72.1000 ,   41.3600 ,USN,New London|Connecticut
NUSHS,NUS High School,-,    103.7800 ,    1.3000 ,-,
NUSP,NuSpace,-,    103.8000 ,    1.3000 ,-,
NUSS,NUSS,Cabinet Space Strategy Office,    139.6800 ,   35.6800 ,-,渋谷区|
NVART,Nevada Mus Art,-,   -119.8200 ,   39.5300 ,-,
NWC,NWC,-,   -117.6900 ,   35.6900 ,USN,|California
NWNAZ,NW Nazarene,-,   -116.5700 ,   43.5600 ,-,Nampa|Idaho
NWO,NWO,Netherlands Organization for Scientific Research,      4.3200 ,   52.0800 ,-,Den Haag|Zuid-Holland
NWPU,Xibei Gongda,Northwestern Polytechnical University,    108.9200 ,   34.2400 ,-,碑林区|陕西省
NWU,Northwestern,-,    -87.6700 ,   42.0500 ,-,Evanston|Illinois
NWURKS,NovaWurks,-,   -118.0600 ,   33.8000 ,-,Los Alamitos|California
NYBB2,NYBB II,-,    -74.0100 ,   40.7100 ,-,City of New York|New York
NYSH,NY Sat Holdings,-,    -73.8700 ,   40.7500 ,NYBB2,City of New York|New York
NYSI,NYSI,-,    -76.8900 ,   38.9900 ,-,Greenbelt|Maryland
NYU,NYU,-,    -74.0000 ,   40.7300 ,-,City of New York|New York
NYUAD,NYU Abu Dhabi,New York University Abu Dhabi,     54.4300 ,   24.5200 ,NYU,أبو ظبي|أبو ظبي
NZRA,NZRA,-,    175.0000 ,   37.6000 ,-,
O3B,O3B,-,     -2.1300 ,   49.2400 ,-,St John|
O3BS,O3B SES,-,     -2.1300 ,   49.2400 ,SES,St John|
OAKAE,Oakman,-,   -105.0100 ,   39.6000 ,-,Littleton|Colorado
OAR,USAF OAR,-,    -77.0200 ,   38.9000 ,USAF,Washington|District of Columbia
OAR2,AFSC OAR,-,    -77.0200 ,   38.9000 ,AFSC,Washington|District of Columbia
OAR3,AFSC,-,   -118.4100 ,   33.9200 ,AFSC,El Segundo|California
OAR4,AFSMC,-,   -118.4100 ,   33.9200 ,AFSMC,El Segundo|California
OATK,OATK,-,    -77.4300 ,   39.0100 ,-,Sterling|Virginia
OATKABL,OATK DSG WV,-,    -78.8300 ,   39.5600 ,OATK,|West Virginia
OATKB,OATK DSG,-,    -76.6200 ,   39.2800 ,OATK,Baltimore|Maryland
OATKC,OATK FSG,-,   -111.8300 ,   33.3000 ,OATK,Chandler|Arizona
OATKD,OATK SSG,-,    -77.4500 ,   38.9500 ,OATK,|Virginia
OATKE,OATK DSG/Elkton,-,    -75.8300 ,   39.6100 ,OATK,Elkton|Maryland
OATKG,OATK DSG GASL,-,    -73.1300 ,   40.1800 ,OATK,
OATKGA,OATK SSG Gilbert,-,   -111.7900 ,   33.3500 ,OATK,Gilbert|Arizona
OATKGO,OATK SSG Goleta,-,   -119.8100 ,   34.4400 ,OATK,Goleta|California
OATKH,OATK FSG Utah,-,   -111.9900 ,   40.6900 ,OATK,West Valley City|Utah
OATKP,OATK/Promonotory,-,   -112.5500 ,   41.6200 ,OATK,|Utah
OATKS,OATK SSG Belt.,-,    -76.9200 ,   39.0400 ,OATK,Beltsville|Maryland
OATKW,OATK Launch Sys,-,    -75.4800 ,   37.8300 ,OATK,|Virginia
OAZ,Omsk Av. Zav.,Omsk Aviation Plant,     73.3700 ,   54.9800 ,-,Омск|Омская область
OCO,OCO,-,    -77.0200 ,   38.9000 ,USA,Washington|District of Columbia
OCOS,Open Cosmos,-,     -1.2400 ,   51.6100 ,-,South Oxfordshire|England
OCOSB,Open Cosmos,-,      2.1800 ,   41.3900 ,OCOS,Barcelona|Catalunya
ODU,ODU,-,    -76.3000 ,   36.8900 ,-,Norfolk|Virginia
ODYSS,Odyssey SW,-,    -73.9500 ,   40.6800 ,-,City of New York|New York
OERL,Oerlikon Space,-,      8.5500 ,   47.3700 ,CONTR,Zürich|Zürich
OEWF,OeWF,Austrian Space Forum,     11.4300 ,   47.2700 ,-,Innsbruck|Tirol
OFAB,Orbit Fab,-,   -122.4200 ,   37.7800 ,-,San Francisco|California
OFO,OFO Bicycle,OFO Bicycle,    116.3800 ,   39.9200 ,-,西城区|北京市
OFX,Orbital Effects,-,    -83.7500 ,   42.2800 ,-,Ann Arbor|Michigan
OGU,OGU,I.S. Turgenev Oryol State University,     36.0600 ,   52.9500 ,-,Орёл|Орловская область
OHB,OHB,-,      8.8000 ,   53.0800 ,FUCHS,Bremen|Bremen
OHBSE,OHB-SE,-,     18.0000 ,   59.3500 ,OHB,Solna|
OHBI,OHB-I,-,      9.1800 ,   45.4700 ,OHB,Milano|Lombardia
OHIOU,Ohio U,-,    -82.1000 ,   39.3200 ,-,Athens|Ohio
OIT,Osaka Inst.Tech,Osaka Inst. of Technology,    135.5400 ,   34.7300 ,-,大阪市|
OKB1,OKB-1,-,     37.8200 ,   55.9300 ,-,Королёв|Московская область
OKB1F2,OKB-1 Fil. 2,-,     93.5300 ,   56.2500 ,-,Железногорск|Красноярский край
OKB1F3,OKB-1 Fil. 3,-,     50.1400 ,   53.2000 ,-,Самара|Самарская область
OKB10,OKB-10,-,     93.5300 ,   56.2500 ,-,Железногорск|Красноярский край
OKB16,Kazan OKB-16,-,     49.1100 ,   55.8000 ,NKE,Казань|Татарстан
OKB117,OKB-117,-,     30.3100 ,   59.9400 ,-,Санкт-Петербург|Санкт-Петербург
OKB154,OKB-154,Design Bureau No. 154,     39.2100 ,   51.6700 ,-,Воронеж|Воронежская область
OKB2,OKB-2 Isaev,-,     37.8200 ,   55.9300 ,-,Королёв|Московская область
OKB23,OKB-23,-,     37.5000 ,   55.7500 ,-,Москва|Москва
OKB276,OKB-276,-,     50.1400 ,   53.2000 ,-,Самара|Самарская область
OKB456,OKB-456,-,     37.4500 ,   55.9000 ,-,Химки|Московская область
OKB52,OKB-52,-,     37.8700 ,   55.7500 ,-,Реутов|Московская область
OKB52F1,OKB-52 Fil. 1,-,     37.5000 ,   55.7500 ,-,Москва|Москва
OKB586,OKB-586,Yangel KB,     34.9800 ,   48.4500 ,-,Дніпро|Дніпропетровська область
OKB586F1,OKB-586 Fil. 1,-,     73.3700 ,   54.9800 ,-,Омск|Омская область
OKB9,OKB-9,-,     60.5800 ,   56.8300 ,-,Екатеринбург|Свердловская область
OKBZ154,OKB Zav 154,Factory No. 154 Design Bureau,     39.2100 ,   51.6700 ,-,Воронеж|Воронежская область
OKSU,OkSU,-,    -97.0600 ,   36.1200 ,-,Stillwater|Oklahoma
OLIN,Olin,-,   -122.1200 ,   47.6700 ,-,Redmond|Washington
OMID,Omid-e-Faza,SpaceOMID Co. LLC,     51.3900 ,   35.6900 ,-,شهر تهران|استان تهران
OMLGM,RSA OML,-,    -86.6500 ,   34.6800 ,ORDRSA,|Alabama
OMNIE,OmniEarth,-,    -77.0600 ,   38.8700 ,-,Arlington|Virginia
OMNISP,OmniSpace,-,    -77.2300 ,   38.9200 ,-,Tysons|Virginia
OMNITQ,OmniTeq,-,    -97.9500 ,   30.3100 ,-,Bee Cave|Texas
OMS,OMS,-,   -105.2200 ,   40.0200 ,-,Boulder|Colorado
OMSUK,OMS Harwell,-,     -1.3100 ,   51.5800 ,OMS,Vale of White Horse|England
ONAFS,Onizuka AFS,-,   -122.0288 ,   37.4049 ,USAF,Sunnyvale|California
ONDAS,Ondas,-,     -3.7200 ,   40.3800 ,-,Madrid|Comunidad de Madrid
ONDO,ONDO Space,-,    106.9200 ,   47.9200 ,-,Улан-Батор|
ONERA,ONERA,-,      2.2900 ,   48.8000 ,-,Châtillon|Île-de-France
ONEWEB,One Web,-,     -0.1300 ,   51.5000 ,-,City of Westminster|England
ONEWEBE,Eut. One Web,-,     -0.1300 ,   51.5000 ,EUTSA,City of Westminster|England
ONEWEBN,One Web (NAA),-,     -0.1300 ,   51.5000 ,-,City of Westminster|England
ONEWUS,One Web,-,    -80.6000 ,   28.3900 ,-,Cape Canaveral|Florida
ONI,ONI,-,    149.1300 ,  -35.2900 ,-,Canberra|
ONM,USN ONM,-,    -77.0200 ,   38.9000 ,USN,Washington|District of Columbia
ONR,ONR,-,    -77.0800 ,   38.8800 ,USN,Arlington|Virginia
ONRS,ONR SIO,-,   -117.2800 ,   32.8500 ,ONR,San Diego|California
ONTNU,OrbitNTNU,-,     10.4000 ,   63.4200 ,NTNU,Trondheim|
ONUSJ,UN Cuyo-SanJuan,"Cuyo National Univ., San Juan",    -68.5800 ,  -31.5400 ,-,|San Juan
OPM,Meudon,-,      2.2400 ,   48.8100 ,-,Meudon|
OPNAV,OPNAV,-,    -77.0200 ,   38.9000 ,USN,Washington|District of Columbia
OPT,Optus,-,    151.2100 ,  -33.8700 ,-,Sydney|New South Wales
OPTEVD,USN OPDEVFOR,-,    -76.3100 ,   36.9500 ,USN,Norfolk|Virginia
OPTEV,USN OPTEVFOR,-,    -76.3100 ,   36.9500 ,USN,Norfolk|Virginia
OPTS,SingTel Optus,-,    151.2100 ,  -33.8700 ,-,Sydney|New South Wales
OPU,Osaka Pref. U.,Osaka Prefectural University,    135.5100 ,   34.5500 ,-,堺市|
OQT,OQ Tech,-,      6.5000 ,   49.7100 ,-,Oberbillig|Rheinland-Pfalz
OQTR,OQ Tech Rwanda,-,     30.0600 ,   -1.9400 ,OQT,Kigali|Umujyi wa Kigali
ORANGE,Orange S.A.,-,      2.3000 ,   48.8600 ,-,Paris|Île-de-France
ORBAS,OrbAstro,-,     -1.3100 ,   51.5800 ,-,Vale of White Horse|England
ORBC,Orbcomm,-,    -73.9700 ,   40.8500 ,-,Fort Lee|New Jersey
ORBI,Orbimage,-,    -77.4300 ,   39.0100 ,-,Sterling|Virginia
ORBMAT,Orbital Matter,-,     21.0200 ,   52.2300 ,-,Warszawa|województwo mazowieckie
ORBSK,Orbital Sidekick,-,   -122.4200 ,   37.7800 ,-,San Francisco|California
ORBSKW,Orbital Space KW,-,     47.9800 ,   29.3700 ,-,المرقاب|محافظة العاصمة
ORBSP,Orbital Space,-,     55.3000 ,   25.2600 ,ORBSKW,ديرة|دبي
ORBTEC,Orbitec,-,    -89.4000 ,   43.0700 ,-,Madison|Wisconsin
OREN,Orenburg MZ,-,     55.1000 ,   51.7800 ,-,Оренбург|Оренбургская область
ORL,Orleans,-,      1.9300 ,   47.8500 ,-,Olivet|Centre-Val de Loire
ORD,USA OR,-,   -106.3800 ,   32.4000 ,OCO,|New Mexico
ORDRSA,RSA OML,-,    -86.6500 ,   34.6800 ,OCO,|Alabama
ORI,Orion,-,    -77.1500 ,   39.0800 ,-,Rockville|Maryland
ORIAS,Orsay-IAS,-,      2.1900 ,   48.7000 ,-,Orsay|Île-de-France
ORISP,Orion Space,-,     85.4300 ,   27.6800 ,-,भक्तपुर|बागमती प्रदेश
ORISS,Orion Space Sol.,-,   -105.1400 ,   39.9800 ,-,Louisville|Colorado
ORKK,ORKK,United Rocket-Space Corporation,     37.6200 ,   55.7500 ,-,Москва|Москва
ORORA,OroraTech,-,     11.5700 ,   48.1300 ,-,München|Bayern
ORPA,ORPA,Aeronautics and Space Research Organization,    106.8200 ,   -6.2000 ,BRIN,Jakarta Pusat|
ORPH,Orbits Corp,-,    121.0500 ,   14.3800 ,-,Muntinlupa|
OSAKA,Osaka,Osaka University,    135.5300 ,   34.8200 ,-,茨木市|
OSC,OSC-Fairfax,-,    -77.3000 ,   38.8500 ,-,Fairfax|Virginia
OSCAR,OSCAR,-,   -121.9000 ,   37.3300 ,-,San Jose|California
OSCC,OSC Chandler,-,   -111.8300 ,   33.3000 ,OSC,Chandler|Arizona
OSCD,OSC,-,    -77.4300 ,   39.0100 ,-,Sterling|Virginia
OSCG,OSC-Germantown,-,    -77.2700 ,   39.1800 ,OSC,Germantown|Maryland
OSCGA,OSC-Gilbert,-,   -111.7900 ,   33.3500 ,OSC,Gilbert|Arizona
OSCM,OSC-McLean,-,    -77.1800 ,   38.9300 ,OSC,McLean|Virginia
OSCV,OSC-Vienna,-,    -77.2700 ,   38.9000 ,OSC,Vienna|Virginia
OSCW,OSC Wallops,-,    -75.4900 ,   37.8400 ,OSC,|Virginia
OSLO,Oslo,Oslo University,     10.7200 ,   59.9400 ,-,Oslo|
OSM,OSM,-,      7.4100 ,   43.7300 ,-,Monaco|
OSN,OSN,-,   -122.0800 ,   37.3900 ,-,Mountain View|California
OSSI,OSSI,-,    126.9700 ,   37.5700 ,-,서울특별시|
OSSS,OSSS,-,   -111.9400 ,   41.1900 ,WEB,Ogden|Utah
OSU,OSU,-,    -83.0100 ,   40.0000 ,-,Columbus|Ohio
OTEAM,OneTeam,-,    139.6800 ,   35.6600 ,-,目黒区|
OTR,OTRAG,-,      9.1800 ,   48.7800 ,-,Stuttgart|Baden-Württemberg
OTRG,OTRAG,-,     11.6500 ,   48.2500 ,-,Garching bei München|Bayern
OUTP,Outpost Tech,-,    -86.6500 ,   34.6800 ,-,|Alabama
OVHO,OverHorizon,-,     18.0000 ,   59.3500 ,-,|
OVZON,Ovzon,-,     18.0000 ,   59.3500 ,-,|
OX,Oxford,-,     -1.2500 ,   51.7600 ,-,Oxford|England
PACSCI,PacSciEMC,-,   -111.8300 ,   33.3000 ,-,Chandler|Arizona
PAEC,PAEC,-,     73.0700 ,   33.7200 ,-,بلیو ایریا|وفاقی دارالحکومت اسلام آباد
PAI,PAI,Polish Aviation Institute,     21.0200 ,   52.2300 ,-,Warszawa|województwo mazowieckie
PAN,Panamsat,-,    -73.4300 ,   41.2000 ,-,Wilton|Connecticut
PANI,Panamsat,-,    -73.4300 ,   41.2000 ,INTELD,Wilton|Connecticut
PARA,Paradigm,-,     -2.1900 ,   51.4300 ,-,Corsham|England
PARAC,Paracom SA,-,    -58.3800 ,  -34.6000 ,-,Buenos Aires|Ciudad Autónoma de Buenos Aires
PARD,PARD,-,    -75.4900 ,   37.8400 ,NACA,|Virginia
PARIS,Paris,-,      2.3000 ,   48.8600 ,-,Paris|Île-de-France
PARST,Parsons Corp,-,   -118.3400 ,   33.8300 ,-,Torrance|California
PASI,PASI,-,    121.0000 ,   14.5800 ,-,Manila|
PATIN,Patriot Info,-,    100.5200 ,   13.8500 ,-,เทศบาลนครนนทบุรี|
PATRAS,U Patras,University of Patras,     21.7300 ,   38.2500 ,-,"Δημοτική Ενότητα Πατρέων|Αποκεντρωμένη Διοίκηση Πελοποννήσου, Δυτικής Ελλάδας και Ιονίου"
PAU,Air University,-,     73.0200 ,   33.7100 ,-,اسلام آباد|وفاقی دارالحکومت اسلام آباد
PAVKH,Pavlograd,-,     35.8700 ,   48.5200 ,-,Павлоград|Дніпропетровська область
PEND,Pendrell,-,   -122.1900 ,   47.6900 ,-,Kirkland|Washington
PEOSS,USN PEO SS,-,   -117.1600 ,   32.7200 ,SPAWAR,San Diego|California
PER,Perumtel,-,    106.8200 ,   -6.2000 ,-,Jakarta Pusat|
PERC,Chiba PERC,Planetary Exploration Research Center,    140.0300 ,   35.6800 ,CHIBA,習志野市|
PERI,Perigee Aerospace,-,    127.4100 ,   36.3700 ,-,대전광역시|
PERM,KB Perm,-,     56.3200 ,   58.0000 ,-,Пермь|Пермский край
PERM2,KB Perm,-,     56.3200 ,   58.0000 ,-,Пермь|Пермский край
PERME,RPE,-,     -0.9600 ,   51.8500 ,MOD,Westcott|England
PERVK,1-y Kanal,Channel One,     37.6100 ,   55.8200 ,-,Москва|Москва
PESU,PES Univ.,-,     77.5300 ,   12.9300 ,-,Bengaluru|Karnataka
PFAB,Process Fab,-,   -118.0700 ,   33.9400 ,-,Santa Fe Springs|California
PFRR,PFRR,-,   -147.4700 ,   65.1200 ,UAF,|Alaska
PH4,Phase Four,-,   -118.4100 ,   33.9200 ,-,El Segundo|California
PHFO,Philco-Ford,-,   -117.9000 ,   33.6200 ,-,Newport Beach|California
PHFP,Philco-Ford WDL,-,   -122.1400 ,   37.4300 ,PHFO,Palo Alto|California
PHIL,Phillips,-,      5.4800 ,   51.4300 ,-,Eindhoven|Noord-Brabant
PHILR,Philips Rocket,-,    -97.4200 ,   31.4300 ,-,McGregor|Texas
PHLO,Philco,-,   -117.9000 ,   33.6200 ,-,Newport Beach|California
PHLP,Philco WDL,-,   -122.1400 ,   37.4300 ,PHLO,Palo Alto|California
PICA,Picatinny Arsenal,-,    -74.5400 ,   40.9600 ,USA,Rockaway Township|New Jersey
PICO,Picosats,-,     13.7900 ,   45.6600 ,-,Trieste|Friuli-Venezia Giulia
PIESAT,Hangtian Hongtu,PIESAT Information Technology Co. Ltd.,    116.3800 ,   39.9200 ,-,西城区|北京市
PIHM,PIHM,National Institute of Hydrology and Meteorology,     21.0200 ,   52.2300 ,-,Warszawa|województwo mazowieckie
PION,Pion,-,    -46.6300 ,  -23.5500 ,-,São Paulo|São Paulo
PITT,Pittsburgh,-,    -79.9500 ,   40.4400 ,-,Pittsburgh|Pennsylvania
PIXX,Pixxel,-,     77.5300 ,   12.9300 ,-,Bengaluru|Karnataka
PKAFSC,PK ASAF,-,     73.0700 ,   33.7200 ,-,بلیو ایریا|وفاقی دارالحکومت اسلام آباد
PKEL,Perkin-Elmer,-,    -73.4700 ,   41.4000 ,-,Danbury|Connecticut
PKNDC,PK NDC,-,     72.6400 ,   33.5700 ,PAEC,فتح جنگ|پنجاب
PKPMO,PK PMO,-,     70.6800 ,   28.6500 ,PAEC,خانپور|پنجاب
PKO,PKO,"Space Defence Force, USSR Armed Forces",     37.6200 ,   55.7500 ,PVO,Москва|Москва
PKU,Beijing Daxue,Peking University,    116.3000 ,   39.9900 ,-,海淀区|北京市
PLA,PLA,Chinese People's Liberation Army,    116.3800 ,   39.9200 ,-,西城区|北京市
PLA2AC,PLA SAC,PLA Second Artillery Corps,    116.3800 ,   39.9200 ,PLA,西城区|北京市
PLAAF,PLA AF,PLA Air Force,    116.3800 ,   39.9200 ,-,西城区|北京市
PLABS,Planet Labs,-,   -122.4200 ,   37.7800 ,-,San Francisco|California
PLABSB,PlanetLabs Berlin,-,     12.5300 ,   52.4200 ,PLABS,Brandenburg an der Havel|Brandenburg
PLABST,Terra Bella,-,   -122.0800 ,   37.3900 ,PLABS,Mountain View|California
PLAN,Planet,-,   -122.4200 ,   37.7800 ,-,San Francisco|California
PLANQ,PlanetiQ,-,    -77.1100 ,   38.9800 ,-,Bethesda|Maryland
PLANS,PLA NSF,-,    120.3800 ,   36.0700 ,PLA,市南区|山东省
PLARF,PLA RF,PLA Rocket Forces,    116.3800 ,   39.9200 ,-,西城区|北京市
PLATZ,Platzi,-,   -122.4200 ,   37.7800 ,-,San Francisco|California
PLDS,PLD Space,-,     -0.6900 ,   38.2700 ,-,Elx / Elche|Comunitat Valenciana
PLNSST,Plan-S,Plan-S Satellite and Space Technologies,     32.8700 ,   39.9300 ,-,Ankara|Ankara
PLNTM,Planetum,-,     14.4200 ,   50.0800 ,-,
PLRES,Plan. Resources,-,   -122.1200 ,   47.6700 ,-,Redmond|Washington
PLSYS,Payload Systems,-,    -71.0800 ,   42.3700 ,-,Cambridge|Massachusetts
PMOD,PMOD,World Radiation Center,      9.8300 ,   46.8000 ,-,Davos|Graubünden/Grischun/Grigioni
PMOOS,Patterson-Moos,-,    -73.7900 ,   40.7000 ,-,
PMR,PMR,-,   -119.1200 ,   34.1200 ,USN,|California
PMTC,PMTC,-,   -119.1200 ,   34.1200 ,USN,|California
PMW146,USN PMW 146,-,   -117.1600 ,   32.7200 ,PEOSS,San Diego|California
PNTV,PointView Tech,-,    -75.5500 ,   39.7500 ,FBK,Wilmington|Delaware
POL,Polyot,-,     73.3700 ,   54.9800 ,FKA,Омск|Омская область
POLA,Polaris,-,   -118.3500 ,   33.9200 ,-,
POLK,Polyot,-,     73.3700 ,   54.9800 ,FKA,Омск|Омская область
POLY,E.Polytechnique,-,      2.1700 ,   48.7300 ,-,Saclay|
POUDR,POUDR,-,     -0.7200 ,   44.9000 ,-,Saint-Médard-en-Jalles|Nouvelle-Aquitaine
POPACS,POPACS,-,   -104.8600 ,   39.0800 ,-,Monument|Colorado
PORTO,U. Porto,University of Porto,     -8.6200 ,   41.1500 ,-,Porto|
PPARC,PPARC,-,     -1.7800 ,   51.5600 ,-,Swindon|England
PRIMX,Primex,-,   -122.1200 ,   47.6700 ,-,Redmond|Washington
PRIMVN,Primex (VN),-,   -118.4300 ,   34.1800 ,-,Los Angeles|California
PRIN,Princeton,-,    -74.6600 ,   40.3500 ,-,Princeton|New Jersey
PRINCE,Prince Motor,-,    139.6200 ,   35.6800 ,-,杉並区|
PRIR,Priroda,-,     37.6200 ,   55.7500 ,GUGK,Москва|Москва
PRISMA,Prisma Elec.,Prisma Electronics,     25.8800 ,   40.8400 ,-,Αλεξανδρούπολη|Αποκεντρωμένη Διοίκηση Μακεδονίας - Θράκης
PRL,PRL,-,     72.5800 ,   23.0300 ,-,Ahmedabad|Gujarat
PRO,PRO,Missile Defense Force,     37.6200 ,   55.7500 ,PVO,Москва|Москва
PROG,Progress,Progress Factory,     50.1400 ,   53.2000 ,-,Самара|Самарская область
PROGT,TsSKB-Progress,CSDB-Progress Factory,     50.1400 ,   53.2000 ,TSSKBP,Самара|Самарская область
PROM,Promethee,-,      2.3000 ,   48.8600 ,-,Paris|Île-de-France
PROTE,Proteus Space,-,   -118.2400 ,   34.0300 ,-,
PROTO,ProtostarLtd,-,    -64.7800 ,   32.9300 ,-,
PROTS,Protostar,-,   -122.4200 ,   37.7800 ,PROTO,San Francisco|California
PSAS,Portland State,-,   -122.6900 ,   45.5100 ,-,Portland|Oregon
PSC,PSC,-,    -77.0300 ,   39.0000 ,-,Silver Spring|Maryland
PSCI,PSI,-,    -71.1400 ,   42.6600 ,-,Andover|Massachusetts
PSCR,PSC/RocketLab,-,    -77.0300 ,   39.0000 ,RLABU,Silver Spring|Maryland
PSN,PSN,-,    106.9900 ,   -6.2300 ,-,Bekasi|Jawa Barat
PSNS,PSNS,-,    106.9900 ,   -6.2300 ,PSN,Bekasi|Jawa Barat
PSNT,SNT,-,    106.9900 ,   -6.2300 ,PSN,Bekasi|Jawa Barat
PSRC,Pacific Sierra,-,    118.2500 ,   34.0500 ,-,宿豫区|江苏省
PSU,PSU,-,    -77.8600 ,   40.7900 ,-,State College|Pennsylvania
PSUA,Povitryani Sili,Ukrainian Air Force,     28.4800 ,   49.2300 ,-,Вінниця|Вінницька область
PSYN,Physical Synth.,-,    -73.9900 ,   40.6900 ,-,City of New York|New York
PTS,Plan. Tr. Sys,-,     13.2000 ,   52.4000 ,-,Kleinmachnow|Brandenburg
PU,Puskovie Uslugi,-,     37.6200 ,   55.7500 ,-,Москва|Москва
PUCP,PUCP,Pontifical Catholic University of Peru,    -77.0800 ,  -12.0700 ,-,Lima|Lima
PUMPK,Pumpkin,-,   -122.4200 ,   37.7800 ,-,San Francisco|California
PURDUE,Purdue,-,    -86.9300 ,   40.4200 ,-,West Lafayette|Indiana
PUSTEK,PUSTEK,Center for Electronics Technology Aerospace Indonesia,    106.8200 ,   -6.2000 ,-,Jakarta Pusat|
PVO,PVO,-,     37.6200 ,   55.7500 ,-,Москва|Москва
PWAR,Pol. Warszawska,Warsaw University of Technology,     21.0200 ,   52.2300 ,-,Warszawa|województwo mazowieckie
PWCSD,PW CSD,-,   -121.9000 ,   37.3300 ,UTC2,
PWFL,Pratt&Whitney,-,    -80.0600 ,   26.7100 ,UAC,West Palm Beach|Florida
PWRD,PW/Rocketdyne,-,   -118.6000 ,   34.2000 ,UTC2,Los Angeles|California
PYRAS,Pyras Tech,-,    121.6400 ,   25.0600 ,-,新北市|
QB50,QB50,-,      4.3500 ,   50.7500 ,-,Alsemberg|Vlaams-Brabant
QBUS,QBUS,-,    -76.9000 ,   39.1700 ,-,|Maryland
QIANC,Qiandao Tansuo,Beijing Qiansheng Exploration Tech Co Ltd.,    116.3000 ,   39.9600 ,-,海淀区|北京市
QILIAN,Qilian Reserve,Qilian Mountain National Nature Reserve Management Center,    100.4500 ,   39.9300 ,-,阿拉腾朝格苏木 ᠠᠯᠲᠠᠨᠴᠣᠭ ᠰᠤᠮᠤ|内蒙古自治区 ᠦᠪᠦᠷ ᠮᠣᠩᠭᠤᠯ ᠤᠨ ᠥᠪᠡᠷᠲᠡᠭᠡᠨ ᠵᠠᠰᠠᠬᠣ ᠣᠷᠣᠨ
QINGSH,Qingshen Keji,Tsing Shen,    121.9200 ,   30.9000 ,-,浦东新区|
QINQ,Qinetiq,-,     -0.7500 ,   51.2900 ,-,
QINS,Qinetiq Space,-,      4.3000 ,   51.1700 ,QINQ,Kruibeke|Oost-Vlaanderen
QIZH,Qizhou Group,Qizhong Group,    116.3800 ,   39.9200 ,-,西城区|北京市
QMW,QMW,-,     -0.0400 ,   51.5200 ,-,
QOSMO,Qosmosys,-,    103.7800 ,    1.3000 ,-,Singapore|
QPS,QPS Labs,"QPS Laboratories Co, Ltd.",    130.4000 ,   33.5800 ,-,福岡市|
QSP,QSpace,QSpace Technologies (Skolkovo),     37.3600 ,   55.7000 ,-,Москва|Москва
QTD,Qingteng daxue,Qingteng University,    113.9400 ,   22.5200 ,-,南山区|广东省
QTK,Qiyuan Taikong,Shenzhen Origin Space Tech. Co. Ltd.,    113.9400 ,   22.5200 ,-,南山区|广东省
QTT,QuanTuTong,Full Map Network Co.,    116.4900 ,   39.8000 ,-,大兴区|北京市
QUAFI,QuakeFinder,-,   -122.1400 ,   37.4300 ,-,Palo Alto|California
QUAT,Quaternion,Quaternion,    126.8800 ,   37.6000 ,-,고양시|
QUB,QUB,-,     -5.9300 ,   54.5800 ,-,Belfast|Northern Ireland / Tuaisceart Éireann
QUETZ,Quetzsat,-,    -99.1300 ,   19.4300 ,-,Ciudad de México|Ciudad de México
QUK,Queens,-,    -76.5000 ,   44.2200 ,-,Kingston|Ontario
QUSP,Quantum Space,-,    -77.1200 ,   39.0600 ,-,
R2SP,R2 Space,-,    -83.7400 ,   42.2800 ,-,Ann Arbor|Michigan
RAAF,RAAF,-,    149.1200 ,  -35.3100 ,-,Canberra|
RACE,RACE,-,      2.3000 ,   48.8600 ,-,Paris|Île-de-France
RADI,RADI,"Institute of Remote Sensing and Digital Earth, CAS",    116.3000 ,   39.9600 ,-,海淀区|北京市
RADS,Radiant Solutions,-,    -77.3900 ,   38.9700 ,MAXSI,Herndon|Virginia
RAE,RAE,-,     -0.7500 ,   51.2900 ,-,Rushmoor|England
RAERPD,RAE RPD,-,     -0.9600 ,   51.8500 ,RAE,Westcott|England
RAF,RAF,-,     -0.7500 ,   51.6300 ,-,
RAFSPO,RAF Space Ops,-,     -0.7500 ,   51.6300 ,-,High Wycombe|England
RAFL,Rafael,-,     34.9800 ,   32.8200 ,-,
RAKA,RAKA,Russian Aviation and Space Agency,     37.6200 ,   55.7500 ,-,Москва|Москва
RAL,RAL,-,     -1.2900 ,   51.5700 ,SERC,Vale of White Horse|England
RAPTEK,Rapidtek,-,    121.6400 ,   25.0600 ,-,新北市|
RAST,RAST,Radio Amateur Society of Thailand,    100.5200 ,   13.7500 ,-,กรุงเทพมหานคร|
RATEKS,Rateks,-,     37.6200 ,   55.7500 ,-,Москва|Москва
RAYBL,Blue Canyon,-,   -105.2700 ,   40.0100 ,RAYTH,Boulder|Colorado
RAYES,Raytheon IIS,-,    -96.6400 ,   32.9100 ,RAYTH,Garland|Texas
RAYM,Raymond EL,-,    -72.6500 ,   41.5600 ,-,Middletown|Connecticut
RAYHSV,Raytheon/HSV,-,    -86.5900 ,   34.7300 ,RAYTH,Huntsville|Alabama
RAYMS,Raytheon MS,-,   -110.9300 ,   32.2200 ,RAYTH,Tucson|Arizona
RAYTH,Raytheon,-,    -71.4200 ,   42.3800 ,-,Sudbury|Massachusetts
RBOW,Rainbow,-,    -73.5400 ,   40.7900 ,CABVS,Jericho|New York
RCA,RCA/East Windsor,-,    -74.5300 ,   40.2600 ,-,Hightstown|New Jersey
RCAF,RCAF,-,    -79.4500 ,   46.3000 ,-,North Bay|Ontario
RCAR,RCArtill,-,    -99.6300 ,   49.8000 ,-,
RCAV,RCA Victor,-,    -73.5900 ,   45.4800 ,-,Montréal|Québec
RDYNE,Rocketdyne,-,   -118.6000 ,   34.2000 ,NAA,
RDYNM,Rocketdyne Solid,-,    -97.4200 ,   31.4300 ,RDYNE,
RDYNN,Rocketdyne Neosho,-,    -94.3800 ,   36.8600 ,RDYNE,
REAKT,Reaktor Space,-,     24.9400 ,   60.1700 ,-,
REFLEX,Reflex,-,     13.5300 ,   52.4300 ,-,Berlin|
RELSP,Relativity Space,-,   -118.2000 ,   33.7700 ,-,
REP,Republic,-,    -73.4500 ,   40.7300 ,-,Village of Farmingdale|New York
REPF,Fair. Republic,-,    -73.4500 ,   40.7300 ,FAIR,Village of Farmingdale|New York
RESH,Resehetnev ISS,-,     93.5300 ,   56.2500 ,FKA,Железногорск|Красноярский край
REYE,RapidEye AG,-,     12.5300 ,   52.4200 ,-,Brandenburg an der Havel|Brandenburg
RGMS,Rosgidromet,-,     37.6200 ,   55.7500 ,-,Москва|Москва
RGRTU,RGRTU,Ryazan State Radiotechnical Univ.,     39.7000 ,   54.9000 ,-,|Рязанская область
RHEAUK,RHEA Group,-,     -1.3100 ,   51.5800 ,-,Vale of White Horse|England
RHI,RHI SpA,-,     12.4900 ,   41.8900 ,-,Roma|Lazio
RHODES,Rhodes College,-,    -89.9900 ,   35.1600 ,-,Memphis|Tennessee
RICE,Rice,-,    -95.4000 ,   29.7200 ,-,Houston|Texas
RIKEN,RIKEN,-,    139.6100 ,   35.7800 ,-,和光市|
RIKK,Rikkyo,-,    139.7200 ,   35.7300 ,-,豊島区|
RIMSAT,Rimsat,-,    -85.1400 ,   41.0800 ,-,
RIT,RIT,-,    -77.6800 ,   43.0800 ,-,City of Rochester|New York
RIU,RIU,-,    -71.5300 ,   41.4800 ,-,South Kingstown|Rhode Island
RKA,RKA,-,     37.6200 ,   55.7500 ,-,Москва|Москва
RKKE,RKKE,-,     37.8200 ,   55.9300 ,FKA,Королёв|Московская область
RKS,RKS,Russian Space Systems,     37.6200 ,   55.7500 ,-,Москва|Москва
RLABLB,Rocket Lab,-,   -118.1100 ,   33.7800 ,RLABU,Long Beach|California
RLABN,Rocket Lab,-,    174.7800 ,  -36.8700 ,RLABU,Waitematā|Auckland
RLABU,Rocket Lab,-,   -118.2500 ,   34.0500 ,-,Los Angeles|California
RMAF,RMAF,Royal Moroccan Armed Forces,     -6.8500 ,   34.0100 ,-,Rabat ⵔⴱⴰⵟ الرباط|
RMD,Thiokol-RMD,-,    -74.4900 ,   40.8900 ,-,Denville|New Jersey
RMI,RMI,-,    -74.4900 ,   40.8900 ,-,Denville|New Jersey
RMILD,RMI,-,    -74.5200 ,   40.9700 ,-,Rockaway Township|New Jersey
RMIPL,RMI,-,    -74.3100 ,   40.9600 ,-,Pequannock Township|New Jersey
RN,RN,-,     -4.8200 ,   56.0700 ,UKRN,Garelochhead|Alba / Scotland
RNAF,RNAF,"Royal Netherlands Air Force, Guided Missile Group",      5.9800 ,   51.5300 ,-,Venray|Limburg
RNII,RNII,-,     37.5000 ,   55.8700 ,-,Москва|Москва
ROAF,RoAF,Romanian Air Force,     26.1000 ,   44.4300 ,-,București|
ROB,ROB,-,      4.3300 ,   50.8000 ,-,Uccle - Ukkel|
ROBMS,Robertsville MS,-,    -84.2700 ,   36.0100 ,-,Oak Ridge|Tennessee
ROE,ROE,Jet Propulsion Science Research Institute,     -3.1900 ,   55.9200 ,-,City of Edinburgh|Alba / Scotland
ROHR,Rohr,-,   -117.0500 ,   32.6300 ,-,Chula Vista|California
ROKN,ROKN,"Submarine Command, Republic of Korea Navy",    128.6300 ,   35.1500 ,-,창원시|
ROKSN,ROKETSAN,-,     32.8500 ,   39.9300 ,-,Altındağ|Ankara
RORD,RO,-,     -0.9600 ,   51.8500 ,-,Westcott|England
ROSAP,Roma La Sapienza,-,     12.5200 ,   41.9000 ,-,Roma|Lazio
ROGAU,Roma GAUSS,-,     12.5200 ,   41.9000 ,ROSAP,Roma|Lazio
ROGUE,Rogue Space,-,    -71.4700 ,   43.5300 ,-,Laconia|New Hampshire
ROISS,ISS-Romania,Institute of Space Science (Romania),     26.0700 ,   44.3900 ,-,București|
ROMSP,RomSpace,-,     26.0700 ,   44.3900 ,-,București|
ROSK,Roskosmos,-,     37.6200 ,   55.7500 ,-,Москва|Москва
ROSTO,ROSTO,-,     37.6200 ,   55.7500 ,-,Москва|Москва
ROWAN,Rowan University,-,    -75.1200 ,   39.7100 ,-,Glassboro|New Jersey
ROYAL,Royal Group,-,    104.9200 ,   11.5500 ,-,ខណ្ឌបឹងកេងកង|រាជធានីភ្នំពេញ
RPEW,PERME,-,     -0.9600 ,   51.8500 ,MOD,Westcott|England
RPI,RPI,-,   -111.9400 ,   33.4100 ,-,Tempe|Arizona
RRC,RRC,-,   -122.1200 ,   47.6700 ,-,Redmond|Washington
RRF,RRF FC,-,    -93.8200 ,   58.7300 ,AOMC,|Manitoba
RRL,RRL,"Radio Research Laboratory, NTT",    140.6400 ,   35.9700 ,-,鹿嶋市|
RROY,Rolls-Royce,-,     -1.4700 ,   52.9200 ,-,Derby|England
RROYC,Rolls Royce (C),-,     -1.5100 ,   52.4100 ,-,Coventry|England
RROYL,Rolls-Royce Leav.,-,     -0.4000 ,   51.7000 ,RROY,Watford|England
RRS,RRS,-,     -0.5700 ,   51.4800 ,SERC,Datchet|England
RSAF,RSAF,Royal Saudi Air Force,     46.7200 ,   24.6300 ,-,الرياض|منطقة الرياض
RSC,RSC,-,    139.6800 ,   35.6800 ,-,渋谷区|
RSLP,SMC/RSLP,"USAF Space and Missile Center, Rocket Systems Launch Program",   -106.6100 ,   35.0400 ,AFSMC,Albuquerque|New Mexico
RSP,Ryman Sat,RymanSat Project,    139.6800 ,   35.6800 ,-,渋谷区|
RSQ,RASCOMStar,RASCOM Star QAF,     57.5000 ,  -20.1600 ,I-RASC,Port Louis|Port Louis
RSRS,RSRS,-,     -0.5700 ,   51.4800 ,SERC,Datchet|England
RTAF,RTAF,Royal Thai Air Force,    100.6100 ,   13.9100 ,-,กรุงเทพมหานคร|
RTG,RTG,Space Technical Group,     18.0000 ,   59.3500 ,-,|
RTX,RTX,-,    -71.4200 ,   42.3800 ,-,Sudbury|Massachusetts
RUAF,RuAF,-,     37.6200 ,   55.7500 ,-,Москва|Москва
RUAG,RUAG Sweden,-,     15.6300 ,   58.4200 ,-,Linköping|
RUAGZ,RUAG Zurich,-,      8.5500 ,   47.3700 ,RUAG,Zürich|Zürich
RUAGD,RUAG Decatur,-,    -86.9800 ,   34.6100 ,RUAG,Decatur|Alabama
RUL,Rutherford,-,     -1.2900 ,   51.5700 ,SERC,Vale of White Horse|England
RVA,Rak. Voisk,"Rocket Forces and Artillery, Russia",     37.6200 ,   55.7500 ,-,Москва|Москва
RVSN,RVSN,Strategic Rocket Forces,     37.6200 ,   55.7500 ,MO,Москва|Москва
RVSNR,RVSN RF,Russian Strategic Rocket Forces,     37.6200 ,   55.7500 ,MORF,Москва|Москва
RWI,RWI/Palmdale,-,   -118.1000 ,   34.5800 ,-,Palmdale|California
RWID,Rockwell/Downey,-,   -118.1300 ,   33.9400 ,-,Downey|California
RWISB,Rockwell/SB,-,   -118.0800 ,   33.7600 ,-,Seal Beach|California
RWMTI,Rwanda MTI,-,     30.0600 ,   -1.9400 ,-,Kigali|Umujyi wa Kigali
S2086,GBOU Shkola 2086,Moscow State Secondary General School 2086,     37.6200 ,   55.7500 ,-,Москва|Москва
S29POD,Shk. 29 Podol'sk,Podol'sk School No. 29,     37.5400 ,   55.4300 ,-,Подольск|Московская область
S7,S7 Space,-,     37.6200 ,   55.7500 ,-,Москва|Москва
S801,801st RI,801st Research Institute,    121.4700 ,   31.2300 ,-,上海市|上海市
S394I,SAC 394ITMS,-,   -120.6100 ,   34.7500 ,USAF,|California
S4300,SAC 4300SS,-,   -120.6100 ,   34.7500 ,USAF,|California
SAAB,SAAB,Swedish Aeroplane Co.,     15.6300 ,   58.4200 ,-,Linköping|
SAABE,Saab Space,-,     15.6300 ,   58.4200 ,-,Linköping|
SAABS,SAAB-SCANIA,-,     15.6300 ,   58.4200 ,-,Linköping|
SAABSA,Saab Ericsson,-,     15.6300 ,   58.4200 ,-,Linköping|
SAABSP,Saab Space,-,     15.6300 ,   58.4200 ,-,Linköping|
SAAF,SAAF,-,     28.1900 ,  -25.8600 ,-,Centurion|Gauteng
SABCZ,SAB Aerospace,-,     16.5800 ,   49.2300 ,-,Brno|Jihovýchod
SABCA,SABCA,-,      4.4200 ,   50.8900 ,-,Bruxelles - Brussel|
SAC,SAC,-,    -96.0000 ,   41.2500 ,USAF,Omaha|Nebraska
SAFRAN,SAFRAN,-,      2.4300 ,   48.6200 ,-,Évry|
SAFSC,SAFSCOM,-,    -86.6500 ,   34.6800 ,USA,|Alabama
SAFSP,SAFSP,-,   -118.4100 ,   33.9200 ,NRO,El Segundo|California
SAIC,SAIC,-,   -117.2800 ,   32.8500 ,-,San Diego|California
SAICV,SAIC,-,    -77.1800 ,   38.9300 ,-,McLean|Virginia
SAIUS,Space AI,-,   -122.4200 ,   37.7800 ,-,San Francisco|California
SAMSB,SAMSO (BSD),-,   -117.2400 ,   34.1000 ,USAF,San Bernardino|California
SAMSO,SAMSO,-,   -118.4100 ,   33.9200 ,USAF,El Segundo|California
SAMX,Satmex,-,    -99.2200 ,   19.4400 ,-,Ciudad de México|Ciudad de México
SAND,Sandia,-,   -106.6100 ,   35.1100 ,DOE,Albuquerque|New Mexico
SANDF,SANDF,-,     28.1900 ,  -25.7500 ,-,Pretoria|Gauteng
SANH,Sanders,-,    -71.4600 ,   42.7600 ,-,Nashua|New Hampshire
SANHL,Lockheed-Sanders,-,    -71.4600 ,   42.7600 ,-,Nashua|New Hampshire
SANJ,Sanjiang,-,    114.2700 ,   30.5800 ,-,硚口区|湖北省
SANJ9,Sanjiang,Sanjiang Space Group (CASIC 9th Acad),    114.2700 ,   30.5800 ,CASIC,硚口区|湖北省
SANL,Sandia Natl Labs,-,   -106.6100 ,   35.1100 ,DOE,Albuquerque|New Mexico
SANYZ,Sanya RI,"Sanya Research Institute, RADI",    109.5000 ,   18.2500 ,RADI,天涯区|海南省
SAO,SAO,-,    -71.1300 ,   42.3800 ,-,Cambridge|Massachusetts
SARPT,Saransk PT,-,     45.1800 ,   54.2000 ,-,Саранск|Мордовия
SASG,Sky Space Global,-,     -0.1100 ,   51.5100 ,SASGA,City of London|England
SASGA,Sky Space Global,-,    115.8600 ,  -31.9500 ,-,Perth|Western Australia
SASK,Sask,-,   -106.6300 ,   52.1300 ,-,Saskatoon|Saskatchewan
SASMAC,SASMAC,Satellite Surveying and Mapping Applications Center,    116.3000 ,   39.9600 ,GCDX,海淀区|北京市
SAST,SAST,Shanghai Academy of Space Technology (CASC 8th Acad),    121.3800 ,   31.1100 ,CASC,闵行区|
SATBYUL,Satbyul,Satbyul,    127.0200 ,   37.2700 ,-,수원시|
SATC,SATC,Shanghai Aerospace Technology Co. Ltd.,    121.3800 ,   31.1100 ,SAST,闵行区|
SATEL,Satellife,-,    -71.0600 ,   42.3600 ,-,Boston|Massachusetts
SATELOG,Satellogic SA,-,    -71.3000 ,  -41.1500 ,-,San Carlos de Bariloche|Río Negro
SATGE,SAT-GE,-,    103.8000 ,    1.3000 ,-,Singapore|
SATHYA,Sathyabama U,-,     80.2300 ,   12.9000 ,-,Chennai Corporation|Tamil Nadu
SATLAN,Satlantis,-,     -2.9847 ,   43.3289 ,-,Leioa|Euskadi
SATORO,Satoro,-,    121.6100 ,   25.0300 ,-,臺北市|
SATREC,SatRec Initiative,-,    127.3900 ,   36.3500 ,-,대전광역시|
SATRHW,SatRec Initiative,-,    127.3900 ,   36.3500 ,HANWHA,대전광역시|
SATRV,SatRevolution,-,     17.0300 ,   51.1000 ,-,Wrocław|województwo dolnośląskie
SATVU,Satellite Vu,-,     -0.1200 ,   51.5000 ,-,Greater London|England
SAUDSA,Saudi Space Ag.,Saudi Space Agency,     46.7200 ,   24.6300 ,-,الرياض|منطقة الرياض
SAUDSC,Saudi Space Com.,Saudi Space Commission,     46.7200 ,   24.6300 ,-,الرياض|منطقة الرياض
SAYARI,Sayari Labs,-,     36.8900 ,   -1.2900 ,-,Nairobi|Nairobi
SBA,SHBOA,Shanghai Bureau of Astronautics,    121.3800 ,   31.1100 ,-,闵行区|
SBA2,SHB2,"2nd Bureau, Shanghai Mech./Elec Industry",    121.3800 ,   31.1100 ,-,闵行区|
SBEL,Spacebel,-,      5.5700 ,   50.6300 ,-,Liège|Liège
SBKHZ,Solomon KHz,-,    159.9600 ,   -9.4300 ,-,Honiara|
SBRC,SBRC,-,   -119.8100 ,   34.4400 ,-,Goleta|California
SBRCH,SBRC,-,   -119.8100 ,   34.4400 ,-,Goleta|California
SBRCR,SBRC,-,   -119.8100 ,   34.4400 ,-,Goleta|California
SBS,SBS,-,    -77.1800 ,   38.9300 ,-,McLean|Virginia
SBSM,SBS (MCI),-,    -77.1800 ,   38.9300 ,MCI,McLean|Virginia
SBSZ,Saisi Besi,C-Space,    120.2300 ,   29.7100 ,-,诸暨市|浙江省
SCAL,Scaled,-,   -118.1700 ,   35.0500 ,-,Mojave|California
SCANW,Scanway,-,     17.0300 ,   51.1000 ,-,Wrocław|województwo dolnośląskie
SCC,SCC,-,    139.7300 ,   35.6800 ,-,港区|
SCCJ,Sky Perfect SCC,-,    139.7300 ,   35.6800 ,SKPJ,港区|
SCEL,SCEL,-,    -74.0500 ,   40.3100 ,USA,Eatontown|New Jersey
SCHJ,Schjeldahl,-,    -93.1600 ,   44.4600 ,-,Northfield|Minnesota
SCITOK,Tokyo Kagaku D.,Science Tokyo,    139.4800 ,   35.5100 ,-,横浜市|
SCO,DoD SCO,-,    -77.0600 ,   38.8700 ,DOD,Arlington|Virginia
SCSS,SCS-Space,-,     18.4200 ,  -33.9300 ,-,Cape Town|Western Cape
SCT,SCT,-,    -99.1300 ,   19.4300 ,-,Ciudad de México|Ciudad de México
SCU,SCU,-,   -121.9400 ,   37.3500 ,-,Santa Clara|California
SDA,SDA,-,    -77.0600 ,   38.8700 ,DOD,Arlington|Virginia
SDC,USA SDC,-,    -86.6500 ,   34.6800 ,USA,|Alabama
SDCO,SpaceDataCorp,-,   -111.8300 ,   33.3000 ,-,Chandler|Arizona
SDIIT,Shandong changye,Shandong Insitute of Industrial Technology,    117.0200 ,   36.6700 ,-,历下区|山东省
SDIO,SDIO,-,    -77.0600 ,   38.8700 ,DOD,Arlington|Virginia
SDK,Shikong Daoyu,Spacetime Daoyu Technology Ltd,    120.1700 ,   30.2500 ,GEELY,上城区|浙江省
SDKS,Shikong Shanghai,Spacetime Daoyu Shanghai Research Inst,    121.3800 ,   31.1100 ,GEELY,闵行区|
SDLP,SDL/Praha,Space Devices Ltd.,     14.4200 ,   50.0800 ,-,Hlavní město Praha|Praha
SDP,SdP,-,     -0.7200 ,   44.9000 ,-,Saint-Médard-en-Jalles|Nouvelle-Aquitaine
SDSC,ISRO-SDSC,-,     80.3000 ,   13.6200 ,ISRO,|
SDJU,SDJU,Shanghai Electric Power Inst.,    121.3900 ,   31.0000 ,-,闵行区|
SDTW,SDTW,-,   -106.6100 ,   35.0400 ,USAF,Albuquerque|New Mexico
SEAL,Sea Launch,-,      7.4500 ,   46.9500 ,RKKE,Bern|Bern/Berne
SEALC,SeaLaunch,-,    -81.3900 ,   19.3000 ,-,George Town|
SEALE,Sea Launch,-,     37.6200 ,   55.7500 ,SEAL,Москва|Москва
SEALN,Sea Launch,-,      6.2300 ,   46.3800 ,RKKE,Nyon|Vaud
SEALN7,Sea Launch,-,      6.2300 ,   46.3800 ,S7,Nyon|Vaud
SEALP,SeaLaunch,-,   -118.2000 ,   33.7700 ,-,Long Beach|California
SECM,SECM,"Shanghai Engineering Center for Microsatellites, SIMIT",    121.4700 ,   31.2300 ,SIMIT,上海市|上海市
SECT,SECT,-,      2.3000 ,   48.8600 ,-,Paris|Île-de-France
SEDENA,SEDENA,Mexico Secretariat of National Defense,    -99.1300 ,   19.4300 ,-,Ciudad de México|Ciudad de México
SEDSH,SEDS-HSV,-,    -86.5900 ,   34.7300 ,-,Huntsville|Alabama
SEJU,Sejong U.,Sejong University,    127.0700 ,   37.5500 ,-,서울특별시|
SEL,SEL,-,   -122.1400 ,   37.4300 ,-,Palo Alto|California
SELEN,Selenia Spazio,-,     12.4900 ,   41.8900 ,-,Roma|Lazio
SELGR,Seliger,-,      8.6900 ,   53.8600 ,-,Cuxhaven|Niedersachsen
SELM,SELM,Shaanxi Engineering Laboratory for Microsatellites,    108.9500 ,   34.2700 ,NWPU,新城区|陕西省
SEN,Sen,-,     -0.1000 ,   51.5200 ,-,City of London|England
SENER,SENER,-,     -2.9200 ,   43.2600 ,-,Bilbao|Euskadi
SENSAT,SENSAT,-,    -17.4200 ,   14.6700 ,-,Dakar|Région de Dakar
SENSC,SENSCOM,-,    -86.6500 ,   34.6800 ,USA,|Alabama
SEOPS,SEOPS,-,    -95.3800 ,   29.7600 ,-,Houston|Texas
SEP,SEP,-,      1.4900 ,   49.0900 ,-,Vernon|Normandie
SEPB,SEP,-,     -0.6800 ,   44.8700 ,-,Le Haillan|Nouvelle-Aquitaine
SEPBL,SEP Blanquefort,-,     -0.6300 ,   44.9100 ,-,Blanquefort|Nouvelle-Aquitaine
SEPR,SEPR,-,     -0.6800 ,   44.8700 ,-,Le Haillan|Nouvelle-Aquitaine
SEPRV,SEPR-Villejuif,-,      2.3600 ,   48.7900 ,-,Villejuif|Île-de-France
SEPVR,SEP-Villaroche,-,      2.6700 ,   48.6100 ,-,Montereau-sur-le-Jard|
SERC,SERC,-,     -1.7800 ,   51.5600 ,-,Swindon|England
SEREB,SEREB,-,      2.2500 ,   48.9000 ,-,Courbevoie|Île-de-France
SES,SES,-,      6.3500 ,   49.9600 ,-,Burg|Rheinland-Pfalz
SESA,SES Astra,-,      6.3500 ,   49.9600 ,SES,Burg|Rheinland-Pfalz
SESAGB,Astra (GB),-,     -0.1000 ,   51.5100 ,SES,City of London|England
SESBM,SES Bermuda,-,    -64.7800 ,   32.9300 ,SES,
SESBR,SES Brasil,-,    -46.7000 ,  -23.6100 ,SES,São Paulo|São Paulo
SESE,SES Engineering,-,      6.3500 ,   49.9600 ,SES,Burg|Rheinland-Pfalz
SESG,SES Gibraltar,-,     -5.3500 ,   36.1300 ,SES,Gibraltar|
SESGL,SES Global,-,      6.3500 ,   49.9600 ,-,Burg|Rheinland-Pfalz
SESINTL,Intelsat SA,-,      6.1300 ,   49.6100 ,SES,Luxembourg|
SESINTU,Intelsat SA (US),-,    -77.0200 ,   38.9000 ,SES,Washington|District of Columbia
SESP,USAF STP,-,   -118.4100 ,   33.9200 ,AFSC,El Segundo|California
SESS,SES Sirius,-,     18.0000 ,   59.3500 ,SES,Solna|
SESSA,SES,-,      6.3500 ,   49.9600 ,-,Burg|Rheinland-Pfalz
SESSAN,SES,-,      4.3200 ,   52.0800 ,SESSA,Den Haag|Zuid-Holland
SESSAP,SES,-,    -74.6600 ,   40.3500 ,SESSA,Princeton|New Jersey
SESSL,SES Sat. Leasing,-,      4.4800 ,   54.1500 ,SES,
SESNS,SES New Skies,-,      4.3200 ,   52.0800 ,SES,Den Haag|Zuid-Holland
SESW,Worldsat,-,    -74.6600 ,   40.3500 ,SES,Princeton|New Jersey
SESWS,SES World Skies,-,      4.3200 ,   52.0800 ,SES,Den Haag|Zuid-Holland
SESWSP,SES World Skies,-,    -74.6600 ,   40.3500 ,SES,Princeton|New Jersey
SFLIN,Spaceflight Ind,-,   -122.2600 ,   47.4700 ,-,Tukwila|Washington
SFLINC,Spaceflight Inc,-,   -122.2600 ,   47.4700 ,SFLIN,Tukwila|Washington
SFLINF,Spaceflight Inc,-,   -122.2600 ,   47.4700 ,FFLY,Tukwila|Washington
SFLINM,Spaceflight Inc,-,   -122.2600 ,   47.4700 ,MITSUI,Tukwila|Washington
SFKIT,Sfera-KIT,Sfera Space Information Technologies,     37.6200 ,   55.7500 ,-,Москва|Москва
SFP,Spaceflight Pt.,-,    -95.1200 ,   29.5600 ,JSC,Houston|Texas
SFSSC,USSF SSC,-,   -118.4100 ,   33.9200 ,USSF,El Segundo|California
SGAU,SGAU,Samara State Aerospace University,     50.1400 ,   53.2000 ,-,Самара|Самарская область
SGSP,SGSP-BAS,-,     23.3300 ,   42.7000 ,-,София|София-град
SHAB,Spacehab,-,    -77.2700 ,   38.9000 ,-,Vienna|Virginia
SHABH,Spacehab,-,    -95.1200 ,   29.5400 ,-,Webster|Texas
SHABT,Spacehab,-,    -97.7300 ,   30.2700 ,-,Austin|Texas
SHANDZ,Shandong,Shandong Province Government,    117.0200 ,   36.6700 ,-,历下区|山东省
SHANGT,Shangkeda,-,    121.4700 ,   31.2300 ,-,上海市|上海市
SHANT,CALT/Shantou,Shantou Institute of Electronics Technology,    116.6800 ,   23.3500 ,-,金平区|广东省
SHAOX,Shaonian Xing,China Junior Satellite Project,    116.3800 ,   39.9200 ,-,西城区|北京市
SHAR,ISRO-SHAR,-,     80.3000 ,   13.6200 ,ISRO,|
SHARJ,Sharjah SAAST,-,     55.3900 ,   25.3600 ,-,مدينة الشارقة|الشارقة
SHEF,Sheffield,-,     -1.4800 ,   53.3800 ,-,Sheffield|England
SHELD,Sheldahl,-,    -93.1600 ,   44.4600 ,-,Northfield|Minnesota
SHIN,Shinawatra,-,    100.5200 ,   13.8500 ,-,เทศบาลนครนนทบุรี|
SHINSHU,Shinshu U,Shinshu University,    138.1800 ,   36.6300 ,-,長野市|
SHINW,Shinawatra,-,    100.5200 ,   13.8500 ,-,เทศบาลนครนนทบุรี|
SHIZ,Shizuoka U,Shizuoka University,    138.4300 ,   34.9600 ,-,静岡市|
SIBGAU,SibGAU,Siberian State Aerospace University,     92.9700 ,   56.0100 ,-,Красноярск|Красноярский край
SIDUS,Sidus Space,-,    -80.6800 ,   28.3600 ,-,Merritt Island|Florida
SIDUSF,Sidus Space,-,    -80.6100 ,   28.4000 ,SIDUS,Cape Canaveral|Florida
SIENV,Sierra Nevada,-,   -119.7400 ,   39.5500 ,-,Sparks|Nevada
SIET,SIET,-,     76.9700 ,   11.0200 ,-,Coimbatore|Tamil Nadu
SII,SII,-,    -95.3800 ,   29.7600 ,-,Houston|Texas
SIIC,SII,-,    -95.3800 ,   29.7600 ,-,Houston|Texas
SIIS,SI Imaging Serv,-,    127.3900 ,   36.3500 ,SATREC,대전광역시|
SIL,SIL,-,     -1.3200 ,   51.4000 ,-,Newbury|England
SILK,Silkwave,-,    -81.3900 ,   19.3000 ,CMMB,George Town|
SILUTT,Silu Tiantu,Shaanxi Silk Road Tiantu Sat. Tech. Co. Ltd.,    108.9500 ,   34.2700 ,-,新城区|陕西省
SILVER,SilverSat,-,    -77.0300 ,   39.0000 ,-,Silver Spring|Maryland
SIMED,SIMED/Shanghai,Shanghai Inst of Machine and Electrical Design,    121.4700 ,   31.2300 ,-,上海市|上海市
SIMIT,SIMIT/Shanghai,Shanghai Inst of Microsystem and Information Technology,    121.4700 ,   31.2300 ,-,上海市|上海市
SIMG,SpaceIm,-,   -104.9500 ,   39.9000 ,-,Thornton|Colorado
SIMGEO,Space Im EOSAT,-,    -76.8600 ,   38.9700 ,SIMG,Lanham|Maryland
SINDO,Satelindo,-,    106.8200 ,   -6.2000 ,-,Jakarta Pusat|
SINO,Sinosat,Sino Satellite Communications Co. (Sinosat),    116.3000 ,   39.9600 ,-,海淀区|北京市
SIR,Sirius Radio,-,    -74.0100 ,   40.7100 ,-,City of New York|New York
SIRION,Sirion Global,Sirion Global Pty Ltd.,    153.4000 ,  -27.9600 ,HELW,Gold Coast City|Queensland
SIROTS,OTs Sirius,Sirius Educational Center,     39.7200 ,   43.5900 ,-,Сочи|Краснодарский край
SIRX,Sirius XM,-,    -74.0100 ,   40.7100 ,-,City of New York|New York
SIS,SIS,-,     37.6200 ,   55.7500 ,-,Москва|Москва
SISE,SISE,Shanghai Inst. of Satellite Engineering (509 Res.Inst.),    121.4700 ,   31.2300 ,SAST,上海市|上海市
SISP,SISP,Shanghai Int. of Space Propulsion,    121.4700 ,   31.2300 ,-,上海市|上海市
SITAEL,SITAEL SpA,-,     12.0500 ,   44.2300 ,-,Forlì|Emilia-Romagna
SITP,SITP,"Shanghai Inst. of Technical Physics, CAS",    121.4700 ,   31.2300 ,CAS,上海市|上海市
SITRO,Sitronics,-,     37.6200 ,   55.7500 ,-,Москва|Москва
SIWEI,Siwei,China 4D Mapping Tech Co. Ltd.,    116.3000 ,   39.9600 ,CASC,海淀区|北京市
SJSU,SJSU,-,   -121.8800 ,   37.3400 ,-,San Jose|California
SJTU,SJTU,Shanghai Jiao Tong University,    121.4300 ,   31.2000 ,-,徐汇区|上海市
SKB30,SKB-30,-,     37.5000 ,   55.8000 ,-,Москва|Москва
SKB385,SKB-385,-,     60.1000 ,   55.0000 ,-,Миасс|Челябинская область
SKB385Z,SKB-385,-,     59.6700 ,   55.1700 ,-,Златоуст|Челябинская область
SKC,Salish Kootenai,-,   -114.1100 ,   47.6000 ,-,Pablo|Montana
SKI,Space Kidz India,-,     80.2700 ,   13.0800 ,-,Chennai Corporation|Tamil Nadu
SKOLT,Skol. Inst.,Skolkovo Institute of Science and Technology,     37.3600 ,   55.7000 ,-,Москва|Москва
SKPJ,Sky Perfect JSAT,-,    139.7500 ,   35.6600 ,-,港区|
SKTEL,SK Tel,-,    126.9700 ,   37.5600 ,-,서울특별시|
SKTELI,SK Telink,-,    126.9700 ,   37.5700 ,SKTEL,서울특별시|
SKTSS,Shenkong Tance,Anhui Province,    117.2300 ,   31.8200 ,CN,蜀山区|安徽省
SKYBOX,Skybox,-,   -122.0800 ,   37.3900 ,-,Mountain View|California
SKYB,Sky Brasil,-,    -43.2000 ,  -22.9100 ,DTV,Rio de Janeiro|Rio de Janeiro
SKYCEL,Skyline Cel,-,   -122.4200 ,   37.7800 ,-,San Francisco|California
SKYFOX,SkyFox Labs,-,     14.5300 ,   50.1100 ,-,Hlavní město Praha|Praha
SKYKR,SkyKraft,-,    149.1200 ,   35.3100 ,-,
SKYM,Sky Mexico,-,    -99.1300 ,   19.4300 ,DTV,Ciudad de México|Ciudad de México
SKYNET,Skynet 4 Project,-,     -0.1300 ,   51.5100 ,MOD,City of Westminster|England
SKYR,Skyrora,-,     -3.1900 ,   55.9500 ,-,City of Edinburgh|Alba / Scotland
SKYRT,Skyroot,-,     78.4800 ,   17.3700 ,-,Hyderabad|Telangana
SKYTC,SkyTerra Comms,-,    -77.3500 ,   38.9500 ,-,Reston|Virginia
SKYTCA,SkyTerra Canada,-,    -75.6800 ,   45.4200 ,SKYTC,Ottawa|Ontario
SKYTE,SkyTerra,-,    -77.3500 ,   38.9500 ,SKYTC,Reston|Virginia
SLAF,Slovak AF,-,     19.1200 ,   48.5700 ,-,Zvolen|Banskobystrický kraj
SLAUNCH,Southern Launch,-,    138.6000 ,  -34.9200 ,-,Adelaide|South Australia
SLII,SW Louisiana II,-,    -92.0300 ,   30.2200 ,-,Lafayette|Louisiana
SLOBO,Sierra Lobo,-,    -83.1200 ,   41.3500 ,-,Fremont|Ohio
SLPS,Spacelab PS,-,    -95.1200 ,   29.5600 ,JSC,Houston|Texas
SLREC,CASC 6th Acad.,Academy of Aerospace Propulsion Technology (CASC 6th Acad),    108.9500 ,   34.2700 ,CASC,新城区|陕西省
SLU,St Louis U,-,    -90.2300 ,   38.6400 ,-,Saint Louis|Missouri
SMC,USSF SMC,-,   -118.4100 ,   33.9200 ,USSF,El Segundo|California
SMCAD,USAF SMC/AD,-,   -106.6100 ,   35.0400 ,USAF,Albuquerque|New Mexico
SSCAD,USSF SMC Kirtland,-,   -106.6100 ,   35.0400 ,USSF,Albuquerque|New Mexico
SMCD12,SMC Det 12,-,   -106.6100 ,   35.0400 ,USAF,Albuquerque|New Mexico
SMCSD,USAF SMC/SD,-,   -106.6100 ,   35.0400 ,USAF,Albuquerque|New Mexico
SMCRC,SmartSat CRC,-,    138.6000 ,  -34.9200 ,-,Adelaide|South Australia
SMCTV,USAF SMC/TEV,-,   -106.6100 ,   35.0400 ,SMCTE,Albuquerque|New Mexico
SMCTE,USAF SMC/TE,-,   -106.6100 ,   35.0400 ,USAF,Albuquerque|New Mexico
SMCXR,USAF SMC/XR,-,   -106.6100 ,   35.0400 ,USAF,Albuquerque|New Mexico
SMCXRA,USAF SMC/AD,-,   -106.6100 ,   35.0400 ,SMCAD,Albuquerque|New Mexico
SMDC,SMDC,-,    -86.6500 ,   34.6800 ,USA,|Alabama
SMSA,SMSA,-,   -106.3800 ,   32.4000 ,USA,|New Mexico
SNCASE,SNCASE,SN Southeast Aero Construction,      7.0100 ,   43.5500 ,-,Cannes|Provence-Alpes-Côte d'Azur
SNCASO,SNCASO,SN Southwest Aero Construction,      2.2500 ,   48.9000 ,-,Courbevoie|Île-de-France
SNECMA,SNECMA,SNECMA Motors,      2.4300 ,   48.6200 ,-,Évry|
SNECMS,SNECMA (SAFRAN),SNECMA Motors,      2.4300 ,   48.6200 ,SAFRAN,Évry|
SNECDE,SNECMA DEE,SNECMA,      2.4300 ,   48.6200 ,SNECMA,Évry|
SNECB,SNECMA SEP,SNECMA SEP Division,     -0.6800 ,   44.8700 ,-,Le Haillan|Nouvelle-Aquitaine
SNECBL,SNECMA DMS,SNECMA Space Motors,     -0.6300 ,   44.9100 ,-,Blanquefort|Nouvelle-Aquitaine
SNECPS,SNECMA PS,SNECMA Solid Propulsion,     -0.6800 ,   44.8700 ,-,Le Haillan|Nouvelle-Aquitaine
SNECV,SNECMA-Vernon,SNECMA Space Motors,      1.4900 ,   49.0900 ,-,Vernon|Normandie
SNECVR,SNECMA-Villaroche,SNECMA,      2.6700 ,   48.6100 ,-,Montereau-sur-le-Jard|
SNIU,SNIU,Samara National Research University,     50.1400 ,   53.2000 ,-,Самара|Самарская область
SNOW,Snowdon SCL,-,    174.7700 ,   36.8500 ,-,
SNPE,SNPE,-,     -0.7200 ,   44.9000 ,-,Saint-Médard-en-Jalles|Nouvelle-Aquitaine
SNSB,SNSB,Swedish National Space Board,     18.0000 ,   59.3500 ,-,Solna|
SNVP,SNC SpaceDev,-,   -117.0400 ,   32.9700 ,-,Poway|California
SNU,SNU,Seoul National University,    126.9500 ,   37.4600 ,-,서울특별시|
SNVL,SNC Louisville,-,   -105.1400 ,   39.9800 ,-,Louisville|Colorado
SOCOM,SOCOM,-,    -82.5200 ,   27.8500 ,DOD,Tampa|Florida
SOHLA,SOHLA,-,    135.6000 ,   34.6800 ,-,
SOKA,Soka U,-,    139.3200 ,   35.6700 ,-,八王子市|
SOLM,Solaris Mobile,-,     -6.2700 ,   53.3500 ,-,Dublin|
SONY,Sony CSL,-,    139.7300 ,   35.6800 ,-,港区|
SOR,USAF SOR,-,   -106.6100 ,   35.0400 ,USAF,Albuquerque|New Mexico
SORUN,Sorun,Sorun Corporation,    139.7500 ,   35.6600 ,-,港区|
SOSA,SOSA,Slovak Organization for Space Activities,     17.4100 ,   48.0400 ,-,Veľká Paka|Trnavský kraj
SOSU,Sonoma State,-,   -122.6700 ,   38.3400 ,-,Rohnert Park|California
SOTI,SOTI,-,     44.4300 ,   33.3300 ,-,بغداد|محافظة بغداد
SOTON,Soton,-,     -1.4000 ,   50.9300 ,-,Southampton|England
SOYUZ,NPO Soyuz,-,     37.9300 ,   55.6700 ,-,Люберцы|Московская область
SOVA,VS SSSR,Soviet Army,     37.6200 ,   55.7500 ,VS,Москва|Москва
SP42,Space42,-,     54.3700 ,   24.4700 ,-,أبو ظبي|أبو ظبي
SPA,Spectrum Astro,-,   -111.7900 ,   33.3500 ,-,Gilbert|Arizona
SPABD,SpaceBD,-,    139.7500 ,   35.6900 ,-,千代田区|
SPAC,SPAC,Satellite Positioning Research and Application Center,    139.7500 ,   35.6900 ,-,千代田区|
SPAD,Space Adventures,-,    -77.2700 ,   38.9000 ,-,Vienna|Virginia
SPAIL,SpaceIL,-,     34.8000 ,   32.1100 ,-,תל־אביב–יפו|מחוז תל אביב
SPAR,Spar Robotics,-,    -79.7700 ,   43.6800 ,-,Brampton|Ontario
SPARD,Spar,-,    -79.4900 ,   43.7300 ,-,Toronto|Ontario
SPARM,Spar Space,-,    -73.9500 ,   45.4000 ,-,L'Île-Perrot|Québec
SPARV,Spar Montreal,-,    -73.5900 ,   45.4800 ,-,Montréal|Québec
SPAWAR,SPAWAR,-,    -77.4000 ,   38.8800 ,USN,Greenbriar|Virginia
SPAWSD,SPAWAR Pacific,-,   -117.1600 ,   32.7200 ,SPAWAR,San Diego|California
SPBGUT,SPbGUT,Bonch-Bruevich Saint Petersburg State U. of Telecom.,     30.3700 ,   60.0100 ,-,Санкт-Петербург|Санкт-Петербург
SPBPU,Polytech,Peter the Great St Petersburg Polytechnic Univ.,     30.3700 ,   60.0100 ,-,Санкт-Петербург|Санкт-Петербург
SPCIN,SpaceIn,-,    100.4900 ,    5.1400 ,-,|Pulau Pinang
SPCOIN,SpaceCoin,-,    -75.5500 ,   39.7500 ,-,Wilmington|Delaware
SPCOK,SPACEOK,-,    121.2300 ,   31.3400 ,-,嘉定区|上海市
SPCOM,Spacecom,-,    -77.2300 ,   39.1300 ,CONTF,Gaithersburg|Maryland
SPCUB,SpaceCubics,-,    141.3500 ,   43.0700 ,-,札幌市|
SPDEV,SpaceDev,-,   -117.0400 ,   32.9700 ,-,Poway|California
SPEQ,SpeQtral,-,    103.8000 ,    1.3000 ,-,Singapore|
SPER,SUCO,-,   -111.8800 ,   40.7500 ,-,Salt Lake City|Utah
SPETZ,Spetztekhnika,-,     60.5800 ,   56.8300 ,-,Екатеринбург|Свердловская область
SPFL,SPFLA,-,    -80.6000 ,   28.3900 ,-,Cape Canaveral|Florida
SPFOR,SpaceForest,-,     18.5300 ,   54.5200 ,-,Gdynia|
SPFORG,Space Forge,-,     -3.1200 ,   51.5000 ,-,Cardiff|Cymru / Wales
SPG,Space General,-,   -118.0300 ,   34.0700 ,AJ,El Monte|California
SPHARM,Space Pharma,-,     34.8500 ,   32.1700 ,SPHARS,הרצליה|מחוז תל אביב
SPHARS,Space Pharma,-,      7.1300 ,   47.4000 ,-,Courtemautruy|Jura
SPIND,Space Prod.Inn.,-,      8.6500 ,   49.8700 ,SPINI,Darmstadt|Hessen
SPINI,Space Prod.Inn.,-,     12.6800 ,   41.8200 ,-,Frascati|Lazio
SPINL,Space Prod.Inn.,-,      5.9700 ,   49.5100 ,SPINI,Esch-sur-Alzette|
SPINV,Space Inventor,-,      9.9900 ,   57.0200 ,-,Aalborg|Region Nordjylland
SPIRE,Spire,-,   -122.4200 ,   37.7800 ,-,San Francisco|California
SPIREG,Spire/Glasgow,-,     -4.2500 ,   55.8600 ,-,Glasgow|Alba / Scotland
SPIREL,Spire/Lux,-,      6.3500 ,   49.9600 ,-,Burg|Rheinland-Pfalz
SPLINT,Space LinTech,Space Lintech,    127.3900 ,   36.3500 ,-,대전광역시|
SPLOG,Space Logistics,-,    -77.4300 ,   39.0100 ,NGISD,Sterling|Virginia
SPMACH,Space Machines,-,    151.2000 ,  -33.9500 ,-,Sydney|New South Wales
SPMIC,Space Micro,-,   -117.1600 ,   32.7200 ,-,San Diego|California
SPMIND,NPC SpaceMind,-,     11.7100 ,   44.3600 ,-,Imola|Emilia-Romagna
SPMNC,SpaceManic,-,     17.4100 ,   48.0400 ,-,Veľká Paka|Trnavský kraj
SPNOR,Space Norway,-,     10.7300 ,   59.9200 ,NFD,Oslo|
SPOG,SPOG,-,      8.6900 ,   53.8600 ,UKWO,Cuxhaven|Niedersachsen
SPONE,Space One,Space One Co. Ltd.,    139.7500 ,   35.6600 ,-,港区|
SPORT,Spaceport Co,-,    -89.5900 ,   30.2200 ,-,|Mississippi
SPOT,SPOT Image,SPOT Image,      1.4700 ,   43.5600 ,-,Toulouse|Occitanie
SPQ,SpaceQuest,-,    -77.3000 ,   38.8500 ,-,Fairfax|Virginia
SPQAA,AAC SpaceQuest,-,    -77.3000 ,   38.8500 ,AACM,Fairfax|Virginia
SPRCO,Space RCO,-,   -106.6100 ,   35.0400 ,USAF,Albuquerque|New Mexico
SPSI,Space-SI,Slovenian Centre of Excellence for Space Sci. and Techs.,     14.5000 ,   46.0500 ,-,Ljubljana|
SPUT,Sputniks,SPUTNIX Ltd,     37.4400 ,   55.6300 ,SITRO,район Коммунарка|Москва
SPVR,SpaceVR,-,   -122.4200 ,   37.7800 ,-,San Francisco|California
SPX,SpaceX,-,   -118.3500 ,   33.9200 ,-,Hawthorne|California
SPXES,SpaceX,-,   -118.4100 ,   33.9200 ,-,El Segundo|California
SPXS,SpaceX/Seattle,-,   -122.1200 ,   47.6700 ,-,Redmond|Washington
SPXT,SpaceX Tourists,-,   -118.3500 ,   33.9200 ,-,Hawthorne|California
SPXTX,SpaceX/McGregor,-,    -97.4200 ,   31.4300 ,-,McGregor|Texas
SQU,Sultan Qaboos U,Sultan Qaboos University,     58.1800 ,   23.6800 ,-,ولاية السيب|محافظة مسقط
SRC,SRC,-,     -1.7800 ,   51.5600 ,-,Swindon|England
SRCI,Bull SRC,-,    -72.4300 ,   45.0200 ,-,Potton|Québec
SRDL,SRDL,-,    -74.0500 ,   40.3100 ,USA,Eatontown|New Jersey
SRI,SRI,-,   -122.1800 ,   37.4500 ,-,Menlo Park|California
SRICK,Space Rickshaw,-,     80.2700 ,   13.0800 ,-,Chennai Corporation|Tamil Nadu
SRII,SRI,-,   -122.1800 ,   37.4500 ,-,Menlo Park|California
SRIS,SRI,-,   -122.1800 ,   37.4500 ,STAN,Menlo Park|California
SRIBAS,SRI-BAS,Space Research Inst.,     23.3300 ,   42.7000 ,-,София|София-град
SRMEC,SRM Uni.,-,     80.0400 ,   12.8200 ,ANNAU,Potheri|Tamil Nadu
SRMU,SRM Uni.,-,     80.0400 ,   12.8200 ,-,Potheri|Tamil Nadu
SROE,Saunders-Roe,-,     -1.3000 ,   50.7600 ,-,Cowes|England
SRON,SRON,Space Research Org of the Netherlands,      5.1700 ,   52.0900 ,-,Utrecht|Utrecht
SRSES,SRS/ES,-,   -118.4100 ,   33.9200 ,-,El Segundo|California
SS500,SS 500,SS Battery 500,      4.3200 ,   52.0800 ,-,Den Haag|Zuid-Holland
SSC,SSC,Swedish Space Corporation,     18.0000 ,   59.3500 ,-,Solna|
SSCO,Seattle Sci,-,   -122.3300 ,   47.6100 ,-,Seattle|Washington
SSCS,SSC SSG,Swedish Space Corporation,     18.0000 ,   59.3500 ,SSC,Solna|
SSDC,USA SSDC,-,    -86.6500 ,   34.6800 ,USA,|Alabama
SSI,SSI,-,    -95.3800 ,   29.7600 ,-,Houston|Texas
SSICE,SSI-Celestis,-,    -95.3800 ,   29.7600 ,SSI,Houston|Texas
SSIH,SSI,-,    -95.3800 ,   29.7600 ,-,Houston|Texas
SSIM,SSI Monaco,-,      7.4200 ,   43.7300 ,-,Monaco|
SSL,SS/Loral (MDA),-,   -122.1400 ,   37.4300 ,MDABC,Palo Alto|California
SSLMAX,Maxar SSL,-,   -122.1400 ,   37.4300 ,MAXAR,Palo Alto|California
SSPO,USN SSPO,-,   -122.0400 ,   37.3700 ,USN,Sunnyvale|California
SSTARS,Southern Stars,-,   -122.4200 ,   37.7800 ,-,San Francisco|California
SSTL,SSTL,-,     -0.5900 ,   51.2400 ,SURREY,Guildford|England
SSTLA,SSTL (Astrium),-,     -0.5900 ,   51.2400 ,ASTUK,Guildford|England
SSTUS,SST-US,-,   -104.9900 ,   39.6500 ,SSTL,Englewood|Colorado
SSW,Shanghai SW,Shanghai Commercial Satellite,    121.3800 ,   31.1100 ,ZHSW,闵行区|
ST2V,ST-2 Sat Ven.,ST-2 Satellite Ventures,    103.8000 ,    1.3000 ,STEL,Singapore|
STA,STA,Science and Technology Agency,    139.6800 ,   35.6800 ,-,渋谷区|
STADK,STADOKO UG,-,      6.0800 ,   50.7800 ,-,Aachen|Nordrhein-Westfalen
STAN,Stanford,-,   -122.1700 ,   37.4200 ,-,|California
STANSI,Stanford SSI,-,   -122.1700 ,   37.4200 ,STAN,|California
STARA,Stara Space,-,   -118.4100 ,   33.8900 ,-,Manhattan Beach|California
STARCL,Starcloud,-,   -122.1200 ,   47.6700 ,-,Redmond|Washington
STARV,Deweier Kongjian,Star Vision,    120.1000 ,   30.3000 ,-,拱墅区|浙江省
STATS,Statsat,-,     10.7300 ,   59.9200 ,SPNOR,Oslo|
STBO,Stellenbosch,-,     18.8600 ,  -33.9300 ,-,Stellenbosch Local Municipality|Western Cape
STCAL,Startical,-,     -3.5800 ,   40.4500 ,-,Madrid|Comunidad de Madrid
STEAM,SteamJet Space,-,      1.8700 ,   51.1500 ,-,|
STEL,SingTel,Singapore Telecom,    103.8000 ,    1.3000 ,-,Singapore|
STELEC,ST Electronics,-,    103.8000 ,    1.3000 ,-,Singapore|
STELEX,Stellar Exp.,-,   -120.6400 ,   35.2400 ,-,|California
STELLT,Stellat,Stellat,      2.3000 ,   48.8600 ,-,Paris|Île-de-France
STEN,STENSAT,-,    -77.0200 ,   38.9000 ,-,Washington|District of Columbia
STENN,NASA Stennis,-,    -89.6000 ,   30.6200 ,NASA,|Mississippi
STERN,Sternula,-,      9.9200 ,   57.0500 ,-,Aalborg|Region Nordjylland
STESS,STE Sat Sys,-,    103.8000 ,    1.3000 ,STELEC,Singapore|
STFC,STFC,-,     -1.7800 ,   51.5600 ,-,Swindon|England
STFISH,Starfish Space,-,   -122.2600 ,   47.4700 ,-,Tukwila|Washington
STG,NASA STG,-,    -76.3800 ,   37.0900 ,NASA,Hampton|Virginia
STGL,NASA LaRC/STG,-,    -76.3800 ,   37.0900 ,NASA,Hampton|Virginia
STIL,Stilsoft,Stilsoft,     41.9800 ,   45.0500 ,-,Ставрополь|Ставропольский край
STIOT,Sateliot,-,      2.1800 ,   41.3800 ,-,Barcelona|Catalunya
STL,STL,-,   -118.3800 ,   33.8600 ,-,Redondo Beach|California
STLC,IBM STLC,-,    -77.1800 ,   38.9300 ,-,McLean|Virginia
STLCH,STLC,-,    -77.1800 ,   38.9300 ,HCI,McLean|Virginia
STMS,STM School,-,    -77.0800 ,   38.8800 ,-,Arlington|Virginia
STO,Stockholm,Stockholm University,     18.0600 ,   59.3700 ,-,Stockholm|
STONE,Star One,Star One,    -43.2000 ,  -22.9100 ,EMBR,Rio de Janeiro|Rio de Janeiro
STP,USAF STP,-,   -106.6100 ,   35.0400 ,USAF,Albuquerque|New Mexico
STRAT,Stratonavtika,-,     37.5300 ,   55.7600 ,-,Москва|Москва
STRATO,Stratolaunch,-,   -118.1200 ,   35.0300 ,-,Mojave|California
STRELA,PO Strela,-,     55.1000 ,   51.7800 ,-,Оренбург|Оренбургская область
STSM,Starsem,-,      2.4300 ,   48.6200 ,-,Évry|
STST,Starstruck,-,   -122.2400 ,   37.4800 ,-,Redwood City|California
STTS,STTs,Special Technology Center,     30.3700 ,   60.0100 ,-,Санкт-Петербург|Санкт-Петербург
SU190,Unknown (USSR),-,     37.6200 ,   55.7500 ,-,
SU523,Unknown (USSR),-,     37.6200 ,   55.7500 ,-,Москва|Москва
SU782,Unknown (USSR),-,     37.6200 ,   55.7500 ,-,Москва|Москва
SUD,Sud,Sud Aviation (South Aviation),      7.0100 ,   43.5500 ,-,
SUDC,Sud,-,      2.2500 ,   48.9000 ,-,
SUEL,SUEL,-,   -111.8800 ,   40.7500 ,-,
SUI,SUI,-,    -91.5400 ,   41.6600 ,-,Iowa City|Iowa
SUPA,SUPARCO,-,     73.0700 ,   33.7200 ,-,بلیو ایریا|وفاقی دارالحکومت اسلام آباد
SUPAER,SUPAERO,National Higher School of Aeronautics and Space,      1.4400 ,   43.6000 ,-,Toulouse|Occitanie
SUPSAT,SupremeSat,-,    -79.8400 ,    6.9300 ,-,
SUPSI,SUPSI DTI,-,      8.8200 ,   46.3200 ,-,Verzasca|Ticino
SURREY,Surrey Space Ctr,-,     -0.5900 ,   51.2400 ,-,Guildford|England
SURYA,Surya U.,-,    106.6200 ,   -6.2600 ,-,Curug Sangereng|Banten
SUST,SUSTech,Southern U. of Science and Technology,    113.9900 ,   22.6000 ,-,南山区|广东省
SUT,Sharif UT,Sharif University of Technology,     51.3900 ,   35.6900 ,-,شهر تهران|استان تهران
SVC,SVC,-,   -118.6000 ,   34.2600 ,-,Los Angeles|California
SVEC,SVEC,-,    -95.3800 ,   29.7600 ,HOUS,
SWALES,Swales,-,    -76.9200 ,   39.0400 ,-,Beltsville|Maryland
SWARM,Swarm Tech,-,   -118.1300 ,   34.1600 ,-,Pasadena|California
SWARMX,Swarm Tech,-,   -118.1300 ,   34.1600 ,SPX,Pasadena|California
SWARNZ,Swarm NZ,-,    174.7700 ,  -41.2900 ,SWARM,|Wellington
SWCAS,SWCAS,-,    -96.8000 ,   32.7800 ,-,Dallas|Texas
SWK,Weixing Keji,Shanghai Satellite Technology,    121.4700 ,   31.2300 ,-,上海市|上海市
SWRI,SWRI,-,    -98.5000 ,   29.4200 ,-,San Antonio|Texas
SWRIB,SWRI-Boulder,-,   -105.2700 ,   40.0100 ,SWRI,Boulder|Colorado
SUSX,Sussex,-,     -0.0900 ,   50.8700 ,-,Stanmer|England
SXAK,Sixiang Aishu,-,    116.3000 ,   39.9600 ,-,海淀区|北京市
SYAAF,SyAAF,Syrian Arab Air Force,     37.1700 ,   36.2200 ,-,حلب|محافظة حلب
SYMC,SyrMCMD,Syrian Missile Command,     37.1700 ,   36.2200 ,-,حلب|محافظة حلب
SYNSP,Synspective,-,    139.8200 ,   35.6700 ,-,江東区|
SYRU,Syracuse U.,-,    -76.1400 ,   43.0500 ,-,City of Syracuse|New York
SZI,Space Zone India,-,     80.2700 ,   13.0800 ,-,Chennai Corporation|Tamil Nadu
SZRTC,ZTHJ,Shaanxi Zhongtian Rocket Technology Ltd,    108.9500 ,   34.2700 ,ARMT,新城区|陕西省
TAC,TAC,-,    -76.3600 ,   37.0800 ,USAF,Hampton|Virginia
TADA,Talimu Daxue,Tarim University,     81.2900 ,   40.5400 ,-,阿拉尔市|新疆维吾尔自治区 شىنجاڭ ئۇيغۇر ئاپتونوم رايونی
TAIFUN,NPO Taifun,NPO Typhoon,     36.6200 ,   55.0900 ,-,Обнинск|Калужская область
TAMA,Tama,"Tama Art University, Hachioji campus",    139.3200 ,   35.6700 ,-,八王子市|
TAMU,Texas A&M,-,    -96.3100 ,   30.6000 ,-,College Station|Texas
TANOM,True Anomaly,-,   -104.8800 ,   39.5800 ,-,Centennial|Colorado
TAO,TAO,Tokyo Astronomical Observatory,    139.5600 ,   35.6800 ,-,調布市|
TAOJ,Telecom Adv Org,Telecommunications Advancement Organization of Japan,    139.7500 ,   35.6600 ,-,港区|
TARTU,Tartu U.,University of Tartu,     26.7200 ,   58.3800 ,-,Tartu linn|
TASA,TASA,Taiwan Space Agency,    120.9800 ,   24.8200 ,-,新竹市|
TASL,TASL,-,     78.4700 ,   17.3600 ,-,Hyderabad|Telangana
TAU,Tel Aviv U.,Tel Aviv University,     34.8000 ,   32.1100 ,-,תל־אביב–יפו|מחוז תל אביב
TAYLU,Taylor U.,-,    -85.5000 ,   40.4600 ,-,Upland|Indiana
TBELLA,Terra Bella,-,   -122.0800 ,   37.3900 ,-,Mountain View|California
TBS,TBS,"Tokyo Broadcasting System, Inc.",    139.7500 ,   35.6600 ,-,港区|
TCAN,Telesat,-,    -75.6800 ,   45.4200 ,-,Ottawa|Ontario
TCANL,Telesat (Loral),-,    -75.6800 ,   45.4200 ,LORC,Ottawa|Ontario
TCI,TCI,-,   -105.0100 ,   39.6000 ,-,Littleton|Colorado
TCSF,Thomson CSF,Thomson-CSF,      2.3000 ,   48.8600 ,-,Paris|Île-de-France
TECN,Technion,Technion,     34.9800 ,   32.8200 ,-,חיפה|מחוז חיפה
TEIK,Teikyo,Teikyo Scientific University,    139.7200 ,   35.7600 ,-,北区|
TEHRP,Tehran Poly,Tehran Polytechnic,     51.4100 ,   35.7000 ,-,شهر تهران|استان تهران
TEKEV,TEKEVER,-,     -9.1400 ,   38.7100 ,-,
TELB,Telebras,Brazilian Telecoms SA,    -47.8800 ,  -15.7900 ,-,Brasília|Distrito Federal
TELB2,Telebras,Brazilian Telecoms SA,    -47.8800 ,  -15.7900 ,-,Brasília|Distrito Federal
TELBR,Teledyne/HSV,-,    -86.5900 ,   34.7300 ,-,Huntsville|Alabama
TELD,Teledesic,-,   -122.1700 ,   47.6000 ,-,Bellevue|Washington
TELED,TELEDIFE,"Directorate of Telecoms, Informatics and Adv. Tech.",     12.4900 ,   41.8900 ,MDDI,Roma|Lazio
TELK,Telkom,PT Telecommunications of Indonesia,    106.8200 ,   -6.2000 ,-,Jakarta Pusat|
TELMX,Telmex,Tele Mexico,    -99.1300 ,   19.4300 ,-,
TELTN,Telnet Holding,-,     10.1800 ,   36.8100 ,-,تونس|ولاية تونس
TELTRU,Telnet Holding RU,-,     37.6200 ,   55.7500 ,TELTN,Москва|Москва
TEMIS,TEMIS,-,      8.9200 ,   45.4700 ,-,Corbetta|Lombardia
TEMPO,Tempo Satellite,-,   -105.0100 ,   39.6000 ,TCI,Littleton|Colorado
TERMAB,Terma/Birkerod,Terma,     12.4900 ,   55.8300 ,-,Gammel Holte|Region Hovedstaden
TERRAN,Terran Orbital,-,   -120.6600 ,   35.2700 ,-,San Luis Obispo|California
TERRD,Terrestar Network,-,    -77.3500 ,   38.9500 ,DISH,
TERRE,Terrestar,-,    -77.3500 ,   38.9500 ,-,
TERRN,Terrestar Network,-,    -77.3500 ,   38.9500 ,TERRE,
TERSP,TerraSpace,TerraSpace Co. Ltd.,    135.7700 ,   34.8100 ,-,
TERXP,TerraXpace,-,    101.6800 ,    3.1300 ,-,
TESLA,Tesla Inc.,-,   -121.9900 ,   37.5500 ,-,
TETHA,Tether Apps.,-,   -117.0500 ,   32.6300 ,-,
TF88,USN TF88,-,    -76.3000 ,   36.8200 ,USN,
THAIC,Thaicom,-,    100.5200 ,   13.8500 ,-,เทศบาลนครนนทบุรี|
THALA,Thales Alenia,Thales Alenia Space,      7.6800 ,   45.0800 ,THALP,Torino|Piemonte
THALP,Thales Paris,Thales Group,      2.2700 ,   48.8900 ,-,
THALR,Thales Alenia,Thales Alenia Space,     12.4900 ,   41.8900 ,THALP,Roma|Lazio
THALES,Thales Alenia,Thales Alenia Space,      7.0100 ,   43.5500 ,THALP,
THALUK,Thales UK,-,     -1.3100 ,   51.5800 ,THALP,Vale of White Horse|England
THINK,Think Orbital,-,   -105.2700 ,   40.0100 ,-,Boulder|Colorado
THK,Thiokol,-,    -75.8300 ,   39.6100 ,-,Elkton|Maryland
THKAIC,AIC Group,-,   -111.8800 ,   40.7500 ,-,
THKC,Thiokol Corp.,-,   -111.9400 ,   41.1900 ,-,Ogden|Utah
THKCOR,Cordant Tech,-,   -111.8800 ,   40.7500 ,-,Salt Lake City|Utah
THKE,Thiokol/TE,-,    -75.8300 ,   39.6100 ,THK,
THKU,Thiokol/UT,-,   -112.5500 ,   41.6200 ,THK,|Utah
THKX,TX,-,    -86.6500 ,   34.6800 ,THK,|Alabama
THKXM,Thiokol/TX,-,    -94.3700 ,   32.5500 ,THK,Marshall|Texas
THUMB,Thumbsat,-,   -117.0300 ,   32.5200 ,-,Tijuana|Baja California
THUR,Thuraya,Thuraya Satellite,     54.3700 ,   24.4700 ,-,أبو ظبي|أبو ظبي
THURY,Yahsat Thuraya,Thuraya Satellite,     54.3700 ,   24.4700 ,ALYAH,أبو ظبي|أبو ظبي
TIANB,Tianbing Keji,Beijing Tianbing Tech. Co. Ltd (Space Pioneer),    116.4100 ,   39.8600 ,-,丰台区|北京市
TIANDI,Tiandi Network,Tiandi Information Network Research Inst. (Anhui) Co.,   -117.2800 ,   31.8700 ,CAS,
TIANJ,Tianjin,Tianjin Aerospace Long March Rocket Manufacturing Co.Ltd.,    117.1800 ,   39.1300 ,-,和平区|天津市
TIANJC,CAST Tianjin,-,    117.1800 ,   39.1300 ,-,和平区|天津市
TIANJU,Tianjin U.,Tianjin University,    117.1800 ,   39.1100 ,-,和平区|天津市
TIANMU,Hangtian Tianmu,Aerospace Tianmu Satellite Tech. Co. Ltd.,    106.5500 ,   29.5600 ,CASIC,|重庆市
TIFR,TIFR,Tata Inst.,     72.0800 ,   18.9100 ,-,
TIGER,Tiger Innov.,-,    -77.3900 ,   38.9700 ,-,Herndon|Virginia
TIS,Teachers in Space,-,    -74.0100 ,   40.7100 ,-,City of New York|New York
TISPACE,ti Space,Taiwan Innovative Space Inc.,    120.9100 ,   24.7200 ,-,竹南鎮|
TIT,TITech,Tokyo Inst of Technology,    139.4800 ,   35.5100 ,-,横浜市|
TJHS,TJHS,-,    -77.0500 ,   38.8000 ,-,Alexandria|Virginia
TLCJ,Tianlian Cekong,Tianlian Measurement and Control Technology Co. Ltd.,    116.4000 ,   40.0000 ,-,朝阳区|北京市
TLS,Toul.,"Paul Sabatier University, Toulouse",      1.4700 ,   43.5600 ,-,Ramonville-Saint-Agne|Occitanie
TMI,TMI,-,    -75.6100 ,   45.4400 ,-,Ottawa|Ontario
TMILES,Team Miles,-,    -82.4800 ,   27.9700 ,-,Tampa|Florida
TMINUS,T-Minus Eng,-,      4.3600 ,   52.0100 ,-,Delft|Zuid-Holland
TMSAT,TMSAT,Thai Microsatellite,    100.4900 ,   13.7500 ,-,กรุงเทพมหานคร|
TMTEL,TurkmenTel,-,     58.3700 ,   37.9300 ,-,Aşgabat|
TMU,TMU,Tokyo Metropolitan University,    139.3200 ,   35.6700 ,-,八王子市|
TMUT,TMU,Tokyo Metropolitan University,    139.3200 ,   35.6700 ,-,八王子市|
TNO,TNO,Netherlands Organisation for Applied Scientific Research,      4.3200 ,   52.0800 ,-,Den Haag|Zuid-Holland
TNOR,Telenor,Telenor,     10.6200 ,   59.8800 ,-,|
TNORS,Telenor/SpN,Telenor,     10.6200 ,   59.8800 ,SPNOR,
TNSA,Turkmen Space,Turkmenistan National Space Agency,     58.3700 ,   37.9300 ,-,
TOHO,Tohoku,Tohoku University,    140.8700 ,   38.2500 ,-,仙台市|
TOK,Tokyo,Tokyo University,    139.6800 ,   35.6600 ,-,目黒区|
TOKAI,Tokai,Tokai Unviersity,    139.7000 ,   35.6600 ,-,渋谷区|
TOMIO,Tomorrow.io,-,    -71.0500 ,   42.3500 ,-,Boston|Massachusetts
TOMY,Tomy,Tomy Company Ltd.,    139.7000 ,   35.6600 ,-,渋谷区|
TONG,Tongasat,-,   -175.2000 ,  -21.1300 ,-,Hōfoa|Tongatapu
TORP,PolyTorino,Polytechnic University of Turin,      7.6600 ,   45.0600 ,-,Torino|Piemonte
TOSH,Toshiba,Toshiba Komukai Works,    139.7000 ,   35.5200 ,-,
TOSHKE,Toshiba,Toshiba Keihin Works,    139.7000 ,   35.5200 ,-,川崎市|
TOYA,Toyama,Toyama Prefectural University,    137.1000 ,   36.7100 ,-,射水市|
TOYON,Toyon Res.Corp.,-,   -119.8400 ,   34.4300 ,-,
TPA,TPA Auckland,-,    174.7700 ,   36.8500 ,-,
TPIX,TelePIX,-,    126.9700 ,   37.5700 ,-,서울특별시|
TPS,PlanSoc,-,   -118.1300 ,   34.1600 ,-,
TPU,Tomsk Polytech.,Tomsk Polytechnic Unviersity,     84.9700 ,   56.5000 ,-,Томск|Томская область
TRACR,Tracor,-,    -97.7300 ,   30.2700 ,-,Austin|Texas
TRLS,TRL Space,-,     16.6100 ,   49.1900 ,-,Brno|
TRORB,TransOrbital,-,   -117.2800 ,   32.8500 ,-,San Diego|California
TROM,Tromso,University of Tromso,     18.9700 ,   69.6800 ,-,Tromsø|
TRON,Tron Future Tech,-,    120.9700 ,   24.8100 ,-,新竹市|
TRSI,TRSI Club,-,      6.0800 ,   50.7800 ,-,Aachen|Nordrhein-Westfalen
TRPT,TrustPoint,-,    -77.5500 ,   39.1200 ,-,Leesburg|Virginia
TRPTC,TrustPoint,-,   -122.0800 ,   37.3900 ,TRPT,Mountain View|California
TRW,TRW,-,   -118.3800 ,   33.8600 ,-,Redondo Beach|California
TRWAA,TRW AstroA,-,   -119.5200 ,   34.4000 ,TRW,Carpinteria|California
TRWC,TRW(C),-,    -77.4000 ,   38.8800 ,-,Greenbriar|Virginia
TRWESL,TRW ESL,-,   -122.0400 ,   37.3700 ,TRW,
TRWRC,OSCAR-TRW,-,   -118.3800 ,   33.8600 ,-,Redondo Beach|California
TSAO,TsAO,Central Aerological Observatory,     37.5000 ,   55.9300 ,GMS,Долгопрудный|Московская область
TSBM,TsBank,"Central Bank, Russian Federation",     37.6200 ,   55.7500 ,-,Москва|Москва
TSCJ,TSCJ,Telecommunications Satellite Corp of Japan,    139.9000 ,   35.3300 ,-,
TSCO,TSC,-,   -118.1700 ,   35.0500 ,-,Mojave|California
TSEPT,TriSept,-,    -77.4000 ,   38.8800 ,-,Greenbriar|Virginia
TSHUA,Tsinghua,Tsinghua University,    116.3000 ,   39.9600 ,-,海淀区|北京市
TSKB7,Arsenal,Arsenal Design Bureau,     30.3100 ,   59.9400 ,-,Санкт-Петербург|Санкт-Петербург
TSKBE3,TsKBEM Fil. 3,-,     50.1400 ,   53.2000 ,TSKBEM,Самара|Самарская область
TSKBEM,TsKBEM,Central KB for Experimental Machine Building,     37.8200 ,   55.9300 ,-,Королёв|Московская область
TSKBM,TSKBM,Machine Building Special Design Bureau,     37.8700 ,   55.7500 ,-,Реутов|Московская область
TSKHM,TsNIIKhM,Central Sci. Res. Inst. for Chemistry and Mechanics,     37.6200 ,   55.6800 ,-,Москва|Москва
TSKY,Telesat/Skynet,Telesat,    -75.6800 ,   45.4200 ,TCAN,Ottawa|Ontario
TSKYB,Telesat/Skynet,Telesat,    -74.6900 ,   40.6700 ,TCAN,Bedminster Township|New Jersey
TSKYBR,Telesat Brasil,-,    -43.2000 ,  -22.9100 ,TCAN,Rio de Janeiro|Rio de Janeiro
TSLKY,Twiggs Space Lab,-,    -83.4300 ,   38.1900 ,-,Morehead|Kentucky
TSMASH,TsNIIMash,-,     37.8200 ,   55.9300 ,-,Королёв|Московская область
TSMASHF,TsNIIMash,-,     37.8200 ,   55.9300 ,FKA,
TSN108,TsNII-108,-,     37.6200 ,   55.7500 ,-,Москва|Москва
TSNIRTI,TsNIIRTI,-,     37.6200 ,   55.7500 ,-,Москва|Москва
TSPK,TsPK,Yu. A. Gagarin Cosmonaut Training Center,     38.1200 ,   55.8700 ,VVS,Щёлково|Московская область
TSPKR,TsPK,Yu. A. Gagarin Cosmonaut Training Center,     38.1200 ,   55.8700 ,FKA,Щёлково|Московская область
TSPZ,Telespazio,Telespazio,     12.4900 ,   41.8900 ,-,Roma|Lazio
TSSKB,TsSKB,Central Specialized Design Bureau,     50.1400 ,   53.2000 ,-,Самара|Самарская область
TSSKBP,TsSKB-Progress,Central Specialized Design Bureau - Progress,     50.1400 ,   53.2000 ,FKA,Самара|Самарская область
TSUK,JAXA-TKSC,Tsukuba Space Center,    140.0800 ,   36.0800 ,-,つくば市|
TSUKOS,TsUKOS,Central Space Forces Directorate,     37.6200 ,   55.7500 ,MO,Москва|Москва
TSUKU,Tsukuba U,Tsukuba University,    140.0800 ,   36.0800 ,-,つくば市|
TSVS,TS VS RF,Topographics Service of the Russian Armed Froces,     37.6200 ,   55.7500 ,-,Москва|Москва
TTU,Tallinn Tech,Tallinn University of Technology,     24.6700 ,   59.4000 ,-,Tallinn|
TTY,Tampere,Tampere University of Technology,     23.8600 ,   61.4500 ,-,Tampere|Pirkanmaa
TUA,TUA,Turkish Space Agency,     32.8700 ,   39.9300 ,-,Ankara|Ankara
TUAF,Turk AF,Turkish Air Force,     27.0100 ,   38.5100 ,-,Çiğli|
TUAFA,TuAFA,Turkish Air Force Academy,     28.8500 ,   40.9800 ,TUAF,Bakırköy|
TUB,TUB,Technical University of Berlin,     13.3300 ,   52.5100 ,-,Berlin|
TUBI,Tubingen,University of Tubingen,      9.0600 ,   48.5300 ,-,Tübingen|Baden-Württemberg
TUBT,TUBITAK,Scientific and Technological Research Council (Turkey),     32.8700 ,   39.9300 ,-,Ankara|Ankara
TUBTK,TUBITAK-BILTEN,STRC Information Technologies and Electronics Institute,     32.8700 ,   39.9300 ,TUBT,Ankara|Ankara
TUBTU,TUBITAK-UZAY,STRC Space Technologies Research Institute,     32.8700 ,   39.9300 ,TUBT,Ankara|Ankara
TUC,Tucuman,National Tucuman University,    -65.2300 ,  -26.8400 ,-,San Miguel de Tucumán|Tucumán
TUD,TU Dresden,Dresden University of Technology,     13.7300 ,   51.0300 ,-,Dresden|Sachsen
TUG,TU Graz,Graz University of Technology,     15.4500 ,   47.0700 ,-,Graz|Steiermark
TUI,TUI,-,   -122.2000 ,   47.7700 ,-,Bothell|Washington
TUKE,TUKE,Technical University of Kosice,     21.2400 ,   48.7300 ,-,Košice|Košický kraj
TULF,Turkish Army,Turkish Land Forces,     32.8700 ,   39.9300 ,-,Ankara|Ankara
TUM,TU Munchen,Technical University of Munich,     11.5700 ,   48.1500 ,-,München|Bayern
TUMD,TU Moldova,Technical University of Moldova,     28.8200 ,   47.0300 ,-,Chișinău|
TUMED,TU Media,-,    126.9700 ,   37.5700 ,SKTEL,서울특별시|
TURAB,U. Turabo,University of Turabo,    -65.9700 ,   18.2500 ,-,Gurabo|Puerto Rico
TURION,Turion Space,-,   -117.8200 ,   33.6700 ,-,Irvine|California
TURKP,Turkish PTT,Turkish PTT,     32.8700 ,   39.9300 ,-,Ankara|Ankara
TURKS,Turksat,Turksat Satellite Comm. and Cable TV Operation AS,     32.8700 ,   39.9300 ,-,Ankara|Ankara
TURKT,Turk,Turk Telecom,     32.8700 ,   39.9300 ,-,Ankara|Ankara
TUSAS,TUSAS,Turkish Aerospace Industries Inc.,     32.8700 ,   39.9300 ,-,Ankara|Ankara
TUSUR,TUSUR,Tomsk State U. of Control Systems and Radioelectronics,     84.9500 ,   56.4700 ,-,Томск|Томская область
TUUT,TUUT,-,    121.6100 ,   25.0300 ,-,臺北市|
TXKJ,Tianxun Kongjian,Suzhou Skyscanner Space Tech Co Ltd.,    120.0000 ,   31.3000 ,-,宜兴市|江苏省
TXWC,TXWC,-,   -106.5100 ,   31.7700 ,-,El Paso|Texas
TYVAK,Tyvak NSS,-,   -120.6600 ,   35.2700 ,-,San Luis Obispo|California
TYSK,Tuoyuan Shikong,Elliptic SpaceTime (Beijing) Tech Co Ltd.,    116.3000 ,   39.9600 ,-,海淀区|北京市
TYVI,Tyvak Intl,-,      7.6800 ,   45.0800 ,TERRAN,Torino|Piemonte
TZJ,Taozhi EF,Tao Zhixing Education Foundation,    116.3000 ,   39.9600 ,-,海淀区|北京市
TZSY,Taicang Zhang,NWPU Taicang Yangtze River Delta Research Institute,    121.1700 ,   31.5600 ,NWPU,太仓市|江苏省
TZXK,Taizhou Xingkong,Taizhou Xingkong Intelligent Connectivity Tech Co Ltd.,    121.4200 ,   28.6600 ,GEELY,椒江区|浙江省
U9900,Yachiyd 9900,"Unit 9900, IDF",     34.8200 ,   32.0800 ,IDF,רמת גן|מחוז תל אביב
UAB,UAB,-,    -86.8100 ,   33.5200 ,-,Birmingham|Alabama
UAC,United Aircraft,-,    -72.6700 ,   41.7600 ,-,Hartford|Connecticut
UAEAF,UAE AF,United Arab Emirates Armed Forces,     54.3700 ,   24.4700 ,-,أبو ظبي|أبو ظبي
UAEU,UAE University,-,     55.7500 ,   24.2300 ,-,العين|أبو ظبي
UAF,Alaska,-,   -147.8400 ,   64.8600 ,-,Fairbanks|Alaska
UAH,UAH,-,    -86.6400 ,   34.7300 ,-,Huntsville|Alabama
UAHCM,UAH CMDS,-,    -86.6400 ,   34.7300 ,UAH,Huntsville|Alabama
UAP,U. Alas Peruanas,Peruvian Aviation University,    -77.0500 ,  -12.0700 ,-,|Lima
UARK,U. Arkansas,-,    -94.1800 ,   36.0700 ,-,Fayetteville|Arkansas
UARX,UARX Space,-,     -8.8100 ,   42.1400 ,-,Nigrán|Galicia
UAZ,U. Arizona,-,   -110.9500 ,   32.2300 ,-,Tucson|Arizona
UBC,UBC,-,   -213.2500 ,   49.2600 ,-,
UBIQ,UbiquitiLink,-,    -77.1700 ,   38.8900 ,-,Falls Church|Virginia
UBWM,U Bundeswehr,University of the Bundeswehr Munich,     11.6400 ,   48.0800 ,-,Neubiberg|Bayern
UCAN,UCant,-,    172.5800 ,  -43.5200 ,-,Christchurch|Canterbury
UCB,UCB,-,   -122.2600 ,   37.8700 ,-,Berkeley|California
UCD,UC Davis,-,   -121.7500 ,   38.5400 ,-,Davis|California
UCDB,UC Dublin,-,     -6.2200 ,   53.3100 ,-,Dundrum|
UCF,UC Central Fla,-,    -81.2000 ,   28.6000 ,-,Orlando|Florida
UCH,SPEL/UCH,-,    -70.6800 ,  -33.4500 ,-,|Región Metropolitana de Santiago
UCL,UCL,-,     -0.1300 ,   51.5200 ,-,Greater London|England
UCLA,UCLA,-,   -118.4400 ,   34.0700 ,-,Los Angeles|California
UCO,Colorado,-,   -105.2700 ,   40.0100 ,-,Boulder|Colorado
UCSD,UCSD,-,   -117.2800 ,   32.8500 ,-,San Diego|California
UCSFMC,UCSF Med Ctr,-,   -122.4600 ,   37.7600 ,-,San Francisco|California
UCW,UCW,-,     -4.0700 ,   52.4200 ,-,Aberystwyth|Cymru / Wales
UDAYT,U. Dayton,-,    -84.1800 ,   39.7400 ,-,Oakwood|Ohio
UDEFA,UDEFA,University of the Mexican Army and Air Force,    -99.1800 ,   19.4500 ,-,Ciudad de México|Ciudad de México
UDES,U de Sherbrooke,University of Sherbrooke,    -71.9300 ,   45.3800 ,-,Sherbrooke|Québec
UEM,UEM,European University of Madrid,     -3.7200 ,   40.3800 ,-,Madrid|Comunidad de Madrid
UESTC,UESTC,University of Electronic Science and Technology of China,    103.9300 ,   30.7600 ,-,郫都区|四川省
UFA,UFA,Institute of Atmospheric Physics,     14.4200 ,   50.0800 ,ANCZ,Hlavní město Praha|Praha
UFL,UFla,-,    -82.3500 ,   29.6500 ,-,Gainesville|Florida
UFMA,UFMA,Federal University of Maranhao,    -44.3000 ,   -2.5200 ,-,São Luís|Maranhão
UFSC,UFSC,Federal University of Santa Catarina,    -48.5200 ,   27.6000 ,-,
UFSM,UFSM,Federal University of Santa Maria,    -53.7200 ,  -29.7100 ,-,Santa Maria|Rio Grande do Sul
UGA,U Georgia,-,    -83.3700 ,   33.9600 ,-,Athens|Georgia
UGATU,UGATU,Ufa State Aviation Technical University,     55.9400 ,   54.7300 ,-,Уфа|Башкортостан
UHI,Hawaii,-,   -157.8200 ,   21.3000 ,-,East Honolulu|Hawaii
UIA,Iowa,-,    -91.5400 ,   41.6600 ,-,Iowa City|Iowa
UIO,UIO,-,     17.6400 ,   59.8600 ,-,Uppsala|
UIPRB,UIPR Bayamon,-,    -66.1800 ,   18.3500 ,-,Bayamón|Puerto Rico
UITM,UiTM,MARA University of Technology,    101.5000 ,    3.0700 ,-,Shah Alam|Selangor
UIUC,UIUC,-,    -88.2300 ,   40.1100 ,-,Champaign|Illinois
UKMO,UK MO,-,     -0.7500 ,   51.4200 ,-,Bracknell|England
UKNR,Navy Royal,-,     -0.1300 ,   51.5000 ,-,City of Westminster|England
UKRA,Royal Artillery,-,     -1.8100 ,   51.2000 ,-,Larkhill|England
UKRN,RN,-,     -0.1300 ,   51.5000 ,-,City of Westminster|England
UKS,U. Kansas,-,    -95.2500 ,   38.9600 ,-,Lawrence|Kansas
UKSA,UKSA,-,     -1.7800 ,   51.5600 ,-,Swindon|England
UKSC,UK Space Command,-,     -0.7500 ,   51.6300 ,-,High Wycombe|England
UKSPOC,RAF Space Ops,-,     -0.7500 ,   51.6300 ,-,High Wycombe|England
UKTSB,UK TSB,-,     -1.7800 ,   51.5600 ,-,Swindon|England
UKWO,UK WO,-,     -0.1300 ,   51.5000 ,-,City of Westminster|England
UKY,UKentucky,-,    -84.5000 ,   38.0300 ,-,Lexington|Kentucky
ULAB,ULA,-,   -104.8700 ,   39.5900 ,BOE,Centennial|Colorado
ULAD,ULA Decatur,-,    -86.9800 ,   34.6100 ,ULAL,Decatur|Alabama
ULAL,ULA,-,   -104.8700 ,   39.5900 ,LM,Centennial|Colorado
ULLAF,UL-Lafayette,-,    -92.0200 ,   30.2100 ,-,Lafayette|Louisiana
ULM,Ulm,University of Ulm,      9.9800 ,   48.4000 ,-,Ulm|Baden-Württemberg
ULUX,U Lux.,-,      6.1600 ,   49.6300 ,-,Luxembourg|
UM5R,UM5R,"Mohammed V University, Rabat",     -6.8600 ,   33.9900 ,-,Rabat ⵔⴱⴰⵟ الرباط|
UMAJ,Ursa Major,-,   -105.0800 ,   40.3100 ,-,Berthoud|Colorado
UMAL,UMass Lowell,-,    -71.3300 ,   42.6400 ,-,Lowell|Massachusetts
UMANI,U Manitoba,-,    -97.1300 ,   49.8100 ,-,Winnipeg|Manitoba
UMARB,U. Maribor,University of Maribor,     15.6400 ,   46.5600 ,-,Maribor|
UMBC,UMBC,-,    -76.7100 ,   39.2600 ,-,Baltimore|Maryland
UMBRA,Umbra Labs,-,   -119.7000 ,   34.4200 ,-,Santa Barbara|California
UMD,UMD,-,    -76.9400 ,   38.9900 ,-,College Park|Maryland
UME,U Maine,-,    -68.6700 ,   44.9000 ,-,Orono|Maine
UMI,UM,-,    -83.7400 ,   42.2800 ,-,Ann Arbor|Michigan
UMIAMI,U Miami,-,    -80.2800 ,   25.7200 ,-,Coral Gables|Florida
UMN,UMn,-,    -93.2400 ,   44.9700 ,-,Minneapolis|Minnesota
UMROL,Mis.U.SciTech,-,    -91.7700 ,   37.9600 ,-,Rolla|Missouri
UNAM,UNAM,National Autonomous University of Mexico,    -99.1900 ,   19.3300 ,-,Ciudad de México|Ciudad de México
UNB,Uni. Brasilia,University of Brasilia,    -47.8700 ,  -15.7600 ,-,Brasília|Distrito Federal
UNBRUN,U New Brunswick,-,    -66.6400 ,   45.9500 ,-,Fredericton|New Brunswick / Nouveau-Brunswick
UNCW,UNC Wilmington,-,    -77.8800 ,   34.2300 ,-,Wilmington|North Carolina
UND,UND,-,    -97.0700 ,   47.9200 ,-,Grand Forks|North Dakota
UNF2,U Napoli Fed.II,University of Naples Federico II,     14.2600 ,   40.8500 ,-,Napoli|Campania
UNH,UNH,-,    -70.9300 ,   43.1400 ,-,Durham|New Hampshire
UNHAN,UNHAN,Indonesian Defense University,    106.8500 ,   -6.5200 ,-,Kab Bogor|Jawa Barat
UNIPE,UNI Peru,National University of Engineering,    -77.0500 ,  -12.0200 ,-,Lima|Lima
UNIS,UNISEC,-,    139.7600 ,   35.7200 ,-,文京区|
UNISTW,UNISEC Taiwan,-,    120.2200 ,   23.0000 ,NCKU,臺南市|
UNITS,UNITS,Trieste University,     13.7900 ,   45.6600 ,-,Trieste|Friuli-Venezia Giulia
UNKCN,Unknown (CN),-,    116.3800 ,   39.9200 ,-,西城区|北京市
UNKFAI,Unknown FAI,-,    -76.8900 ,   38.9900 ,-,Greenbelt|Maryland
UNKRU,Unknown (RU),-,     37.6200 ,   55.7500 ,-,Москва|Москва
UNKS,UNKS,-,     37.6200 ,   55.7500 ,MO,Москва|Москва
UNKSR,UNKS RF,-,     37.6200 ,   55.7500 ,RVSNR,Москва|Москва
UNKJ,Unknown (J),-,    139.7200 ,   35.7100 ,-,新宿区|
UNKUS,Unknown (US),-,    -77.0200 ,   38.9000 ,-,Washington|District of Columbia
UNKUS1,Unknown 1,-,    -77.0200 ,   38.9000 ,-,Washington|District of Columbia
UNL,U Nebraska,-,    -96.7000 ,   40.8200 ,-,Lincoln|Nebraska
UNLP,UNLP,-,    -57.9500 ,  -34.9100 ,-,La Plata|Buenos Aires
UNLV,UNLV,-,   -115.1500 ,   36.1800 ,-,Las Vegas|Nevada
UNMC,UNM COSMIAC,-,   -106.6200 ,   35.0800 ,-,Albuquerque|New Mexico
UNOPAR,UNOPAR,University of North Parana,    -51.1500 ,  -23.3000 ,-,Londrina|Paraná
UNRV,UNRV,Directorate of Chief of Rocket-Propelled Weapons,     37.6700 ,   55.7200 ,GAU,Москва|Москва
UNSEEN,Unseen Labs,-,     -1.6800 ,   48.1100 ,-,Rennes|Bretagne
UNSJ,UN San Juan,National University of San Juan,    -68.5800 ,  -31.5400 ,-,|San Juan
UNSW,U. NSW,-,    151.2300 ,  -33.9200 ,-,Sydney|New South Wales
UNSWC,U. NSW,-,    149.1200 ,  -35.3100 ,-,Canberra|
UOS,U of Surrey,-,     -0.5900 ,   51.2400 ,-,Guildford|England
UPAE,UPAero,-,   -104.9700 ,   39.5400 ,-,Highlands Ranch|Colorado
UPAEP,UPAEP,-,    -98.2200 ,   19.0500 ,-,Puebla|Puebla
UPC,UPC,Polytechnic U. of Catalonia,      2.1200 ,   41.3900 ,-,Barcelona|Catalunya
UPD,UP Diliman,U. of the Phillipines Diliman,    121.0500 ,   14.6500 ,-,Quezon City|
UPM,IDR/UPM,Polytechnic U. of Madrid,     -3.7300 ,   40.4500 ,-,Madrid|Comunidad de Madrid
UPMIM,IDR/UPM,UPM Microgravity Institute,     -3.7300 ,   40.4500 ,UPM,Madrid|Comunidad de Madrid
UQU,UQU-CFH,-,    153.0100 ,  -27.4900 ,-,|Queensland
URDEI,UrtheCast Deimos,-,     -4.7000 ,   41.5300 ,URTHE,Boecillo|Castilla y León
URE,URE,Spanish Radio Amateur Union,     -3.7200 ,   40.3800 ,-,Madrid|Comunidad de Madrid
URTHE,UrtheCast,-,   -123.1000 ,   49.2500 ,-,Vancouver|British Columbia
URUGUS,URUGUS S.A.,-,    -56.1800 ,  -34.8800 ,SATELOG,Montevideo|Montevideo
US7A,US 7th Army,-,      9.8000 ,   48.8000 ,USA,Schwäbisch Gmünd|Baden-Württemberg
US8A,US 8th Army,-,    126.9800 ,   37.5300 ,USA,서울특별시|
USA,US Army,-,    -77.0200 ,   38.9000 ,-,Washington|District of Columbia
USAF,USAF,-,    -77.0600 ,   38.8700 ,-,|Virginia
USAFA,USAF Academy,-,   -104.8900 ,   39.0100 ,USAF,|Colorado
USAIC,US Army IC,-,   -110.3500 ,   31.5600 ,USA,Sierra Vista|Arizona
USALA,U. S Ala,-,    -88.1800 ,   30.7000 ,-,Mobile|Alabama
USAMC,USA AMC,-,    -77.0200 ,   38.9000 ,USA,Washington|District of Columbia
USASC,USA SC,-,    -74.0500 ,   40.3100 ,USA,Eatontown|New Jersey
USCG,USCG,-,    -77.0200 ,   38.9000 ,USA,Washington|District of Columbia
USCGR,USCG RDC,-,    -72.1000 ,   41.3600 ,-,New London|Connecticut
USCLA,USC,-,   -118.2800 ,   34.0200 ,-,Los Angeles|California
USCMR,USC,-,   -118.4400 ,   33.9800 ,USCLA,|California
USDI,USDI BLM,-,    -77.0200 ,   38.9000 ,-,Washington|District of Columbia
USDMA,US DMA,-,    -77.1100 ,   38.9800 ,DOD,Bethesda|Maryland
USEF,USEF,Institute for Unmanned Space Experiment Free Flyer,    139.7500 ,   35.6900 ,-,千代田区|
USERAR,USergioArb,Sergio Arboleda University,    -74.0700 ,    4.7100 ,-,Bogotá|
USF,U South Fla,-,    -82.4131 ,   28.0546 ,-,Tampa|Florida
USGS,USGS EROS,-,    -96.7300 ,   43.5400 ,USGSR,Sioux Falls|South Dakota
USGSR,USGS,-,    -77.3500 ,   38.9500 ,USDI,Reston|Virginia
USHREP,US House,-,    -77.0200 ,   38.9000 ,-,Washington|District of Columbia
USIN,USI Evansville,-,    -87.6700 ,   37.9600 ,-,|Indiana
USMA,USMA,-,    -73.9700 ,   41.3800 ,USA,|New York
USMC,USMC,-,    -77.0600 ,   38.8700 ,-,|Virginia
USN,USN,-,    -77.0600 ,   38.8700 ,-,|Virginia
USNA,USNA,-,    -76.5000 ,   39.9700 ,USN,Lower Windsor Township|Pennsylvania
USNAEG,USN Aegis,-,    -74.9000 ,   39.9800 ,NAVSEA,Moorestown Township|New Jersey
USNB,USN Boston,-,    -71.0500 ,   42.3800 ,USN,Boston|Massachusetts
USNESC,NESC,-,    -77.0200 ,   38.9000 ,USN,Washington|District of Columbia
USNEV,NAVSTA Everett,-,   -122.2200 ,   47.9900 ,USN,Everett|Washington
USNMYP,NS Mayport,-,    -81.4200 ,   30.3900 ,USN,Jacksonville|Florida
USNPH,NS Pearl Harbor,-,   -157.9400 ,   21.3500 ,USN,Waipahu|Hawaii
USNPS,USN PGS,-,   -121.8900 ,   36.6000 ,USN,Monterey|California
USNROT,NS Rota,-,     -6.3300 ,   36.6200 ,USN,Rota|Andalucía
USNSD,NB San Diego,-,   -117.1200 ,   32.6800 ,USN,San Diego|California
USNSP,Navy Space Pr.,-,    -77.0200 ,   38.9000 ,NAVMAT,Washington|District of Columbia
USNSP2,Navy Space Pr.,-,    -77.0200 ,   38.9000 ,USNESC,Washington|District of Columbia
USNSPO,USN SPO,-,    -77.0600 ,   38.8700 ,USN,|Virginia
USNSSD,USN SSD,-,    -77.0200 ,   38.9000 ,USN,Washington|District of Columbia
USNSSP,USN SSP,-,   -122.0400 ,   37.3700 ,USN,Sunnyvale|California
USNTB,USN-TBMD,-,    -77.0600 ,   38.8700 ,USN,|Virginia
USNVA,USN Norfolk,-,    -76.3100 ,   36.9500 ,USN,Norfolk|Virginia
USNYOK,USN Yokosuka,-,    139.6700 ,   35.2900 ,USN,横須賀市|
USPACE,U-Space,-,      1.4700 ,   43.5600 ,-,Ramonville-Saint-Agne|Occitanie
USPS,USPS,-,    -77.0200 ,   38.9000 ,-,Washington|District of Columbia
USSEN,US Senate,-,    -77.0200 ,   38.9000 ,-,Washington|District of Columbia
USSF,USSF,-,    -77.0600 ,   38.8700 ,-,|Virginia
USSPC,USSPACECOM,-,   -104.7000 ,   38.8200 ,DOD,Colorado Springs|Colorado
USSPC2,USSPACECOM,-,   -104.7000 ,   38.8200 ,DOD,Colorado Springs|Colorado
USSTR,USSTRATCOM,-,    -95.9100 ,   41.1200 ,DOD,|Nebraska
USTC,USTC,University of Science and Technology of China,   -117.2800 ,   31.8700 ,CAS,
USU,USU SDL,-,   -111.8300 ,   41.7400 ,-,Logan|Utah
USWL,U SW Louisiana,-,    -92.0200 ,   30.2100 ,-,Lafayette|Louisiana
USYD,U Sydney,-,    151.1900 ,  -33.8900 ,-,Sydney|New South Wales
UT,UT Austin,-,    -97.7400 ,   30.2900 ,-,Austin|Texas
UTAA,Turk Hava Kurumu,Unversity of Turkish Aeronautical Association,     32.6500 ,   39.9300 ,-,Etimesgut|Ankara
UTAT,UTor Aero Team,-,    -79.4700 ,   43.7500 ,UTIAS0,Toronto|Ontario
UTC,UTC,-,   -121.9000 ,   37.3300 ,UAC,San Jose|California
UTC2,UTC,-,    -72.6700 ,   41.7600 ,-,
UTCRTX,UTC,-,    -72.6700 ,   41.7600 ,RTX,Hartford|Connecticut
UTCWL,UTC Aerospace,-,    -72.6500 ,   41.9300 ,UTC2,Windsor Locks|Connecticut
UTCISR,UTC ISR Sys,-,    -73.4700 ,   41.4000 ,UTC2,
UTD,UTD,-,    -96.7500 ,   32.9900 ,-,Richardson|Texas
UTE,UTE,Equinoctial University of Ecuador,    -78.4900 ,   -0.1800 ,-,Quito|
UTEP,UTEP,-,   -106.5100 ,   31.7700 ,-,El Paso|Texas
UTIAS,UTIAS-SFL,-,    -79.5000 ,   43.7600 ,UTIAS0,Toronto|Ontario
UTIAS0,UTIAS,-,    -79.5000 ,   43.7600 ,-,Toronto|Ontario
UTMB,UTMB,-,    -94.8300 ,   29.2800 ,-,
UTMN,TyumGU,Tyumen State University,     84.9500 ,   56.4700 ,-,
UTOR,Toronto,-,    -79.5000 ,   43.7600 ,-,Toronto|Ontario
UTR,Utrecht,-,      5.1700 ,   52.0900 ,-,Utrecht|Utrecht
UTRU,Utrecht,-,      5.1700 ,   52.0900 ,-,Utrecht|Utrecht
UUT,Utah,-,   -111.8500 ,   40.7700 ,-,
UVA,UVa,-,    -78.5100 ,   38.0400 ,-,Charlottesville|Virginia
UVG,UVG,University of the Valley of Guatemala,    -90.4900 ,   14.6050 ,-,Ciudad de Guatemala|Departamento de Guatemala
UVIC,U Victoria,-,   -123.3100 ,   48.4600 ,-,Saanich|British Columbia
UVIE,U Vienna IFA,University of Vienna Inst. for Astronomy,     16.3700 ,   48.2000 ,-,
UVSQ,U Versailles SQ,Versailles Saint-Quentin-en-Yvelines University,      2.1400 ,   48.8000 ,-,Versailles|Île-de-France
UVT,Vermont,-,    -73.2000 ,   44.4800 ,-,Burlington|Vermont
UWA,UWash,-,   -122.3100 ,   47.6600 ,-,Seattle|Washington
UWAB,UW Aber,-,     -4.0700 ,   52.4200 ,-,Aberystwyth|Cymru / Wales
UWI,Wisc,-,    -89.4200 ,   43.0800 ,-,Madison|Wisconsin
UWO,UWO,-,    -81.2700 ,   43.0100 ,-,London|Ontario
UZKA,UZKA,Directorate of the Deputy Cdr. of Artillery for Special Eqpt,     37.6200 ,   55.7500 ,GAU,Москва|Москва
UZMA,Uzma,-,    101.6000 ,    3.1300 ,-,Petaling Jaya|Selangor
UZURO,Uzuro Tech,Uzuro Tech Inc.,    126.9000 ,   37.4500 ,-,서울특별시|
VANDU,Vanderbilt U,-,    -86.8000 ,   36.1500 ,-,Nashville|Tennessee
VANST,Vanguard ST,-,   -117.1600 ,   32.7200 ,-,San Diego|California
VANTOR,Vantor,-,   -105.1100 ,   40.1700 ,-,Longmont|Colorado
VAP,VA Tech,Virginia Tech (VA Tech),    -80.4300 ,   37.2300 ,-,Blacksburg|Virginia
VARDA,Varda Space,-,   -118.3400 ,   33.8300 ,-,Torrance|California
VARI,Varisat LLC,-,    -95.3800 ,   29.7600 ,SEOPS,Houston|Texas
VAST,VAST,Vietnam Academy of Science and Technology,    106.6500 ,   10.8000 ,-,Thành phố Hồ Chí Minh|
VASTSP,Vast Space,-,   -118.2000 ,   33.7700 ,-,Long Beach|California
VATC,D. Comunicazione,"Dicastery for Communication, Vatican",     12.4500 ,   41.9000 ,-,Roma|Lazio
VATP,VATP,Ventspils High Technology Park,     21.5700 ,   57.3900 ,-,Ventspils|
VCSFA,VCSFA,Virginia Space,    -76.3000 ,   36.9000 ,-,Norfolk|Virginia
VDNKH,VDNKh,All-Russian Exhibition Centre,     37.6400 ,   55.8300 ,-,Москва|Москва
VENT,Ventions,-,   -122.4200 ,   37.7800 ,-,San Francisco|California
VER,Verhaert,-,      4.3000 ,   51.1700 ,-,Kruibeke|Oost-Vlaanderen
VERB,Verizon Business,-,    -77.0200 ,   38.9000 ,-,Washington|District of Columbia
VERSI,Verhaert/SI,-,      4.3000 ,   51.1700 ,-,Kruibeke|Oost-Vlaanderen
VESTGO,Vestigo,-,   -118.2100 ,   34.2100 ,-,La Cañada Flintridge|California
VFW,VFW,-,      8.3000 ,   53.0800 ,-,Sandtange|Niedersachsen
VFW2,VFW,-,      8.3000 ,   53.0800 ,-,Sandtange|Niedersachsen
VFWF,VFW-Fokker,-,      8.3000 ,   53.0800 ,-,Sandtange|Niedersachsen
VGLB,VG Long Beach,-,   -118.2000 ,   33.7700 ,-,Long Beach|California
VGX,Virgin Galactic,-,   -118.1300 ,   34.1600 ,-,Pasadena|California
VGXT,Virgin Galactic,-,   -106.9700 ,   32.9900 ,VGX,|New Mexico
VIA,ViaSat,-,   -117.3000 ,   33.1200 ,-,Carlsbad|California
VIGO,U. Vigo,University of Vigo,     -8.6900 ,   42.1700 ,-,Vigo|Galicia
VILN,Vilnius U,Vilnius University,     25.2900 ,   54.6800 ,-,Vilnius|Vilniaus apskritis
VISTE,VISIONA Tec.,-,    -45.8800 ,  -23.1900 ,TELB,São José dos Campos|São Paulo
VITA,VITA,-,    -77.0800 ,   38.8800 ,-,Arlington|Virginia
VIZ,VIZARD,VIZARD LLC,     37.5200 ,   55.7000 ,-,Москва|Москва
VKI,VKI,-,      4.3500 ,   50.7500 ,-,Alsemberg|Vlaams-Brabant
VKS,VKS,Russian Military Space Forces,     36.9800 ,   56.1800 ,-,Солнечногорск|Московская область
VKSR,VKS RVSN,Russian Military Space Forces,     36.9800 ,   56.1800 ,RVSN,Солнечногорск|Московская область
VMF,VMF,Soviet Navy,     37.6200 ,   55.7500 ,-,Москва|Москва
VMFR,VMF RF,Russian Navy,     37.6200 ,   55.7500 ,-,Москва|Москва
VNIEM,VNIIEM,All-Union Electromechanical Scientific Research Institute,     37.6200 ,   55.7500 ,METP,Москва|Москва
VNIIEMI,VNIIEM,Joint Stock Corp. VNIIEM,     37.6200 ,   55.7500 ,-,Москва|Москва
VNIEMR,VNIIEM,All-Union Electromechanical Scientific Research Institute,     37.6200 ,   55.7500 ,FKA,Москва|Москва
VNPT,VNPT,Vietnam P&T Corp,    105.8500 ,   21.0300 ,-,Thành phố Hà Nội|
VNSC,VNSC,"National Satellite Center, Vietnam Academy of Science and Te",    105.8500 ,   21.0300 ,VAST,Thành phố Hà Nội|
VOENT,Voentelekom,-,     37.6200 ,   55.7500 ,-,Москва|Москва
VOKS,VKS VS RF,Russian Aerospace Forces,     37.6200 ,   55.7500 ,-,Москва|Москва
VORB,VO,-,   -118.2000 ,   33.7700 ,-,Long Beach|California
VORO,Voronezh Mash,-,     39.2100 ,   51.6700 ,-,Воронеж|Воронежская область
VOTK,Votkinsk,-,     54.0000 ,   57.0500 ,-,Воткинск|Удмуртия
VOUA,Vought,-,    -97.0200 ,   32.7200 ,-,Grand Prairie|Texas
VRBEC,Vrbec-Banovic,-,   -119.1100 ,   40.8700 ,-,|Nevada
VS,VS SSSR,Soviet Armed Forces,     37.6200 ,   55.7500 ,-,Москва|Москва
VSHE,VShE,Higher School of Economics,     37.4100 ,   55.8000 ,-,Москва|Москва
VSSC,VSSC,-,     76.8700 ,    8.5300 ,ISRO,Thumba|Kerala
VTC,Vermont Tech,-,    -72.6000 ,   43.9400 ,-,Randolph|Vermont
VTS,VTS SA,Military-Topographic Service of the Soviet Army,     37.6200 ,   55.7500 ,-,Москва|Москва
VTSR,VTS VS Rossii,Topographics Service of the Russian Armed Froces,     37.6200 ,   55.7500 ,-,Москва|Москва
VULT,Con Vultee,-,   -118.1300 ,   33.9400 ,CONV,Downey|California
VVKO,VVKO,Aerospace Defence Forces,     37.6200 ,   55.7500 ,MORF,Москва|Москва
VVKOV,VVKO VKS,Aerospace Defence Forces,     37.6200 ,   55.7500 ,VOKS,Москва|Москва
VVS,VVS,-,     37.6200 ,   55.7500 ,-,Москва|Москва
VVSBG,VVS Bulgaria,Bulgarian Air Force,     23.3200 ,   42.6800 ,-,София|София-град
VVSR,VVS,-,     37.6200 ,   55.7500 ,-,Москва|Москва
VX4,VX-4,-,   -119.1200 ,   34.1200 ,OPTEV,|California
VZCR,VZ CR,"Military Intelligence, Czech Republic",     14.4200 ,   50.0800 ,-,Hlavní město Praha|Praha
VZLU,VZLU,Aerospace Research and Test Establishment,     14.4200 ,   50.0800 ,-,Hlavní město Praha|Praha
WADC,WADC,-,    -84.0500 ,   39.8200 ,USAF,|Ohio
WADD,WADD,-,    -84.0500 ,   39.8200 ,USAF,|Ohio
WAKA,Wakayama,Wakayama University,    135.1500 ,   34.2700 ,-,和歌山市|
WAML,WAML,-,    -84.0500 ,   39.8200 ,USAF,|Ohio
WARP,WarpSpace Co,WarpSpace Co. Ltd.,    140.0800 ,   36.0800 ,-,つくば市|
WASEDA,Waseda U,-,    139.7200 ,   35.7100 ,-,新宿区|
WAT,Wojskowa Ak.Tech.,Military University of Technology,     21.0200 ,   52.2300 ,-,Warszawa|województwo mazowieckie
WAVIX,Wavix,-,    -76.9200 ,   39.0400 ,-,Beltsville|Maryland
WBLU,WildBlue,-,   -104.9100 ,   39.6200 ,-,Greenwood Village|Colorado
WBLUV,WildBlue,-,   -104.9100 ,   39.6200 ,VIA,Greenwood Village|Colorado
WEB,Weber,-,   -111.9400 ,   41.1900 ,-,Ogden|Utah
WEBC,Weber CAST,-,   -111.9400 ,   41.1900 ,WEB,Ogden|Utah
WEHR,Wehrmacht,-,     13.3900 ,   52.5200 ,-,Berlin|
WEIJT,Weihai JTXJ,Weihai Laser Communication Advanced Tech. Research Inst.,    122.1200 ,   37.5100 ,-,环翠区|山东省
WEINA,Weina,Micro-Nano Star Space Technology Co. Ltd.d,    116.3800 ,   39.9200 ,-,西城区|北京市
WEISS,Weiss School,-,    -80.1700 ,   26.8500 ,-,Palm Beach Gardens|Florida
WELEC,Western Electric,-,    -79.4500 ,   36.0900 ,-,Burlington|North Carolina
WER271-1,Wer 271-1,-,     13.3900 ,   52.5200 ,WEHR,Berlin|
WER444,Wer 444,-,     13.3900 ,   52.5200 ,WEHR,Berlin|
WER485,Wer 485,-,     13.3900 ,   52.5200 ,WEHR,Berlin|
WER485-1,Wer 485-1,-,     13.3900 ,   52.5200 ,WEHR,Berlin|
WER485-2,Wer 485-2,-,     13.3900 ,   52.5200 ,WEHR,Berlin|
WER485-3,Wer 485-3,-,     13.3900 ,   52.5200 ,WEHR,Berlin|
WER500,Wer 500,-,     13.3900 ,   52.5200 ,WEHR,Berlin|
WER836,Wer 836,-,     13.3900 ,   52.5200 ,WEHR,Berlin|
WER836-1,Wer 836-1,-,     13.3900 ,   52.5200 ,WEHR,Berlin|
WER836-2,Wer 836-2,-,     13.3900 ,   52.5200 ,WEHR,Berlin|
WER836-3,Wer 836-3,-,     13.3900 ,   52.5200 ,WEHR,Berlin|
WER902,Wer 902,-,     13.3900 ,   52.5200 ,WEHR,Berlin|
WESTL,Westland/Osborne,-,     -1.3000 ,   50.7600 ,-,Cowes|England
WFC,NASA WFC,-,    -75.4900 ,   37.8400 ,NASA,|Virginia
WFF,NASA WFF,-,    -75.4900 ,   37.8400 ,NASA,|Virginia
WI,NASA WS,-,    -75.4900 ,   37.8400 ,NASA,|Virginia
WINGB,Wingbits,-,     18.0600 ,   59.3500 ,-,Stockholm|
WISEK,WiseKey,-,      6.1400 ,   46.2100 ,-,Genève|Genève
WISS,Wisseed,"Wisseed The Terra, Inc.",    139.6900 ,   35.6400 ,-,目黒区|
WKL,Wojskowe Z.L.,Military Communication Works No. 1,     19.4500 ,   51.7500 ,-,Łódź|województwo łódzkie
WLOP,Wojska Lotn.,"Flying Troops and Air Defence, Poland",     21.0200 ,   52.2300 ,-,Warszawa|województwo mazowieckie
WNI,WNI,-,    140.1200 ,   35.6100 ,-,千葉市|
WORSP,Worldspace,-,    -77.0200 ,   38.9000 ,-,Washington|District of Columbia
WORSP1,1worldspace,-,    -77.0200 ,   38.9000 ,-,Washington|District of Columbia
WPI,WPI,-,    -71.8100 ,   42.2700 ,-,Worcester|Massachusetts
WRE,WRE,-,    138.6400 ,  -34.7600 ,-,Adelaide|South Australia
WRIGHT,Wright SWB,-,    -84.0500 ,   39.8200 ,USAF,|Ohio
WSMC,WSMC,-,   -120.6100 ,   34.7500 ,USAF,|California
WSMR,WSMR,-,   -106.3800 ,   32.4000 ,USA,|New Mexico
WSPG,WSPG,-,   -106.3800 ,   32.4000 ,USA,|New Mexico
WTA,WTA,-,    -77.0200 ,   38.9000 ,-,Washington|District of Columbia
WTR,WTR,-,   -120.6100 ,   34.7500 ,USAF,|California
WUHAN,Wuhan daxue,Wuhan University Aerospace Science and Tech Research Inst,    114.3600 ,   30.5400 ,-,武昌区|湖北省
WUPP,Wuppertal,-,      7.1500 ,   51.2500 ,-,Wuppertal|Nordrhein-Westfalen
WURZ,U Wurzburg,-,      9.9400 ,   49.7900 ,-,Würzburg|Bayern
WUTC,WUTC,-,    -74.1000 ,   41.0600 ,-,Upper Saddle River|New Jersey
WVU,WVU,-,    -79.9500 ,   39.6400 ,-,Morgantown|West Virginia
WXB,WXB,-,    -76.9200 ,   38.8500 ,DOC,Suitland|Maryland
WXBM,WXB,-,    -76.9200 ,   38.8500 ,WXB,Suitland|Maryland
WYKK,Weilai Yuhang KK,Beijing Future Aerospace Sci Tech Research Inst Co Ltd,    116.3800 ,   39.9200 ,-,西城区|北京市
WYV,WYV,-,   -113.4900 ,   53.5300 ,-,Edmonton|Alberta
X20,X-20 Pilot Group,-,   -117.8800 ,   34.9100 ,AFASD,|California
XCK,Watermelon Maker,Watermelon Maker,    116.3800 ,   39.9200 ,-,西城区|北京市
XCOR,XCOR (Mojave),-,   -118.1700 ,   35.0500 ,-,Mojave|California
XCORC,XCOR (Mojave),-,   -118.1700 ,   35.0500 ,XCORT,Mojave|California
XCORT,XCOR,-,   -102.1000 ,   32.0000 ,-,Midland|Texas
XCYS,Xi'an Survey,Xian Bureau of Surveying and Mapping,    108.9500 ,   34.2700 ,-,新城区|陕西省
XDLINX,XDLINX,-,     78.4700 ,   17.3600 ,-,Hyderabad|Telangana
XGZD,Xianggang Zhongda,Chinese Univ. of Hong Kong,    114.2600 ,   22.3400 ,-,西貢區 Sai Kung District|香港 Hong Kong
XHT,Xi'an Hangtou,Xi'an Aerospace Investment Co Ltd.,    108.9500 ,   34.2700 ,-,新城区|陕西省
XIAM,Xiamen Daxue,Xiamen University,    118.0900 ,   24.4400 ,-,厦门市|福建省
XIAMT,Xiamen Tianwei,Xiamen Tianwei Technology Co. Ltd.,    118.0900 ,   24.4400 ,-,厦门市|福建省
XIDA,Xida,Guangxi University,    108.2800 ,   22.8400 ,-,南宁市|广西壮族自治区
XIDI,Xidian,Xian University of Electronic Science and Tech.,    108.9500 ,   34.2700 ,-,新城区|陕西省
XIDO,Xinghe Dongli,Galactic Energy Co.,    116.3800 ,   39.9200 ,-,西城区|北京市
XINGH,Xinghuan Keji,Transwarp Technology (Shanghai) Co. Ltd.,    121.5000 ,   31.2500 ,-,虹口区|上海市
XINWEI,Xinwei Telecom,-,    116.3800 ,   39.9200 ,-,西城区|北京市
XIOPM,XIOPM,Xian Institute of Optics and Precision Mechanics,    108.9500 ,   34.2700 ,-,新城区|陕西省
XIYW,Xiyong Weidian,"CASIC, Xiyong Microelectronics Park",    106.3500 ,   29.6200 ,CASIC,重庆高新区|重庆市
XJRY,Xingye Rongyao,Beijing Interstellar Glory Space Tech. Co. Ltd.,    116.3800 ,   39.9200 ,-,西城区|北京市
XMR,XM Radio,-,    -77.0200 ,   38.9000 ,-,Washington|District of Columbia
XMRS,XM Radio,-,    -77.0200 ,   38.9000 ,SIRX,Washington|District of Columbia
XONA,Xona,Xona Space Systems,   -122.3500 ,   37.5900 ,-,Burlingame|California
XPL,Xplore Inc.,"Xplore, Inc.",    -67.6000 ,   46.1500 ,-,Woodstock|New Brunswick / Nouveau-Brunswick
XTAR,XTAR,-,    -77.1500 ,   39.0800 ,HISD/LOR,Rockville|Maryland
XUNM,Xunming,"Fujian Xunming Home Technology Co., Ltd.",    119.3000 ,   26.0700 ,-,台江区|福建省
XUNQ,Xuntian Qianhe,Xuntian Qianhe Space Tech. Co. Ltd.,    121.4700 ,   31.3200 ,-,宝山区|上海市
XXYW,Xingji Yunwang,Interstellar Cloud Network Co.,    108.9500 ,   34.2700 ,-,新城区|陕西省
XYHT,Xingyuan HT,Beijing Xingyuan Aerospace Tech Co. Ltd.,    116.3800 ,   39.9200 ,-,西城区|北京市
XYUN,Xingyun,Xingyun Company,    114.2700 ,   30.5800 ,SANJ9,硚口区|湖北省
XZKJ,Xingzhong Kong.,-,    116.3800 ,   39.9200 ,-,西城区|北京市
XZTIA,Zhongke Tianta,-,    108.9500 ,   34.2700 ,-,新城区|陕西省
YAHBR,Yahsat Brasil,-,    -43.2000 ,  -22.9100 ,ALYAH,Rio de Janeiro|Rio de Janeiro
YAZMI,Yamzi USA,-,    -77.0200 ,   38.9000 ,-,Washington|District of Columbia
YERK,Yerkes,-,    -88.5400 ,   42.5700 ,CHIC,Williams Bay|Wisconsin
YINGL,Yinglong,Jiangsu Yinglong Satellite Tech Co. Ltd.,    119.9500 ,   31.7000 ,-,武进区|江苏省
YINGSH,Yingshiruida,"Yingshiruida Technology Co., Ltd.",    116.3800 ,   39.9200 ,-,西城区|北京市
YINHE,Yinhe,Galaxy Aerospace,    116.3800 ,   39.9200 ,-,西城区|北京市
YINNT,Yinhe,Galaxy Aerospace Nantong Satellite Smart Factory,    120.9600 ,   31.8900 ,-,崇川区|江苏省
YIX,Yixing Kong.Ji.,Yixing Space Education Technology Co Ltd,    116.3800 ,   39.9200 ,-,西城区|北京市
YLYZ,Yi Ling Yi,One Zero One Middle School,    116.3800 ,   39.9200 ,-,西城区|北京市
YKVZ,YKVZ,Ust-Katav Carriage Works,     58.1800 ,   54.9300 ,-,Усть-Катав|Челябинская область
YONA,Yonago Kosen,Yonago National College of Technology,    133.3300 ,   35.4300 ,-,米子市|
YONS,Yonsei U,Yonsei University,    126.9400 ,   37.5700 ,-,서울특별시|
YORK,YorkU,-,    -79.5000 ,   43.7700 ,-,Toronto|Ontario
YORKSS,York Space Sys,-,   -104.8800 ,   39.7600 ,-,Denver|Colorado
YOUD,Youdian Daxue,Beijing Univ. of Posts and Telecommunications,    116.3500 ,   39.9600 ,-,海淀区|北京市
YSP,Yemen Soc Party,Yemen Socialist Party,     45.0300 ,   12.8000 ,-,مدينة عدن|محافظة عدن
YUANX,Yuanxin WK,Shanghai Spacecom Satellite Technology Ltd,    121.4700 ,   31.2300 ,-,上海市|上海市
YUCH,Yucheng Shuju,Yucheng Data Technology Co. (Anhui) Ltd.,    118.7500 ,   30.9500 ,-,宣州区|安徽省
YUKON,Yukon U,-,   -135.1000 ,   60.7500 ,-,Whitehorse|Yukon
YUNCH,Yuncheng Weixing,Yuncheng Satellite Tech Co Ltd.,    114.3600 ,   30.5400 ,-,武昌区|湖北省
YUXING,Hangtian Yuxing,Aerospace Yuxing Tech Co. Ltd.,    116.3800 ,   39.9200 ,-,西城区|北京市
YUZGU,Yugo-Zapad. GU,Southwest State University,     36.1800 ,   51.7200 ,-,
YUZH,Yuzhnoe,Southern State Design Bureau,     34.9800 ,   48.4500 ,-,Дніпро|Дніпропетровська область
YUZHM,Yuzhmash,-,     34.9800 ,   48.4500 ,-,Дніпро|Дніпропетровська область
YUZHUA,Yuzhnoe,Southern State Design Bureau,     34.9800 ,   48.4500 ,-,Дніпро|Дніпропетровська область
YUZHMU,Yuzhmash,-,     34.9800 ,   48.4500 ,-,Дніпро|Дніпропетровська область
YWZB,Yaogan Zongti,General Department of Remote Sensing Satellites,    116.3000 ,   39.9600 ,CAST,海淀区|北京市
YYAO,Yunyao yuhang,Yunyao Aerospace Tech Co. (Tianjin) Ltd.,    117.1800 ,   39.1300 ,-,和平区|天津市
ZARM,ZARM,Center of Applied Space Tech and Micrograv.,      8.8000 ,   53.0800 ,BREM,Bremen|Bremen
ZAV23,Zavod 23,-,     37.5000 ,   55.7500 ,OKB23,
ZAV47,Zavod 47,-,     55.1000 ,   51.7800 ,-,Оренбург|Оренбургская область
ZAV88,Zavod 88,-,     37.8200 ,   55.9300 ,-,Королёв|Московская область
ZAV586,Zavod 586,-,     34.9800 ,   48.4500 ,-,Дніпро|Дніпропетровська область
ZBEU,ZBEU,Zonguldak Bulent Ecevit University,     31.7600 ,   41.4500 ,-,Zonguldak Merkez|
ZC3B,Zongcan 3,GSD Third Department (SIGINT),    116.1700 ,   39.9900 ,-,海淀区|北京市
ZDFH,Zhongguo DFH,China SpaceSat Co.,    116.3000 ,   39.9600 ,-,海淀区|北京市
ZDNC,Zhongdian Nong.,China Power Investment New Agricultural Innov. Tech Co.,    116.3000 ,   39.9600 ,-,海淀区|北京市
ZEM,ZEM,-,     37.8200 ,   55.9300 ,-,Королёв|Московская область
ZFT,ZfT,Wurzburg Center for Telematics,      9.9400 ,   49.7900 ,-,Würzburg|Bayern
ZGWK,Zhong'an Guotong,Zhongan Guotong Satellite Tech. Dev. Co,    113.9000 ,   22.8000 ,-,光明区|广东省
ZHEDI,Zhedi,Zhejiang Provincial Geological Institute,    120.1200 ,   30.2600 ,-,西湖区|浙江省
ZHEJ,Zhejiang,Zhejiang University,    120.1200 ,   30.2600 ,-,西湖区|浙江省
ZHELZ,Zhejiang LiTong,Zhejiang LiTong Electronic Tech Co. Ltd.,    120.1700 ,   30.2500 ,-,上城区|浙江省
ZHIXJ,Jinan Zhixing,Jinan Zhixing Space Tech Co Ltd.,    117.0200 ,   36.6700 ,-,历下区|山东省
ZHIX,SMART,Beijing Smart Satellite Technology Co Ltd.,    116.4600 ,   40.1000 ,-,昌平区|北京市
ZHK,Zhiyu Hangyu,Zhiyi Aerospace (Beijing) Technology Co. Ltd,    116.5000 ,   40.1000 ,-,顺义区|北京市
ZHKO,Zhihuo Kongjian,Zhihui Space,    121.6200 ,   29.8600 ,-,鄞州区|浙江省
ZHONG,Zhongda,Sun Yat-sen University,    113.9000 ,   22.8000 ,-,光明区|广东省
ZHSH,ZHKJ Shangye H.,CASC Commercial Rocket YG,    121.3800 ,   31.1100 ,CASC,闵行区|
ZHSW,ZH Shangye WX.,CASC Commercial Satellite YG,    121.3800 ,   31.1100 ,CASC,闵行区|
ZHUORB,Zhuhai Orbita,Zhuhai Orbital Control Engineering Ltd,    113.5700 ,   22.2800 ,-,香洲区|广东省
ZHWK,Zhongke Weixing,Zhongke Satellite Tech. Group,    117.0200 ,   36.6700 ,-,历下区|山东省
ZHYE,Zhangye Xingzuo,Zhangye Constellation Space Tech. Co. Ltd.,    100.4500 ,   39.9300 ,-,阿拉腾朝格苏木 ᠠᠯᠲᠠᠨᠴᠣᠭ ᠰᠤᠮᠤ|内蒙古自治区 ᠦᠪᠦᠷ ᠮᠣᠩᠭᠤᠯ ᠤᠨ ᠥᠪᠡᠷᠲᠡᠭᠡᠨ ᠵᠠᠰᠠᠬᠣ ᠣᠷᠣᠨ
ZIKH,ZIKh,-,     37.5000 ,   55.7500 ,KBSAL,Москва|Москва
ZIMN,Zimney,-,   -118.0000 ,   34.1500 ,-,Monrovia|California
ZJLAB,Zhejiang Lab,Zhejiang Lab,    120.1200 ,   30.2600 ,-,西湖区|浙江省
ZJUNI,ZJUNI-SAT,ZJUNI-SAT,    120.1200 ,   30.2600 ,-,西湖区|浙江省
ZKRG,Zhongke Ruige,"Zhongke Ruige (Yantai) Technology Service Co., Ltd",    121.4500 ,   37.4600 ,-,莱山区|山东省
ZKXR,Zhongke Xingrui,Zhongke Xingrui (Starwiz),    116.3000 ,   39.9600 ,-,海淀区|北京市
ZKYT,Zhongke TJ YG,Beijing Zhongke Aerospace Exploration Tech. Co. Ltd.,    116.3000 ,   39.9600 ,-,海淀区|北京市
ZINGSA,ZINGSA,-,     31.0500 ,  -17.8300 ,ZW,Harare|Harare Province
ZRWC,Zhongguancun R.,Zhongguancun Ruichen Sat. Innovation App. Research Inst.,    116.3000 ,   39.9600 ,-,海淀区|北京市
ZSU,ZSU,-,     30.5200 ,   50.4500 ,-,Київ|
ZVEZ,Zvezda,Zvezda (Star),     37.9500 ,   55.6500 ,MOM,Томилино|Московская область
ZWO,ZWO,Organization for Pure Scientific Research,      4.3200 ,   52.0800 ,-,Den Haag|Zuid-Holland
ZLZB,PLA SSF,Strategic Support Troops,    116.3800 ,   39.9200 ,PLA,西城区|北京市
ZTZM,ZTZM,Precision Electromechanics Factory,     27.5700 ,   53.9000 ,-,Мінск|
ZXHK,Zhongke Xiguang,Zhongke Xiguang Aerospace Tech Co. Ltd.,    108.9500 ,   34.2700 ,-,新城区|陕西省
ZXKJ,ZXKJ,China Sat space remote sensing (Jiangsu) SatTech Co Ltd,    119.1900 ,   32.2800 ,-,仪征市|江苏省
ZXW,Zhongguo Xingwang,China Satellite Network Group Co. Ltd.,    115.9000 ,   39.0500 ,-,容城县|河北省
ZYK,Ziwei Yutong,AZSPACE,    116.3000 ,   39.9900 ,-,海淀区|北京市
ZZB,PLA GAD,General Armaments Dept. of the PLA,    116.3800 ,   39.9200 ,PLA,西城区|北京市
ZZQY,Zuizhong Qianyan,Final Frontier (Shandong) Aerospace Tech. Co. Ltd.,    121.4300 ,   37.4400 ,-,莱山区|山东省
ZZWYZ,CRESDA,China Resources Satellite Applications Center (CRESDA),    116.3800 ,   39.9200 ,GZB,西城区|北京市
