Org Code,Short Name,Long Name,Longitude,Latitude,Parent,GeoInfo,City,State,Country,Country Code
# Updated 2025 Nov 26 0419:47,,,,,,,,,,
EARTH,Earth,Earth,-,-,-,,,,,
LUNA,Luna,Moon,-,-,-,,,,,
SSYS,Solar System,Solar System natural celestial objects,-,-,-,,,,,
AAT,Aus. Antarctic,Australian Antarctic Territory,     77.9700 ,  -68.5800 ,AU,|||,,,,
ADG,Adygea,"Adygea, Republic of",     40.0800 ,   44.6000 ,RU,Майкоп|Адыгея|Россия|ru,Майкоп,Адыгея,Россия,ru
AF,Afghanistan,"Afghanistan, Islamic Republic of",     69.1700 ,   34.5300 ,-,کابل|ولایت كابل|افغانستان|af,کابل,ولایت كابل,افغانستان,af
AG,Antigua,Antigua and Barbuda,    -61.8500 ,   17.1200 ,-,St. John's|Antigua|Antigua and Barbuda|ag,St. John's,Antigua,Antigua and Barbuda,ag
AGUK,Antigua,Antigua and Barbuda,    -61.8500 ,   17.1200 ,UK,St. John's|Antigua|Antigua and Barbuda|ag,St. John's,Antigua,Antigua and Barbuda,ag
AM,Hayastan,Republic of Armenia,     44.5100 ,   40.1800 ,-,Երևան||Հայաստան|am,Երևան,,Հայաստան,am
ANDU,Andalucia,Regional Govt. of Andulusia,     -5.9900 ,   37.3900 ,E,Sevilla|Andalucía|España|es,Sevilla,Andalucía,España,es
ANTN,Ned. Antillen,Netherlands Antilles,    -68.9300 ,   12.1200 ,NL,Willemstad||Curaçao|nl,Willemstad,,Curaçao,nl
AO,Angola,Republic of Angola,     13.2300 ,   -8.8400 ,-,Luanda|Luanda|Angola|ao,Luanda,Luanda,Angola,ao
AQ,Antartica,Antarctica,    139.2700 ,  -89.9900 ,-,,,,,
AR,Argentina,Argentine Republic,    -58.3800 ,  -34.6000 ,-,Buenos Aires|Ciudad Autónoma de Buenos Aires|Argentina|ar,Buenos Aires,Ciudad Autónoma de Buenos Aires,Argentina,ar
ARV,Antardida Arg.,"Argentine Antarctic, Tierra Del Fuego Province",    -68.3000 ,  -54.8000 ,AR,Ushuaia|Tierra del Fuego|Argentina|ar,Ushuaia,Tierra del Fuego,Argentina,ar
AT,Osterreich,"Austria, Republic of",     16.3700 ,   48.2000 ,-,Wien||Österreich|at,Wien,,Österreich,at
AU,Australia,"Australia, Commonwealth of",    149.1200 ,   35.3100 ,-,,,,,
AZ,Azerbaycan,"Azerbaijan, Republic of",     49.8800 ,   40.4000 ,-,Bakı İnzibati Ərazisi||Azərbaycan|az,Bakı İnzibati Ərazisi,,Azərbaycan,az
B,Belgique,"Belgium, Kingdom of",      4.3500 ,   50.8500 ,-,Bruxelles - Brussel||België / Belgique / Belgien|be,Bruxelles - Brussel,,België / Belgique / Belgien,be
BASH,Bashkiria,"Bashkortostan, Republic of",     55.9500 ,   54.7300 ,RU,Уфа|Башкортостан|Россия|ru,Уфа,Башкортостан,Россия,ru
BAT,BAT,British Antarctic Territory,    -68.1300 ,  -67.5700 ,UK,|||,,,,
BB,Barbados,Barbados,    -59.6100 ,   13.1100 ,-,||Barbados|bb,,,Barbados,bb
BBUK,Barbados,Barbados,    -59.6100 ,   13.1100 ,UK,||Barbados|bb,,,Barbados,bb
BD,Bangladesh,"Bangladesh, People's Republic of",     90.4000 ,   23.7200 ,-,ঢাকা|ঢাকা বিভাগ|বাংলাদেশ|bd,ঢাকা,ঢাকা বিভাগ,বাংলাদেশ,bd
BG,Balgariya,"Bulgaria, Republic of",     23.3300 ,   42.7000 ,-,София|София-град|България|bg,София,София-град,България,bg
BGN,NR Balgariya,"Bulgaria, People's Republic of",     23.3300 ,   42.7000 ,-,София|София-град|България|bg,София,София-град,България,bg
BH,Bahrain,"Bahrain, Kingdom of",     50.5800 ,   26.2200 ,-,المنامة|محافظة العاصمة|البحرين|bh,المنامة,محافظة العاصمة,البحرين,bh
BM,UK/Bermuda,"Bermuda, UK Overseas Territory",    -64.7800 ,   32.9300 ,UK,,,,,
BO,Bolivia,"Bolivia, Plurinational State of",    -68.1500 ,  -16.5000 ,-,La Paz|La Paz|Bolivia|bo,La Paz,La Paz,Bolivia,bo
BR,Brasil,"Brazil, Federal Republic of",    -47.8800 ,  -15.7900 ,-,Brasília|Distrito Federal|Brasil|br,Brasília,Distrito Federal,Brasil,br
BS,Bahamas,"Bahamas, Commonwealth of",    -77.3500 ,   25.0600 ,-,Nassau||The Bahamas|bs,Nassau,,The Bahamas,bs
BT,Druk Yul,"Bhutan, Kingdom of",     89.6400 ,   27.4700 ,-,ཐིམ་ཕུག|ཐིམ་ཕུ་རྫོང་ཁག་|འབྲུག་ཡུལ།|bt,ཐིམ་ཕུག,ཐིམ་ཕུ་རྫོང་ཁག་,འབྲུག་ཡུལ།,bt
BVI,BVI,British Virgin Islands,    -64.6200 ,   18.4300 ,UK,Road Town||British Virgin Islands|vg,Road Town,,British Virgin Islands,vg
BW,Botswana,"Botswana, Republic of",     25.9000 ,  -24.6600 ,-,Gaborone||Botswana|bw,Gaborone,,Botswana,bw
BY,Belarus',"Belarus, Republic of",     27.5700 ,   53.9000 ,-,Мінск||Беларусь|by,Мінск,,Беларусь,by
CA,Canada,Canada,    -75.6800 ,   45.4200 ,-,Ottawa|Ontario|Canada|ca,Ottawa,Ontario,Canada,ca
CD,Congo,"Congo, Democratic Republic of",     15.3200 ,   -4.3300 ,-,Boyoma|Kinshasa|République démocratique du Congo|cd,Boyoma,Kinshasa,République démocratique du Congo,cd
CH,Suisse,Swiss Confederation,      7.4500 ,   46.9500 ,-,Bern|Bern/Berne|Schweiz/Suisse/Svizzera/Svizra|ch,Bern,Bern/Berne,Schweiz/Suisse/Svizzera/Svizra,ch
CI,Cote d'Ivoire,"Ivory Coast (Cote d'Ivoire), Republic of",     -5.2800 ,    6.8200 ,-,Yamoussoukro|Yamoussoukro|Côte d’Ivoire|ci,Yamoussoukro,Yamoussoukro,Côte d’Ivoire,ci
CK,Cook Islands,Cook Islands,   -159.7700 ,  -21.2000 ,-,Avarua|Rarotonga|Kūki ʻĀirani|ck,Avarua,Rarotonga,Kūki ʻĀirani,ck
CL,Chile,"Chile, Republic of",    -70.6800 ,  -33.4500 ,-,|Región Metropolitana de Santiago|Chile|cl,,Región Metropolitana de Santiago,Chile,cl
CM,Cameroun,"Cameroon, Republic of",     11.5100 ,    3.8700 ,-,Communauté urbaine de Yaoundé|Centre|Cameroun|cm,Communauté urbaine de Yaoundé,Centre,Cameroun,cm
CN,Zhongguo,"China, People's Republic of",    116.3800 ,   39.9200 ,-,西城区|北京市|中国|cn,西城区,北京市,中国,cn
CN-31,Shanghai,Shanghai Municipality,    121.4700 ,   31.2300 ,CN,上海市|上海市|中国|cn,上海市,上海市,中国,cn
CN-AH,Anhui,Anhui Province,    117.2300 ,   31.8200 ,CN,蜀山区|安徽省|中国|cn,蜀山区,安徽省,中国,cn
CN-GS,Gansu,Gansu Province,    103.8300 ,   36.0600 ,CN,兰州市|甘肃省|中国|cn,兰州市,甘肃省,中国,cn
CN-HA,Henan,Henan Province,    113.6800 ,   34.7600 ,CN,金水区|河南省|中国|cn,金水区,河南省,中国,cn
CN-HB,Hubei,Hubei Province,    114.3000 ,   30.5900 ,CN,江岸区|湖北省|中国|cn,江岸区,湖北省,中国,cn
CN-HE,Hebei,Hebei Province,    114.5304 ,   38.0377 ,CN,石家庄市|河北省|中国|cn,石家庄市,河北省,中国,cn
CN-HL,Heliongjiang,Heliongjiang Province,    126.6400 ,   45.7600 ,CN,哈尔滨市|黑龙江省|中国|cn,哈尔滨市,黑龙江省,中国,cn
CN-HN,Hunan,Hunan Province,    112.9400 ,   28.2300 ,CN,岳麓区|湖南省|中国|cn,岳麓区,湖南省,中国,cn
CN-JL,Jilin,Jilin Province,    125.3300 ,   43.9000 ,CN,宽城区|吉林省|中国|cn,宽城区,吉林省,中国,cn
CN-JS,Jiangsu,Jiangsu Province,    118.7600 ,   32.0600 ,CN,鼓楼区|江苏省|中国|cn,鼓楼区,江苏省,中国,cn
CN-JX,Jiangxi,Jiangxi Province,    115.8600 ,   28.6800 ,CN,南昌市|江西省|中国|cn,南昌市,江西省,中国,cn
CN-LN,Liaoning,Liaoning Province,    123.4300 ,   41.8000 ,CN,沈河区|辽宁省|中国|cn,沈河区,辽宁省,中国,cn
CN-NM,Nei Menggu,Inner Mongolia Autonomous Region,    111.7500 ,   40.8400 ,CN,赛罕区 ᠰᠠᠶᠢᠬᠠᠨ ᠲᠣᠭᠣᠷᠢᠭ|内蒙古自治区 ᠦᠪᠦᠷ ᠮᠣᠩᠭᠤᠯ ᠤᠨ ᠥᠪᠡᠷᠲᠡᠭᠡᠨ ᠵᠠᠰᠠᠬᠣ ᠣᠷᠣᠨ|中国|cn,赛罕区 ᠰᠠᠶᠢᠬᠠᠨ ᠲᠣᠭᠣᠷᠢᠭ,内蒙古自治区 ᠦᠪᠦᠷ ᠮᠣᠩᠭᠤᠯ ᠤᠨ ᠥᠪᠡᠷᠲᠡᠭᠡᠨ ᠵᠠᠰᠠᠬᠣ ᠣᠷᠣᠨ,中国,cn
CN-QH,Qinghai,Qinghai Province,    101.7800 ,   36.6200 ,CN,城中区|青海省|中国|cn,城中区,青海省,中国,cn
CN-SC,Sichuan,Sichuan Province,    104.0600 ,   30.6600 ,CN,成都市|四川省|中国|cn,成都市,四川省,中国,cn
CN-SD,Shandong,Shandong Province,    117.0200 ,   36.6700 ,CN,历下区|山东省|中国|cn,历下区,山东省,中国,cn
CN-SX,Shanxi,Shanxi Province,    112.5500 ,   37.8700 ,CN,太原市|山西省|中国|cn,太原市,山西省,中国,cn
CN-TJ,Tianjin,Tianjin Municipality,    117.2100 ,   39.1300 ,CN,河东区|天津市|中国|cn,河东区,天津市,中国,cn
CN-YN,Yunnan,Yunnan Province,    102.7100 ,   25.0500 ,CN,昆明市|云南省|中国|cn,昆明市,云南省,中国,cn
CO,Colombia,"Colombia, Republic of",    -74.0700 ,    4.7100 ,-,Bogotá||Colombia|co,Bogotá,,Colombia,co
COLP,Congo,"Congo (Leopoldville), Republic of",     15.3200 ,   -4.3300 ,-,Boyoma|Kinshasa|République démocratique du Congo|cd,Boyoma,Kinshasa,République démocratique du Congo,cd
CR,Costa Rica,Republic of Costa Rica,    -84.0800 ,    9.9300 ,-,Área Metropolitana de San José||Costa Rica|cr,Área Metropolitana de San José,,Costa Rica,cr
CSFR,CSFR,Czech and Slovak Federal Republic,     14.4200 ,   50.0800 ,-,Hlavní město Praha|Praha|Česko|cz,Hlavní město Praha,Praha,Česko,cz
CSSR,Ceskoslovensko,Czechoslovak Socialist Republic,     14.4200 ,   50.0800 ,-,Hlavní město Praha|Praha|Česko|cz,Hlavní město Praha,Praha,Česko,cz
CU,Cuba,Republic of Cuba,    -82.3800 ,   23.1300 ,-,|La Habana|Cuba|cu,,La Habana,Cuba,cu
CYM,Cayman Islands,Cayman Islands BOT,    -81.3900 ,   19.3000 ,UK,George Town||Cayman Islands|ky,George Town,,Cayman Islands,ky
CYMRU,Cymru,-,     -3.1800 ,   51.4800 ,UK,Cardiff|Cymru / Wales|United Kingdom|gb,Cardiff,Cymru / Wales,United Kingdom,gb
CZ,Ceska Rep.,Czech Republic,     14.4200 ,   50.0800 ,-,Hlavní město Praha|Praha|Česko|cz,Hlavní město Praha,Praha,Česko,cz
D,BRD,"Germany, Federal Republic of",      7.1000 ,   50.7300 ,-,Bonn|Nordrhein-Westfalen|Deutschland|de,Bonn,Nordrhein-Westfalen,Deutschland,de
DAG,Dagestan,"Dagestan, Republic of",     47.4800 ,   42.9700 ,RU,Махачкала|Дагестан|Россия|ru,Махачкала,Дагестан,Россия,ru
DD,DDR,German Democratic Republic,     13.3900 ,   52.5200 ,-,Berlin||Deutschland|de,Berlin,,Deutschland,de
DJ,Djibouti,Republic of Djibouti,     43.1500 ,   11.5900 ,-,Djibouti جيبوتي||Djibouti جيبوتي|dj,Djibouti جيبوتي,,Djibouti جيبوتي,dj
DK,Danmark,"Denmark, Kingdom of",     12.5700 ,   55.6800 ,-,København|Region Hovedstaden|Danmark|dk,København,Region Hovedstaden,Danmark,dk
DML,Dronning Maud,"Queen Maud Land, Norwegian Antarctic Territory",      2.5400 ,  -72.0100 ,-,|||,,,,
DR,Deutsches Reich,German Reich,     13.3900 ,   52.5200 ,-,Berlin||Deutschland|de,Berlin,,Deutschland,de
DX,Deutschland,Occupied Germany,     13.3900 ,   52.5200 ,-,Berlin||Deutschland|de,Berlin,,Deutschland,de
DZ,Al Jazair,"Algeria (al Jaza'ir), People's Democratic Republic of",      3.0600 ,   36.7500 ,-,Belouizdad ⴱⴻⵍⵡⴻⵣⴷⴰⴷ بلوزداد|Alger|Algérie ⵍⵣⵣⴰⵢⴻⵔ الجزائر|dz,Belouizdad ⴱⴻⵍⵡⴻⵣⴷⴰⴷ بلوزداد,Alger,Algérie ⵍⵣⵣⴰⵢⴻⵔ الجزائر,dz
E,Espana,Spain (Kingdom of),     -3.7200 ,   40.3800 ,-,Madrid|Comunidad de Madrid|España|es,Madrid,Comunidad de Madrid,España,es
EC,Ecuador,Republic of Ecuador,    -78.5200 ,   -0.2300 ,-,Quito||Ecuador|ec,Quito,,Ecuador,ec
EE,Eesti,Republic of Estonia,     24.7500 ,   59.4400 ,-,Tallinn||Eesti|ee,Tallinn,,Eesti,ee
EG,Misr,"Egypt (Misr), Arab Republic of",     31.2300 ,   30.0300 ,-,القاهرة|القاهرة|مصر|eg,القاهرة,القاهرة,مصر,eg
ENG,England,England,     -0.1300 ,   51.5000 ,UK,City of Westminster|England|United Kingdom|gb,City of Westminster,England,United Kingdom,gb
ESCN,Canarias,"Canary Islands, Autonomous Community of the",    -16.2500 ,   28.4700 ,E,Santa Cruz de Tenerife||España|es,Santa Cruz de Tenerife,,España,es
ET,Ethiopia,Federal Democratic Republic of Ethiopia,     38.7500 ,    9.0200 ,-,|አዲስ አበባ أديس أبابا|ኢትዮጵያ إثيوبيا|et,,አዲስ አበባ أديس أبابا,ኢትዮጵያ إثيوبيا,et
F,France,French Republic,      2.3000 ,   48.8600 ,-,Paris|Île-de-France|France|fr,Paris,Île-de-France,France,fr
FI,Suomi,Republic of Finland,     24.9400 ,   60.1700 ,-,Helsinki|Uusimaa|Suomi / Finland|fi,Helsinki,Uusimaa,Suomi / Finland,fi
GE,Sakartvelo,Republic of Georgia,     44.7800 ,   41.7200 ,-,თბილისი||საქართველო|ge,თბილისი,,საქართველო,ge
GH,Ghana,Republic of Ghana,     -0.2000 ,    5.5500 ,-,Accra|Greater Accra Region|Ghana|gh,Accra,Greater Accra Region,Ghana,gh
GI,Gibraltar,"Gibraltar, British Overseas Terr. of",     -5.3500 ,   36.1300 ,-,Gibraltar||Gibraltar|gi,Gibraltar,,Gibraltar,gi
GL,Kalaallit Nunaat,Greenland,    -51.7400 ,   64.1800 ,-,Nuuk||Kalaallit Nunaat|gl,Nuuk,,Kalaallit Nunaat,gl
GR,Ellas,Hellenic Republic,     23.7300 ,   37.9800 ,-,Αθήνα|Αποκεντρωμένη Διοίκηση Αττικής|Ελλάς|gr,Αθήνα,Αποκεντρωμένη Διοίκηση Αττικής,Ελλάς,gr
GRD,Grenada,Grenada,    -61.7500 ,   12.0500 ,-,St. George's||Grenada|gd,St. George's,,Grenada,gd
GT,Guatemala,Republic of Guatemala,    -90.5353 ,   14.6133 ,-,Ciudad de Guatemala|Departamento de Guatemala|Guatemala|gt,Ciudad de Guatemala,Departamento de Guatemala,Guatemala,gt
GU,Guahan,Guam Territory,    144.7500 ,   13.4800 ,US,Hagåtña Municipality|Guam|United States of America|us,Hagåtña Municipality,Guam,United States of America,us
GUF,Guyane,"French Guiana, Department",    -52.3300 ,    4.9400 ,F,Cayenne|Guyane|France|fr,Cayenne,Guyane,France,fr
HK,Zhongguo/XG,"Hong Kong Special Administrative Region, China",    114.2000 ,   22.3000 ,CN,香港島 Hong Kong Island|香港 Hong Kong|中国|cn,香港島 Hong Kong Island,香港 Hong Kong,中国,cn
HKUK,Xianggang,Hong Kong Colony,    114.2000 ,   22.3000 ,UK,香港島 Hong Kong Island|香港 Hong Kong|中国|cn,香港島 Hong Kong Island,香港 Hong Kong,中国,cn
HR,Hrvatska,Republic of Croatia,     15.9800 ,   45.8100 ,-,Grad Zagreb||Hrvatska|hr,Grad Zagreb,,Hrvatska,hr
HU,Magyarorzag,Republic of Hungary,     19.0500 ,   47.4900 ,-,Budapest||Magyarország|hu,Budapest,,Magyarország,hu
I,Italia,Italian Republic,     12.4900 ,   41.8900 ,-,Roma|Lazio|Italia|it,Roma,Lazio,Italia,it
I-ARAB,Arabsat,Arabsat,     46.7200 ,   24.6300 ,-,الرياض|منطقة الرياض|السعودية|sa,الرياض,منطقة الرياض,السعودية,sa
I-CSC,COSPAS-SARSAT,COSPAS-SARSAT Council,    -73.5600 ,   45.5100 ,-,Montréal|Québec|Canada|ca,Montréal,Québec,Canada,ca
I-CSC1,COSPAS-SARSAT (I),COSPAS-SARSAT,    -73.5600 ,   45.5100 ,-,Montréal|Québec|Canada|ca,Montréal,Québec,Canada,ca
I-ELDO,ELDO,European Launcher Development Organization,      2.3000 ,   48.8600 ,-,Paris|Île-de-France|France|fr,Paris,Île-de-France,France,fr
I-ESA,ESA,European Space Agency,      2.3000 ,   48.8600 ,-,Paris|Île-de-France|France|fr,Paris,Île-de-France,France,fr
I-ESRO,ESRO,European Space Research Organization,      2.3000 ,   48.8600 ,-,Paris|Île-de-France|France|fr,Paris,Île-de-France,France,fr
I-EUM,EUMETSAT,European Meteorological Satellite Organization,      8.6500 ,   49.8700 ,-,Darmstadt|Hessen|Deutschland|de,Darmstadt,Hessen,Deutschland,de
I-EU,EU,European Union,      4.3500 ,   50.8500 ,-,Bruxelles - Brussel||België / Belgique / Belgien|be,Bruxelles - Brussel,,België / Belgique / Belgien,be
I-EUT,EUTELSAT,European Telecommunications Satellite Organization,      2.3000 ,   48.8600 ,-,Paris|Île-de-France|France|fr,Paris,Île-de-France,France,fr
I-INM,INMARSAT,International Maritime Satellite Organization,     -0.1000 ,   51.5400 ,-,Greater London|England|United Kingdom|gb,Greater London,England,United Kingdom,gb
I-INT,INTELSAT,International Telecommunications Satellite Organization,    -77.0600 ,   38.9000 ,-,Washington|District of Columbia|United States of America|us,Washington,District of Columbia,United States of America,us
I-ISS,ISS,International Space Station,    -77.0600 ,   38.9000 ,-,Washington|District of Columbia|United States of America|us,Washington,District of Columbia,United States of America,us
I-NATO,NATO,North Atlantic Treaty Organization,      4.3500 ,   50.8500 ,-,Bruxelles - Brussel||België / Belgique / Belgien|be,Bruxelles - Brussel,,België / Belgique / Belgien,be
I-RASC,RASCOM,Regional African Satellite Comms. Organization,     -4.0300 ,    5.3200 ,-,Abidjan|Abidjan|Côte d’Ivoire|ci,Abidjan,Abidjan,Côte d’Ivoire,ci
ID,Indonesia,"Indonesia, Republic of",    106.8200 ,   -6.2000 ,-,Jakarta Pusat||Indonesia|id,Jakarta Pusat,,Indonesia,id
IE,Eire,"Ireland, Republic of",     -6.2700 ,   53.3500 ,-,Dublin||Éire / Ireland|ie,Dublin,,Éire / Ireland,ie
IL,Yisra'el,"Israel, State of",     34.7800 ,   32.0700 ,-,תל־אביב–יפו|מחוז תל אביב|ישראל|il,תל־אביב–יפו,מחוז תל אביב,ישראל,il
IN,India,"India, Republic of",     77.2100 ,   28.6100 ,-,New Delhi||India|in,New Delhi,,India,in
IN-AP,Andhra Pradesh,Andhra Pradesh,     80.5200 ,   16.5400 ,IN,Amaravati|Andhra Pradesh|India|in,Amaravati,Andhra Pradesh,India,in
IN-GJ,Gujarat,Gujarat,     72.6500 ,   23.2200 ,IN,Gandhinagar|Gujarat|India|in,Gandhinagar,Gujarat,India,in
IN-HR,Haryana,Haryana,     76.7800 ,   30.7500 ,IN,Chandigarh|Chandigarh|India|in,Chandigarh,Chandigarh,India,in
IN-KA,Karnataka,Karnataka,     77.5900 ,   12.9800 ,IN,Bengaluru|Karnataka|India|in,Bengaluru,Karnataka,India,in
IN-KL,Kerala,Kerala,     76.9500 ,    8.4900 ,IN,Thiruvananthapuram|Kerala|India|in,Thiruvananthapuram,Kerala,India,in
IN-PB,Punjab,Punjab,     76.7800 ,   30.7500 ,IN,Chandigarh|Chandigarh|India|in,Chandigarh,Chandigarh,India,in
IN-TN,Tamil Nadu,Tamil Nadu,     80.2800 ,   13.0800 ,IN,Chennai Corporation|Tamil Nadu|India|in,Chennai Corporation,Tamil Nadu,India,in
IN-UP,Uttar Pradesh,Uttar Pradesh,     80.9500 ,   26.8500 ,IN,Lucknow|Uttar Pradesh|India|in,Lucknow,Uttar Pradesh,India,in
IQ,Al Iraq,"Iraq, Republic of",     44.4300 ,   33.3300 ,-,بغداد|محافظة بغداد|العراق|iq,بغداد,محافظة بغداد,العراق,iq
IR,Iran,"Iran, Islamic Republic of",     51.3900 ,   35.6900 ,-,شهر تهران|استان تهران|ایران|ir,شهر تهران,استان تهران,ایران,ir
IS,Island,Iceland,    -21.9300 ,   64.1300 ,-,Reykjavíkurborg||Ísland|is,Reykjavíkurborg,,Ísland,is
J,Nippon,"Japan (Nippon), State of",    139.6800 ,   35.6800 ,-,渋谷区||日本|jp,渋谷区,,日本,jp
JO,Jordan,"Jordan, Hashemite Kingdom of",     35.9300 ,   31.9500 ,-,عمان|عمان|الأردن|jo,عمان,عمان,الأردن,jo
KE,Kenya,"Kenya, Republic of",     36.8200 ,   -1.2800 ,-,Nairobi|Nairobi|Kenya|ke,Nairobi,Nairobi,Kenya,ke
KI,Kiribati,"Kiribati, Republic of (Gilbert Islands)",    173.0000 ,    1.4300 ,-,Tarawa Te Inaieta|Gilbert Islands|Kiribati|ki,Tarawa Te Inaieta,Gilbert Islands,Kiribati,ki
KG,Kyrgyzstan,Kyrgyz Republic,     74.6100 ,   42.8700 ,-,Бишкек шаары||Кыргызстан|kg,Бишкек шаары,,Кыргызстан,kg
KGSR,Kyrgyz SSR,Kirghiz Soviet Socialist Republic,     74.6100 ,   42.8700 ,-,Бишкек шаары||Кыргызстан|kg,Бишкек шаары,,Кыргызстан,kg
KH,Kampuchea,Kingdom of Cambodia,    104.9200 ,   11.5500 ,-,ខណ្ឌបឹងកេងកង|រាជធានីភ្នំពេញ|ព្រះរាជាណាចក្រ​កម្ពុជា|kh,ខណ្ឌបឹងកេងកង,រាជធានីភ្នំពេញ,ព្រះរាជាណាចក្រ​កម្ពុជា,kh
KN,Saint Kitts,"St Kitts and Nevis, Federation of",    -62.7300 ,   17.3000 ,-,Brumaire||Saint Kitts and Nevis|kn,Brumaire,,Saint Kitts and Nevis,kn
KORS,Korsou,Netherlands Antilles,    -68.9300 ,   12.1200 ,NL,Willemstad||Curaçao|nl,Willemstad,,Curaçao,nl
KORSA,Curacao,Netherlands Antilles,    -68.9300 ,   12.1200 ,ANTN,Willemstad||Curaçao|nl,Willemstad,,Curaçao,nl
KP,Choson,"Korea (Choson), Democratic People's Republic of",    125.7400 ,   39.0200 ,-,평양시||조선민주주의인민공화국|kp,평양시,,조선민주주의인민공화국,kp
KR,Hanguk,Great Han People's Nation,    126.9700 ,   37.5700 ,-,서울특별시||대한민국|kr,서울특별시,,대한민국,kr
KW,Kuwayt,State of Kuwait,     47.9800 ,   29.3700 ,-,المرقاب|محافظة العاصمة|الكويت|kw,المرقاب,محافظة العاصمة,الكويت,kw
KZ,Qazaqstan,"Kazakhstan, Republic of",     71.4300 ,   51.1700 ,-,Астана|Астана|Қазақстан|kz,Астана,Астана,Қазақстан,kz
L,Luxembourg,"Luxembourg, Grand Duchy of",      6.1300 ,   49.6100 ,-,Luxembourg||Lëtzebuerg|lu,Luxembourg,,Lëtzebuerg,lu
LA,Pathet Lao,Lao People's Democratic Republic,    102.6000 ,   17.9700 ,-,ວຽງຈັນ|ນະຄອນຫຼວງວຽງຈັນ|ປະເທດລາວ|la,ວຽງຈັນ,ນະຄອນຫຼວງວຽງຈັນ,ປະເທດລາວ,la
LB,Liban,"Lebanon, Republic of",     35.5100 ,   33.8900 ,-,اليسوعية|محافظة بيروت|لبنان|lb,اليسوعية,محافظة بيروت,لبنان,lb
LK,SriLanka,"Sri Lanka, Democratic Socialist Republic of",    -79.8400 ,    6.9300 ,-,,,,,
LT,Lietuva,"Lithuania, Republic of",     25.2800 ,   54.6800 ,-,Vilnius|Vilniaus apskritis|Lietuva|lt,Vilnius,Vilniaus apskritis,Lietuva,lt
LV,Latvija,"Latvia, Republic of",     24.1100 ,   56.9400 ,-,Rīga||Latvija|lv,Rīga,,Latvija,lv
LY,Al Libiyyah,"Libya, Great Socialist People's Arab Republic of",     13.1900 ,   32.8900 ,-,طرابلس|طرابلس|ليبيا|ly,طرابلس,طرابلس,ليبيا,ly
MA,Al Maghrib,"Morocco (al Maghrib), Kingdom of",     -6.8400 ,   34.0200 ,-,Rabat ⵔⴱⴰⵟ الرباط||Maroc ⵍⵎⵖⵔⵉⴱ المغرب|ma,Rabat ⵔⴱⴰⵟ الرباط,,Maroc ⵍⵎⵖⵔⵉⴱ المغرب,ma
MC,Monaco,"Monaco, Principality of",      7.4200 ,   43.7300 ,-,Monaco||Monaco|mc,Monaco,,Monaco,mc
MD,Moldova,"Moldova, Republic of",     28.8400 ,   47.0200 ,-,Chișinău||Moldova|md,Chișinău,,Moldova,md
MH,Marshall Is.,"Marshall Islands, Republic of",    171.3800 ,    7.0800 ,-,Mājro|Ratak|Ṃajeḷ|mh,Mājro,Ratak,Ṃajeḷ,mh
MN,Mongol,Mongolia,    106.9200 ,   47.9200 ,-,Улан-Батор||Монгол улс ᠮᠤᠩᠭᠤᠯ ᠤᠯᠤᠰ|mn,Улан-Батор,,Монгол улс ᠮᠤᠩᠭᠤᠯ ᠤᠯᠤᠰ,mn
MOCN,Macao,Macao Special Administrative Region,    113.5500 ,   22.1700 ,CN,澳門 Macau|澳門 Macau|中国|cn,澳門 Macau,澳門 Macau,中国,cn
MR,Al Muritaniyyah,"Mauritania, Islamic Republic of",    -15.9500 ,   18.1000 ,-,Nouakchott نواكشوط|Nouakchott Nord نواكشوط الشمالية|Mauritanie موريتانيا|mr,Nouakchott نواكشوط,Nouakchott Nord نواكشوط الشمالية,Mauritanie موريتانيا,mr
MT,Malta,"Malta, Republic of",     14.5200 ,   35.9000 ,-,Il-Belt Valletta||Malta|mt,Il-Belt Valletta,,Malta,mt
MU,Maurice,"Mauritius, Republic of",     57.5000 ,  -20.1600 ,-,Port Louis|Port Louis|Mauritius / Maurice|mu,Port Louis,Port Louis,Mauritius / Maurice,mu
MV,Divehi,"Maldives, Republic of",     73.5100 ,    4.1800 ,-,މާލެ||ދިވެހިރާއްޖެ|mv,މާލެ,,ދިވެހިރާއްޖެ,mv
MX,Mexico,United Mexican States,    -99.1300 ,   19.4300 ,-,Ciudad de México|Ciudad de México|México|mx,Ciudad de México,Ciudad de México,México,mx
MY,Malaysia,Malaysia,    101.6800 ,    3.1300 ,-,Sentral|Kuala Lumpur|Malaysia|my,Sentral,Kuala Lumpur,Malaysia,my
MYM,Myanmar,Republic of the Union of Myanmar,     96.1200 ,   19.7500 ,-,ဇေယျာသီရိခရိုင်|နေပြည်တော် ပြည်ထောင်စုနယ်မြ|မြန်မာ|mm,ဇေယျာသီရိခရိုင်,နေပြည်တော် ပြည်ထောင်စုနယ်မြ,မြန်မာ,mm
N,Norge,"Norway, Kingdom of",     10.7300 ,   59.9200 ,-,Oslo||Norge|no,Oslo,,Norge,no
NG,Nigeria,"Nigeria, Federal Republic of",      7.4800 ,    9.0700 ,-,Abuja|Federal Capital Territory|Nigeria|ng,Abuja,Federal Capital Territory,Nigeria,ng
NI,Northern Ireland,Northern Ireland,     -5.9300 ,   54.6000 ,UK,Belfast|Northern Ireland / Tuaisceart Éireann|United Kingdom|gb,Belfast,Northern Ireland / Tuaisceart Éireann,United Kingdom,gb
NL,Nederland,"Netherlands, Kingdom of",      4.9000 ,   52.3700 ,-,Amsterdam|Noord-Holland|Nederland|nl,Amsterdam,Noord-Holland,Nederland,nl
NP,Nepal,"Nepal, Federal Democratic Republic Of",     85.3100 ,   27.7000 ,-,काठमाडौँ महानगरपालिका|बागमती प्रदेश|नेपाल|np,काठमाडौँ महानगरपालिका,बागमती प्रदेश,नेपाल,np
NZ,New Zealand,"New Zealand, Realm of",    174.7800 ,  -41.2900 ,-,|Wellington|Aotearoa / New Zealand|nz,,Wellington,Aotearoa / New Zealand,nz
NZRD,Ross Dependency,"Ross Dependency, New Zealand Antarctic Terr.",    166.7700 ,  -77.8500 ,NZ,McMurdo Station|||,McMurdo Station,,,
OM,Oman,Sultanate of Oman,     58.4000 ,   23.5900 ,-,ولاية بوشر|محافظة مسقط|عمان|om,ولاية بوشر,محافظة مسقط,عمان,om
P,Portugal,Portuguese Republic,     -9.1400 ,   38.7100 ,-,Lisboa||Portugal|pt,Lisboa,,Portugal,pt
PAR,Panama,Republic of Panama,    -79.5200 ,    8.9800 ,-,Bella Vista|Provincia de Panamá|Panamá|pa,Bella Vista,Provincia de Panamá,Panamá,pa
PCZ,Panama Canal Zone,Panama Canal Zone,    -79.5700 ,    8.9500 ,US,Arraiján|Panamá Oeste|Panamá|pa,Arraiján,Panamá Oeste,Panamá,pa
PE,Peru,"Peru, Republic of",    -77.0300 ,  -12.0400 ,-,Lima|Lima|Perú|pe,Lima,Lima,Perú,pe
PG,Papua Niugini,Independent State of Papua New Guinea,    147.1500 ,   -9.4800 ,-,Port Moresby|National Capital District|Papua Niugini|pg,Port Moresby,National Capital District,Papua Niugini,pg
PK,Pakistan,"Pakistan, Islamic Republic of",     73.0700 ,   33.7200 ,-,بلیو ایریا|وفاقی دارالحکومت اسلام آباد|پاکستان|pk,بلیو ایریا,وفاقی دارالحکومت اسلام آباد,پاکستان,pk
PH,Pilipinas,"Philippines, Republic of the",    121.0000 ,   14.5800 ,-,Manila||Philippines|ph,Manila,,Philippines,ph
PL,Polska,"Poland, Republic of",     21.0200 ,   52.2300 ,-,Warszawa|województwo mazowieckie|Polska|pl,Warszawa,województwo mazowieckie,Polska,pl
PLRL,Polska-RL,"Poland, People's Republic of",     21.0200 ,   52.2300 ,-,Warszawa|województwo mazowieckie|Polska|pl,Warszawa,województwo mazowieckie,Polska,pl
PR,Puerto Rico,"Puerto Rico, Commonwealth of",    -66.0600 ,   18.4000 ,US,San Juan|Puerto Rico|United States of America|us,San Juan,Puerto Rico,United States of America,us
PW,Palau,Republic of Palau,    134.6200 ,    7.5000 ,-,Ngerulmud|Melekeok|Belau|pw,Ngerulmud,Melekeok,Belau,pw
PY,Paraguay,Republic of Paraguay,    -57.6700 ,  -25.2700 ,-,Nueva Asunción|Presidente Hayes|Paraguay / Paraguái|py,Nueva Asunción,Presidente Hayes,Paraguay / Paraguái,py
QA,Qatar,"Qatar, State of",     51.5300 ,   25.2900 ,-,الدوحة||قطر|qa,الدوحة,,قطر,qa
RO,Romania,Romania,     26.1000 ,   44.4300 ,-,București||România|ro,București,,România,ro
RU,Rossiya,Russian Federation,     37.6200 ,   55.7500 ,-,Москва|Москва|Россия|ru,Москва,Москва,Россия,ru
RW,Rwanda,"Rwanda, Republic of",     30.0600 ,   -1.9400 ,-,Kigali|Umujyi wa Kigali|Rwanda|rw,Kigali,Umujyi wa Kigali,Rwanda,rw
S,Sverige,"Sweden, Kingdom of",     18.0700 ,   59.3300 ,-,Stockholm||Sverige|se,Stockholm,,Sverige,se
SA,Al Arabiyah,"Saudi Arabia, Kingdom of",     46.7200 ,   24.6300 ,-,الرياض|منطقة الرياض|السعودية|sa,الرياض,منطقة الرياض,السعودية,sa
SB,Solomon Is.,Solomon Islands,    159.9600 ,   -9.4300 ,-,Honiara||Solomon Islands|sb,Honiara,,Solomon Islands,sb
SCOT,Scotland,Scotland,     -3.1900 ,   55.9500 ,UK,City of Edinburgh|Alba / Scotland|United Kingdom|gb,City of Edinburgh,Alba / Scotland,United Kingdom,gb
SD,Sudan,"Sudan, Republic of the",     15.6300 ,   32.5300 ,-,|محافظة بني وليد|ليبيا|ly,,محافظة بني وليد,ليبيا,ly
SG,Singapore,"Singapore, Republic of",    103.8000 ,    1.3000 ,-,Singapore||Singapore|sg,Singapore,,Singapore,sg
SH,St Helena,St Helena British Overseas Territory,     -5.7200 ,  -15.9500 ,-,"Cleughs Plain|Saint Helena|Saint Helena, Ascension and Tristan da Cunha|sh",Cleughs Plain,Saint Helena,"Saint Helena, Ascension and Tristan da Cunha",sh
SI,Slovenija,"Slovenia, Republic of",     14.5000 ,   46.0500 ,-,Ljubljana||Slovenija|si,Ljubljana,,Slovenija,si
SK,Slovakia,Slovak Republic,     17.1100 ,   48.1400 ,-,Bratislava|Bratislavský kraj|Slovensko|sk,Bratislava,Bratislavský kraj,Slovensko,sk
SN,Senegal,Republic of Senegal,    -17.4200 ,   14.6700 ,-,Dakar|Région de Dakar|Sénégal|sn,Dakar,Région de Dakar,Sénégal,sn
SR,Suriname,"Surinam, Republic of",    -55.2000 ,    5.8500 ,-,Weg naar Zee|Paramaribo|Suriname|sr,Weg naar Zee,Paramaribo,Suriname,sr
SU,SSSR,Union of Soviet Socialist Republics,     37.6200 ,   55.7500 ,-,Москва|Москва|Россия|ru,Москва,Москва,Россия,ru
SY,Suriya,Syrian Arab Republic,     36.2900 ,   33.5100 ,-,بلدية القنوات|محافظة دمشق|سوريا|sy,بلدية القنوات,محافظة دمشق,سوريا,sy
T,Prathet Thai,Thai Kingdom,    100.4900 ,   13.7500 ,-,กรุงเทพมหานคร||ประเทศไทย|th,กรุงเทพมหานคร,,ประเทศไทย,th
TC,Turks and Caicos,Turks and Caicos Islands,    -71.1400 ,   21.4600 ,UK,Cockburn Town||Turks and Caicos Islands|tc,Cockburn Town,,Turks and Caicos Islands,tc
TF,TAAF,French Southern and Antarctic Lands,     70.2200 ,  -49.3500 ,F,Port-aux-Français|Terres australes et antarctiques françaises|France|fr,Port-aux-Français,Terres australes et antarctiques françaises,France,fr
TJ,Tajikistan,"Tajikistan, Republic of",     68.7800 ,   38.5400 ,-,Душанбе||Тоҷикистон|tj,Душанбе,,Тоҷикистон,tj
TM,Turkmenistan,Turkmenistan,     58.3700 ,   37.9300 ,-,Aşgabat||Türkmenistan|tm,Aşgabat,,Türkmenistan,tm
TN,Tunisiyah,Republic of Tunisia,     10.1800 ,   36.8100 ,-,تونس|ولاية تونس|تونس|tn,تونس,ولاية تونس,تونس,tn
TO,Tonga,"Tonga, Kingdom of",   -175.2000 ,  -21.1300 ,-,Hōfoa|Tongatapu|Tonga|to,Hōfoa,Tongatapu,Tonga,to
TR,Turkiye,"Turkey, Republic of",     32.8700 ,   39.9300 ,-,Ankara|Ankara|Türkiye|tr,Ankara,Ankara,Türkiye,tr
TTPI,TTPI,"Pacific Islands, Trust Territory of",    145.7500 ,   15.1800 ,US,|Northern Mariana Islands|United States of America|us,,Northern Mariana Islands,United States of America,us
TUVA,Tyva,Tuva Republic,     94.4500 ,   51.7200 ,RU,Кызыл|Республика Тыва|Россия|ru,Кызыл,Республика Тыва,Россия,ru
TW,Taiwan,"China, Republic of (Taiwan)",    121.5200 ,   25.0700 ,-,臺北市||臺灣|tw,臺北市,,臺灣,tw
UA,Ukraina,Ukraine,     30.5200 ,   50.4500 ,-,Київ||Україна|ua,Київ,,Україна,ua
UAE,Al Imarat,United Arab Emirates,     54.3700 ,   24.4700 ,-,أبو ظبي|أبو ظبي|الإمارات العربية المتحدة|ae,أبو ظبي,أبو ظبي,الإمارات العربية المتحدة,ae
UAE AD,Abu Dhabi,Emirate of Abu Dhabi,     54.3700 ,   24.4700 ,UAE,أبو ظبي|أبو ظبي|الإمارات العربية المتحدة|ae,أبو ظبي,أبو ظبي,الإمارات العربية المتحدة,ae
UAE DB,Dubai,Emirate of Dubai,     55.3000 ,   25.2600 ,UAE,ديرة|دبي|الإمارات العربية المتحدة|ae,ديرة,دبي,الإمارات العربية المتحدة,ae
UAE SH,Sharjah,Emirate of Sharjah,     55.3900 ,   25.3600 ,UAE,مدينة الشارقة|الشارقة|الإمارات العربية المتحدة|ae,مدينة الشارقة,الشارقة,الإمارات العربية المتحدة,ae
UG,Uganda,Republic of Uganda,     32.5800 ,    0.3100 ,-,Kampala Capital City|Central Region|Uganda|ug,Kampala Capital City,Central Region,Uganda,ug
UK,UK,United Kingdom of Great Britain and Northern Ireland,     -0.1300 ,   51.5000 ,-,City of Westminster|England|United Kingdom|gb,City of Westminster,England,United Kingdom,gb
UM67,Johnston Atoll,"US Minor Outlying Islands, Johnston Atoll",   -169.5200 ,   16.7400 ,US,||United States of America|us,,,United States of America,us
UM79,Wake Island,"US Minor Outlying Islands, Wake I",    166.6300 ,   19.3000 ,US,||United States of America|us,,,United States of America,us
US,USA,United States of America,    -77.0200 ,   38.9000 ,-,Washington|District of Columbia|United States of America|us,Washington,District of Columbia,United States of America,us
UY,Uruguay,Eastern Republic of Uruguay,    -56.1800 ,  -34.8800 ,-,Montevideo|Montevideo|Uruguay|uy,Montevideo,Montevideo,Uruguay,uy
UZ,Uzbekistan,"Uzbekistan, Republic of",     69.2700 ,   41.3000 ,-,Toshkent shahri||Oʻzbekiston|uz,Toshkent shahri,,Oʻzbekiston,uz
VA,Vatican,Vatican City State,     12.4500 ,   41.9000 ,-,Roma|Lazio|Italia|it,Roma,Lazio,Italia,it
VE,Venezuela,"Venezuela, Bolivarian Republic of",    -66.9000 ,   10.4800 ,-,Caracas|Distrito Capital|Venezuela|ve,Caracas,Distrito Capital,Venezuela,ve
VN,Vietnam,"Vietnam, Socialist Republic of",    105.8500 ,   21.0300 ,-,Thành phố Hà Nội||Việt Nam|vn,Thành phố Hà Nội,,Việt Nam,vn
YE,al-Yamaniyyah,"Yemen, Republic of",     44.2100 ,   15.3500 ,-,مدينة صنعاء|أمانة العاصمة|اليمن|ye,مدينة صنعاء,أمانة العاصمة,اليمن,ye
ZA,South Africa,"South Africa, Republic of",     28.1900 ,  -25.7500 ,-,Pretoria|Gauteng|South Africa|za,Pretoria,Gauteng,South Africa,za
ZR,Zaire,"Zaire, Republic of",     15.3200 ,   -4.3300 ,-,Boyoma|Kinshasa|République démocratique du Congo|cd,Boyoma,Kinshasa,République démocratique du Congo,cd
ZW,Zimbabwe,"Zimbabwe, Republic of",     31.0500 ,  -17.8300 ,-,Harare|Harare Province|Zimbabwe|zw,Harare,Harare Province,Zimbabwe,zw
X,UNKNOWN,-,      0.0200 ,    0.0000 ,-,,,,,
UNK,UNK             -,-,      0.0200 ,    0.0000 ,-,,,,,
1GMR,1GMR,-,   -106.3800 ,   32.4000 ,USA,|New Mexico|United States of America|us,,New Mexico,United States of America,us
1GMS,1GMS 6540MTW,-,    -80.6100 ,   28.2400 ,USAF,|Florida|United States of America|us,,Florida,United States of America,us
1PBS,1PBS 6555GMG,-,    -80.6100 ,   28.2400 ,USAF,|Florida|United States of America|us,,Florida,United States of America,us
69PBS,69PBS 6555GMG,-,    -80.6100 ,   28.2400 ,USAF,|Florida|United States of America|us,,Florida,United States of America,us
1STRAD,SAC 1STRAD,-,   -120.6100 ,   34.7500 ,USAF,|California|United States of America|us,,California,United States of America,us
10ADS,ADCOM 10ADS,-,   -120.6100 ,   34.7500 ,AFADC,|California|United States of America|us,,California,United States of America,us
11TMS,11TMS,-,    -80.6100 ,   28.2400 ,USAF,|Florida|United States of America|us,,Florida,United States of America,us
209FA,USA 209th FA,-,    -98.3900 ,   34.6700 ,USA,Lawton|Oklahoma|United States of America|us,Lawton,Oklahoma,United States of America,us
21AT,21AT,Twenty-First Century Aerospace Technology Co.,    116.3000 ,   39.9600 ,-,海淀区|北京市|中国|cn,海淀区,北京市,中国,cn
2GMS,2GMS 6540MTW,-,   -106.1100 ,   32.8500 ,USAF,|New Mexico|United States of America|us,,New Mexico,United States of America,us
2SLS,Boeing/2SLS,-,    -80.6100 ,   28.2400 ,USAF,|Florida|United States of America|us,,Florida,United States of America,us
3GMS,3GMS 550GMW,-,    -80.6100 ,   28.2400 ,USAF,|Florida|United States of America|us,,Florida,United States of America,us
3SLS,USAF 3SLS,-,    -80.6100 ,   28.2400 ,USAF,|Florida|United States of America|us,,Florida,United States of America,us
30FA2,USA 30FA,-,    -98.3900 ,   34.6700 ,USA,Lawton|Oklahoma|United States of America|us,Lawton,Oklahoma,United States of America,us
30SW,USAF 30SW,-,   -120.6100 ,   34.7500 ,USAF,|California|United States of America|us,,California,United States of America,us
36AIS,36AIS,36th Strategic Interdiction Squadron,     16.9300 ,   40.7600 ,AMI,Gioia del Colle|Puglia|Italia|it,Gioia del Colle,Puglia,Italia,it
321SMW,USAF 321SMW,-,    -97.4000 ,   47.9600 ,USAF,|North Dakota|United States of America|us,,North Dakota,United States of America,us
341SMW,USAF 341 MW,-,   -111.1900 ,   47.5000 ,USAF,|Montana|United States of America|us,,Montana,United States of America,us
341MW,USAF 341 MW,-,   -111.1900 ,   47.5000 ,USAF,|Montana|United States of America|us,,Montana,United States of America,us
341SW,USAF 341 SW,-,   -111.1900 ,   47.5000 ,USAF,|Montana|United States of America|us,,Montana,United States of America,us
351SMW,USAF 351 SMW,-,    -93.5500 ,   38.7300 ,USAF,|Missouri|United States of America|us,,Missouri,United States of America,us
4SLS,USAF 4SLS,-,    -80.6100 ,   28.2400 ,USAF,|Florida|United States of America|us,,Florida,United States of America,us
40FA,USA 40thFA,-,    -86.6500 ,   34.6800 ,USA,|Alabama|United States of America|us,,Alabama,United States of America,us
40FA1,USA 40thFA,-,    -86.6500 ,   34.6800 ,USA,|Alabama|United States of America|us,,Alabama,United States of America,us
41FA1,USA 41stFA Btn1,-,      9.8000 ,   48.8000 ,USA,Schwäbisch Gmünd|Baden-Württemberg|Deutschland|de,Schwäbisch Gmünd,Baden-Württemberg,Deutschland,de
41FA4,USA 41stFA Btn4,-,    -98.3900 ,   34.6700 ,USA,Lawton|Oklahoma|United States of America|us,Lawton,Oklahoma,United States of America,us
44FA2,USA 44th FA Btn2,-,    -98.3900 ,   34.6700 ,USA,Lawton|Oklahoma|United States of America|us,Lawton,Oklahoma,United States of America,us
44SMW,USAF 44SMW,-,   -103.0700 ,   44.1500 ,USAF,Box Elder|South Dakota|United States of America|us,Box Elder,South Dakota,United States of America,us
4504MTW,USAF 4504MTW,-,    -80.6100 ,   28.2400 ,USAF,|Florida|United States of America|us,,Florida,United States of America,us
4505M,USAF 4505MTW,-,    -80.6100 ,   28.2400 ,USAF,|Florida|United States of America|us,,Florida,United States of America,us
455SMW,USAF 455th SMW,-,   -101.3600 ,   48.4200 ,USAF,|North Dakota|United States of America|us,,North Dakota,United States of America,us
45SLD,USSF Delta 45,-,    -80.6100 ,   28.2400 ,USAF,|Florida|United States of America|us,,Florida,United States of America,us
45SW,USAF 45SW,-,    -80.6100 ,   28.2400 ,USAF,|Florida|United States of America|us,,Florida,United States of America,us
45SWF,USSF 45SW,-,    -80.6100 ,   28.2400 ,USAF,|Florida|United States of America|us,,Florida,United States of America,us
46FA2,USA 46thFA,-,    -98.3900 ,   34.6700 ,USA,Lawton|Oklahoma|United States of America|us,Lawton,Oklahoma,United States of America,us
4803GMS,4803GMS 4800GMW,-,    -80.6100 ,   28.2400 ,USAF,|Florida|United States of America|us,,Florida,United States of America,us
4WG,USAF 4WG,-,    -93.8200 ,   58.7300 ,AWS,|Manitoba|Canada|ca,,Manitoba,Canada,ca
556SMS,USAF 556SMS,-,    -80.6000 ,   28.3900 ,USAF,Cape Canaveral|Florida|United States of America|us,Cape Canaveral,Florida,United States of America,us
557WW,557 WW,-,    -95.9100 ,   41.1200 ,USAF,|Nebraska|United States of America|us,,Nebraska,United States of America,us
564SMS,USAF 564SMW,-,   -111.1900 ,   47.5000 ,USAF,|Montana|United States of America|us,,Montana,United States of America,us
576FTS,USAF 576FTS,-,   -120.6100 ,   34.7500 ,SAC,|California|United States of America|us,,California,United States of America,us
576SMS,USAF 576SMS,-,   -120.6100 ,   34.7500 ,SAC,|California|United States of America|us,,California,United States of America,us
6555GMS,USAF 6555GMS,-,    -80.6000 ,   28.3900 ,USAF,Cape Canaveral|Florida|United States of America|us,Cape Canaveral,Florida,United States of America,us
6555A,USAF 6555ATW,-,    -80.6000 ,   28.3900 ,USAF,Cape Canaveral|Florida|United States of America|us,Cape Canaveral,Florida,United States of America,us
6556GMS,USAF 6556GMS,-,    -80.6000 ,   28.3900 ,USAF,Cape Canaveral|Florida|United States of America|us,Cape Canaveral,Florida,United States of America,us
702SMW,USAF 702SMW,-,    -68.0400 ,   46.6900 ,SAC,Presque Isle|Maine|United States of America|us,Presque Isle,Maine,United States of America,us
79FA2,USA 79th FA Btn2,-,    -98.3900 ,   34.6700 ,USA,Lawton|Oklahoma|United States of America|us,Lawton,Oklahoma,United States of America,us
81FA1,USA 81stFA Btn1,-,     10.0000 ,   48.3800 ,USA,Neu-Ulm|Bayern|Deutschland|de,Neu-Ulm,Bayern,Deutschland,de
84FA3,USA 84thFA Btn3,-,      9.2200 ,   49.1500 ,USA,Heilbronn|Baden-Württemberg|Deutschland|de,Heilbronn,Baden-Württemberg,Deutschland,de
90MW,USAF 90SW,-,   -104.8700 ,   41.1300 ,SAC,Francis E. Warren Air Force Base|Wyoming|United States of America|us,Francis E. Warren Air Force Base,Wyoming,United States of America,us
90SW,USAF 90SW,-,   -104.8700 ,   41.1300 ,SAC,Francis E. Warren Air Force Base|Wyoming|United States of America|us,Francis E. Warren Air Force Base,Wyoming,United States of America,us
90SMW,USAF 90SMW,-,   -104.8700 ,   41.1300 ,SAC,Francis E. Warren Air Force Base|Wyoming|United States of America|us,Francis E. Warren Air Force Base,Wyoming,United States of America,us
91SW,USAF 91SW,-,   -101.3600 ,   48.4200 ,SAC,|North Dakota|United States of America|us,,North Dakota,United States of America,us
91MW,USAF 91MW,-,   -101.3600 ,   48.4200 ,SAC,|North Dakota|United States of America|us,,North Dakota,United States of America,us
9FA3,USA 9th FA Btn3,-,    -98.3900 ,   34.6700 ,USA,Lawton|Oklahoma|United States of America|us,Lawton,Oklahoma,United States of America,us
AAAF,AAAF,-,   -106.1000 ,   32.8500 ,USAF,|New Mexico|United States of America|us,,New Mexico,United States of America,us
AACH,FH-Aachen,Aachen University of Applied Sciences,      6.0800 ,   50.7800 ,-,Aachen|Nordrhein-Westfalen|Deutschland|de,Aachen,Nordrhein-Westfalen,Deutschland,de
AACHR,RWTH-Aachen,RWTH Aachen University,      6.0800 ,   50.7800 ,-,Aachen|Nordrhein-Westfalen|Deutschland|de,Aachen,Nordrhein-Westfalen,Deutschland,de
AACM,AAC Microtec,-,     17.6400 ,   59.8600 ,-,Uppsala||Sverige|se,Uppsala,,Sverige,se
AACCS,AAC Clyde Sweden,-,     17.6400 ,   59.8600 ,-,Uppsala||Sverige|se,Uppsala,,Sverige,se
AADC,Alaska Aerospace,-,   -149.9000 ,   61.2200 ,-,Anchorage|Alaska|United States of America|us,Anchorage,Alaska,United States of America,us
AAF,Armee de l'Air,French Air Force,      2.3000 ,   48.8600 ,-,Paris|Île-de-France|France|fr,Paris,Île-de-France,France,fr
AALTO,Aalto univ.,Aalto University,     24.9400 ,   60.1700 ,-,Helsinki|Uusimaa|Suomi / Finland|fi,Helsinki,Uusimaa,Suomi / Finland,fi
AAMV,Amat. Max Valier,"Max Valier Amateur Astronomers, South Tyrol",     11.3500 ,   46.5000 ,-,Bolzano - Bozen|Trentino-Alto Adige/Südtirol|Italia|it,Bolzano - Bozen,Trentino-Alto Adige/Südtirol,Italia,it
AANII,AANII,Arctic and Antarctic Scientific Research Institute,     30.3100 ,   59.9400 ,GMS,Санкт-Петербург|Санкт-Петербург|Россия|ru,Санкт-Петербург,Санкт-Петербург,Россия,ru
AAP,AAP,-,    103.8000 ,    1.3000 ,LMGT,Singapore||Singapore|sg,Singapore,,Singapore,sg
AARH,Aarhus U.,Aarhus Unversity,     10.2000 ,   56.1700 ,-,Aarhus|Region Midtjylland|Danmark|dk,Aarhus,Region Midtjylland,Danmark,dk
AAU,AAU,Aalborg University,      9.9900 ,   57.0200 ,-,Aalborg|Region Nordjylland|Danmark|dk,Aalborg,Region Nordjylland,Danmark,dk
ABE,AE Boliviana,Bolivian Space Agency,    -68.1500 ,  -16.5000 ,-,La Paz|La Paz|Bolivia|bo,La Paz,La Paz,Bolivia,bo
ABAE,ABAE,Bolivarian Agency for Space Activities,    -66.9000 ,   10.4800 ,-,Caracas|Distrito Capital|Venezuela|ve,Caracas,Distrito Capital,Venezuela,ve
ABERU,Aberystwyth,-,     -4.0700 ,   52.4200 ,-,Aberystwyth|Cymru / Wales|United Kingdom|gb,Aberystwyth,Cymru / Wales,United Kingdom,gb
ABERRY,AstroBerry,-,    100.5600 ,   13.8200 ,-,กรุงเทพมหานคร||ประเทศไทย|th,กรุงเทพมหานคร,,ประเทศไทย,th
ABL,ABL,-,    -78.8300 ,   39.5600 ,USN,|West Virginia|United States of America|us,,West Virginia,United States of America,us
ABLN,ABL (NRDC),-,    -78.8300 ,   39.5600 ,-,|West Virginia|United States of America|us,,West Virginia,United States of America,us
ABLSS,ABL Space Sys,-,   -118.4100 ,   33.9200 ,-,El Segundo|California|United States of America|us,El Segundo,California,United States of America,us
ABMA,ABMA,-,    -86.6500 ,   34.6800 ,USA,|Alabama|United States of America|us,,Alabama,United States of America,us
ABMDA,ABMDA,-,    -77.0500 ,   38.3400 ,USN,Dahlgren Center|Virginia|United States of America|us,Dahlgren Center,Virginia,United States of America,us
ABMDA1,ABMDA,-,    -77.0600 ,   38.8700 ,USA,Arlington|Virginia|United States of America|us,Arlington,Virginia,United States of America,us
ABMDO,USA BMDO,-,    -86.6500 ,   34.6800 ,USA,|Alabama|United States of America|us,,Alabama,United States of America,us
ABS,ABS,-,    114.2000 ,   22.3000 ,-,香港島 Hong Kong Island|香港 Hong Kong|中国|cn,香港島 Hong Kong Island,香港 Hong Kong,中国,cn
ABSEN,Absolut Sensing,-,      1.4700 ,   43.5600 ,-,Toulouse|Occitanie|France|fr,Toulouse,Occitanie,France,fr
ABSL,ABS (LMI),-,     -0.1100 ,   51.5100 ,ABS,City of London|England|United Kingdom|gb,City of London,England,United Kingdom,gb
ABSB,ABS Bermuda,-,    -64.7800 ,   32.3000 ,-,|Pembroke|Bermuda|bm,,Pembroke,Bermuda,bm
ABSCA,ABS (LMSCV),-,   -122.0400 ,   37.3700 ,ABS,Sunnyvale|California|United States of America|us,Sunnyvale,California,United States of America,us
ABSHK,ABS (HK),-,    114.2000 ,   22.3000 ,ABSB,香港島 Hong Kong Island|香港 Hong Kong|中国|cn,香港島 Hong Kong Island,香港 Hong Kong,中国,cn
ACAE,ACAE,Central Americal Association of Aeronautics and Space,    -84.0800 ,    9.9300 ,-,Área Metropolitana de San José||Costa Rica|cr,Área Metropolitana de San José,,Costa Rica,cr
ACAP,Aerospace Cap,-,     55.7600 ,   37.5500 ,-,دهستان عرب داغ|استان گلستان|ایران|ir,دهستان عرب داغ,استان گلستان,ایران,ir
ACAST,Astrocast,-,      6.6300 ,   46.5200 ,-,Lausanne|Vaud|Schweiz/Suisse/Svizzera/Svizra|ch,Lausanne,Vaud,Schweiz/Suisse/Svizzera/Svizra,ch
ACC,USAF ACC,-,    -76.3600 ,   37.0800 ,USAF,Hampton|Virginia|United States of America|us,Hampton,Virginia,United States of America,us
ACCRE,Accenture,-,     -6.2700 ,   53.3500 ,-,Dublin||Éire / Ireland|ie,Dublin,,Éire / Ireland,ie
ACCIMT,ACCIMT,-,     79.9000 ,    6.7900 ,-,Rawathawatta|Western Province|Sri Lanka|lk,Rawathawatta,Western Province,Sri Lanka,lk
ACE,USA ACE,-,    -77.1100 ,   38.9800 ,USA,Bethesda|Maryland|United States of America|us,Bethesda,Maryland,United States of America,us
ACES,ACES,-,    106.8200 ,   -6.2000 ,PSN,Jakarta Pusat||Indonesia|id,Jakarta Pusat,,Indonesia,id
ACESI,Inmarsat ACES,-,    106.8200 ,   -6.2000 ,INMRL,Jakarta Pusat||Indonesia|id,Jakarta Pusat,,Indonesia,id
ACF,ACF,French Aero Club,      2.3000 ,   48.8600 ,-,Paris|Île-de-France|France|fr,Paris,Île-de-France,France,fr
ACMEO,ACME AtronOmatic,-,    -81.3800 ,   28.5400 ,-,Orlando|Florida|United States of America|us,Orlando,Florida,United States of America,us
ADAST,Ad Astra,-,    -95.1200 ,   29.5400 ,-,Webster|Texas|United States of America|us,Webster,Texas,United States of America,us
ADD,ADD,Agency for Defense Development,    127.3900 ,   36.3500 ,KR,대전광역시||대한민국|kr,대전광역시,,대한민국,kr
ADDAH,ADD Anhueng,-,    126.1000 ,   36.4100 ,ADD,보령시||대한민국|kr,보령시,,대한민국,kr
ADEL,Adelaide,-,    138.6000 ,  -34.9200 ,-,Adelaide|South Australia|Australia|au,Adelaide,South Australia,Australia,au
ADIG,Astro Digital,-,   -122.0800 ,   37.3900 ,-,Mountain View|California|United States of America|us,Mountain View,California,United States of America,us
ADS,Airbus DS,-,      4.7600 ,   52.3100 ,-,|Noord-Holland|Nederland|nl,,Noord-Holland,Nederland,nl
ADSAQ,Airbus Aquitaine,-,     -0.7200 ,   44.9000 ,ADS,Saint-Médard-en-Jalles|Nouvelle-Aquitaine|France|fr,Saint-Médard-en-Jalles,Nouvelle-Aquitaine,France,fr
ADSB,ADS/Bremen,-,      8.3000 ,   53.0800 ,ADS,Sandtange|Niedersachsen|Deutschland|de,Sandtange,Niedersachsen,Deutschland,de
ADSDF,Airbus/DF,-,      9.4800 ,   47.6500 ,ADS,Friedrichshafen|Baden-Württemberg|Deutschland|de,Friedrichshafen,Baden-Württemberg,Deutschland,de
ADSFL,Airbus DSI,-,    -80.6000 ,   28.3900 ,ADS,Cape Canaveral|Florida|United States of America|us,Cape Canaveral,Florida,United States of America,us
ADSG,ADS/CSG,-,    -52.7700 ,    5.2300 ,ADS,Kourou|Guyane|France|fr,Kourou,Guyane,France,fr
ADSL,Airbus/Lamp.,-,      9.4000 ,   49.2700 ,ADS,Lampoldshausen|Baden-Württemberg|Deutschland|de,Lampoldshausen,Baden-Württemberg,Deutschland,de
ADSLV,ADS/LV,-,      1.9200 ,   48.9900 ,ADS,Les Mureaux|Île-de-France|France|fr,Les Mureaux,Île-de-France,France,fr
ADSM,Airbus Barajas,-,     -3.5900 ,   40.4700 ,ADS,Madrid|Comunidad de Madrid|España|es,Madrid,Comunidad de Madrid,España,es
ADSNA,Airbus N America,-,    -95.3800 ,   29.7600 ,ADS,Houston|Texas|United States of America|us,Houston,Texas,United States of America,us
ADSNL,ADS-NL,-,      4.9000 ,   52.3700 ,ASTD,Amsterdam|Noord-Holland|Nederland|nl,Amsterdam,Noord-Holland,Nederland,nl
ADSO,Airbus/Ottobrunn,-,     11.6700 ,   48.0700 ,ADS,Neubiberg|Bayern|Deutschland|de,Neubiberg,Bayern,Deutschland,de
ADSP,Airbus/Paradigm,-,     -2.1900 ,   51.4300 ,-,Corsham|England|United Kingdom|gb,Corsham,England,United Kingdom,gb
ADST,Airbus/Toulouse,-,      1.4700 ,   43.5600 ,ADS,Ramonville-Saint-Agne|Occitanie|France|fr,Ramonville-Saint-Agne,Occitanie,France,fr
ADSTI,ADS Intelligence,-,      1.4700 ,   43.5600 ,ADS,Ramonville-Saint-Agne|Occitanie|France|fr,Ramonville-Saint-Agne,Occitanie,France,fr
ADSUK,Airbus (UK),-,     -0.2000 ,   51.9000 ,ADS,Stevenage|England|United Kingdom|gb,Stevenage,England,United Kingdom,gb
ADVSP,Adv Space,-,   -105.0000 ,   39.9200 ,-,Westminster|Colorado|United States of America|us,Westminster,Colorado,United States of America,us
AE,Arianespace,-,      2.4300 ,   48.6200 ,-,Évry||France|fr,Évry,,France,fr
AEB,AEB,Brazilian Space Agency,    -45.8800 ,  -23.1900 ,BR,São José dos Campos|São Paulo|Brasil|br,São José dos Campos,São Paulo,Brasil,br
AEC,AEC,-,    -77.0200 ,   38.9000 ,-,Washington|District of Columbia|United States of America|us,Washington,District of Columbia,United States of America,us
AECAB,AEC/Able,-,   -119.8100 ,   34.4400 ,-,Goleta|California|United States of America|us,Goleta,California,United States of America,us
AECSG,Ae/CSG,-,    -52.7700 ,    5.2300 ,-,Kourou|Guyane|France|fr,Kourou,Guyane,France,fr
AEDC,AEDC,-,    -86.0500 ,   35.3800 ,USAF,|Tennessee|United States of America|us,,Tennessee,United States of America,us
AEE,AEE,Spanish Space Agency,     -3.7200 ,   40.3800 ,-,Madrid|Comunidad de Madrid|España|es,Madrid,Comunidad de Madrid,España,es
AEGAE,Aegis Aerospace,-,    -95.3800 ,   29.7600 ,-,Houston|Texas|United States of America|us,Houston,Texas,United States of America,us
AELM,Ae/LesM,-,      1.9200 ,   48.9900 ,-,Les Mureaux|Île-de-France|France|fr,Les Mureaux,Île-de-France,France,fr
AEML,AeMa Lanc,-,      1.9200 ,   48.9900 ,-,Les Mureaux|Île-de-France|France|fr,Les Mureaux,Île-de-France,France,fr
AEMX,AEMX,-,    -99.1300 ,   19.4300 ,-,Ciudad de México|Ciudad de México|México|mx,Ciudad de México,Ciudad de México,México,mx
AENUT,Aeronutronic,-,   -118.2600 ,   34.1500 ,-,Glendale|California|United States of America|us,Glendale,California,United States of America,us
AEP,AEP,Paraguayan Space Agency,    -57.6700 ,  -25.2700 ,-,Nueva Asunción|Presidente Hayes|Paraguay / Paraguái|py,Nueva Asunción,Presidente Hayes,Paraguay / Paraguái,py
AERAR,AerArg,Argentine Air Force,    -58.5800 ,  -34.6200 ,-,El Palomar|Buenos Aires|Argentina|ar,El Palomar,Buenos Aires,Argentina,ar
AERIT,Aeritalia,Aeritalia Space Systems,      7.6800 ,   45.0800 ,-,Torino|Piemonte|Italia|it,Torino,Piemonte,Italia,it
AERO,AERO,-,   -118.4100 ,   33.9200 ,DOD,El Segundo|California|United States of America|us,El Segundo,California,United States of America,us
AEROA,AeroAstro,-,    -77.4900 ,   39.0400 ,-,Ashburn|Virginia|United States of America|us,Ashburn,Virginia,United States of America,us
AEROAC,AeroAstro,-,    -77.4900 ,   39.0400 ,-,Ashburn|Virginia|United States of America|us,Ashburn,Virginia,United States of America,us
AEROACL,AeroAstro/Co,-,   -105.0100 ,   39.6000 ,AEROA,Littleton|Colorado|United States of America|us,Littleton,Colorado,United States of America,us
AEROL,Aerolab,-,   -118.1300 ,   34.1600 ,-,Pasadena|California|United States of America|us,Pasadena,California,United States of America,us
AEROLR,Ryan Aerolab,-,   -118.0000 ,   34.1500 ,-,Monrovia|California|United States of America|us,Monrovia,California,United States of America,us
AERON,Aeronomie,"Aeronomy Service, CNRS",      2.2700 ,   48.7500 ,CNRS,Verrières-le-Buisson|Île-de-France|France|fr,Verrières-le-Buisson,Île-de-France,France,fr
AERONM,Aeronomie,"Aeronomy Service, CNRS",      2.2400 ,   48.8100 ,CNRS,Meudon||France|fr,Meudon,,France,fr
AEROPH,Aerophysics,-,   -119.8100 ,   34.4400 ,-,Goleta|California|United States of America|us,Goleta,California,United States of America,us
AEROTC,Aerotech,-,   -113.0600 ,   37.6800 ,-,Cedar City|Utah|United States of America|us,Cedar City,Utah,United States of America,us
AES,AES,-,    -79.4900 ,   43.7300 ,CA,Toronto|Ontario|Canada|ca,Toronto,Ontario,Canada,ca
AESCO,AES Co.,-,    140.0800 ,   36.0800 ,-,つくば市||日本|jp,つくば市,,日本,jp
AESP,Arianespace,-,      2.4300 ,   48.6200 ,ARIG,Évry||France|fr,Évry,,France,fr
AESPC,Ae/Cannes,Aerospatiale-Cannes,      7.0100 ,   43.5500 ,-,Cannes|Provence-Alpes-Côte d'Azur|France|fr,Cannes,Provence-Alpes-Côte d'Azur,France,fr
AESPP,Aerospatiale C,-,      2.2500 ,   48.9000 ,-,Courbevoie|Île-de-France|France|fr,Courbevoie,Île-de-France,France,fr
AETE,AETE,-,   -110.1800 ,   54.4600 ,CFCA,City of Cold Lake|Alberta|Canada|ca,City of Cold Lake,Alberta,Canada,ca
AETH,Aethero Space,-,    -97.0900 ,   47.9300 ,-,Grand Forks|North Dakota|United States of America|us,Grand Forks,North Dakota,United States of America,us
AFAD,USAF Arm.D.,-,    -86.5400 ,   30.4900 ,AFMC,Valparaiso|Florida|United States of America|us,Valparaiso,Florida,United States of America,us
AFADC,USAF ADC,-,   -104.8500 ,   38.7400 ,USAF,|Colorado|United States of America|us,,Colorado,United States of America,us
AFADCA,USAF ADC,-,   -104.5200 ,   38.8000 ,USAF,|Colorado|United States of America|us,,Colorado,United States of America,us
AFAL,AFAL,-,    -84.0500 ,   39.8200 ,AFASD,|Ohio|United States of America|us,,Ohio,United States of America,us
AFAMC,AFAMC,-,    -84.0500 ,   39.8200 ,USAF,|Ohio|United States of America|us,,Ohio,United States of America,us
AFAPL,AFAPL,-,    -84.0500 ,   39.8200 ,USAF,|Ohio|United States of America|us,,Ohio,United States of America,us
AFASD,AF ASD,-,    -84.0500 ,   39.8200 ,USAF,|Ohio|United States of America|us,,Ohio,United States of America,us
AFBMD,USAF BMD,-,   -118.4100 ,   33.9200 ,ARDC,El Segundo|California|United States of America|us,El Segundo,California,United States of America,us
AFBMO,USAF BMO,-,   -117.2400 ,   34.1000 ,AFSC,San Bernardino|California|United States of America|us,San Bernardino,California,United States of America,us
AFBMO2,USAF BMO,-,   -117.2400 ,   34.1000 ,AFSC,San Bernardino|California|United States of America|us,San Bernardino,California,United States of America,us
AFBSD,USAF BSD,-,   -117.2400 ,   34.1000 ,AFSC,San Bernardino|California|United States of America|us,San Bernardino,California,United States of America,us
AFBSD2,USAF BSD,-,   -117.2400 ,   34.1000 ,AFSC,San Bernardino|California|United States of America|us,San Bernardino,California,United States of America,us
AFBSL,USAF BSD,-,   -118.4100 ,   33.9200 ,AFSC,El Segundo|California|United States of America|us,El Segundo,California,United States of America,us
AFCER,USAF CERES,-,   -104.5200 ,   38.8000 ,USAF,|Colorado|United States of America|us,,Colorado,United States of America,us
AFCFS,AFCFS,-,    -71.1100 ,   42.3700 ,USAF,Cambridge|Massachusetts|United States of America|us,Cambridge,Massachusetts,United States of America,us
AFCRCA,AFCRC,-,    -71.1100 ,   42.3700 ,USAF,Cambridge|Massachusetts|United States of America|us,Cambridge,Massachusetts,United States of America,us
AFCRCH,AFCRC Hanscom,-,    -71.2800 ,   42.4900 ,USAF,Bedford|Massachusetts|United States of America|us,Bedford,Massachusetts,United States of America,us
AFCRL,AFCRL,-,    -71.2800 ,   42.4900 ,USAF,Bedford|Massachusetts|United States of America|us,Bedford,Massachusetts,United States of America,us
AFCRL1,AFCRL Cambridge,-,    -71.1100 ,   42.3700 ,USAF,Cambridge|Massachusetts|United States of America|us,Cambridge,Massachusetts,United States of America,us
AFCRH,AFCRL Hanscom,-,    -71.2800 ,   42.4900 ,USAF,Bedford|Massachusetts|United States of America|us,Bedford,Massachusetts,United States of America,us
AFETR,USAF ETR,-,    -80.6100 ,   28.2400 ,USAF,|Florida|United States of America|us,,Florida,United States of America,us
AFFDL,USAF FDL,-,    -84.0500 ,   39.8200 ,AFASD,|Ohio|United States of America|us,,Ohio,United States of America,us
AFFTC,AFFTC,-,   -117.8800 ,   34.9100 ,USAF,|California|United States of America|us,,California,United States of America,us
AFGAF,Afghan AF,Afghan Air Force,     69.1700 ,   34.5300 ,-,کابل|ولایت كابل|افغانستان|af,کابل,ولایت كابل,افغانستان,af
AFGL,AFGL,-,    -71.2800 ,   42.4900 ,USAF,Bedford|Massachusetts|United States of America|us,Bedford,Massachusetts,United States of America,us
AFGL2,USAF GL,-,    -71.2800 ,   42.4900 ,USAF,Bedford|Massachusetts|United States of America|us,Bedford,Massachusetts,United States of America,us
AFGSC,USAF GSC,-,    -93.6600 ,   32.5000 ,USAF,Bossier City|Louisiana|United States of America|us,Bossier City,Louisiana,United States of America,us
AFIT,AFIT,-,    -84.0500 ,   39.8200 ,USAF,|Ohio|United States of America|us,,Ohio,United States of America,us
AFJSC,USAF SSD Houston,-,    -95.1200 ,   29.5600 ,USAF,Houston|Texas|United States of America|us,Houston,Texas,United States of America,us
AFLC,AFLC,-,    -84.0500 ,   39.8200 ,USAF,|Ohio|United States of America|us,,Ohio,United States of America,us
AFMC,USAF AFMC,-,    -84.0500 ,   39.8200 ,USAF,|Ohio|United States of America|us,,Ohio,United States of America,us
AFMCIT,Afghan MCIT,-,     69.1700 ,   34.5300 ,-,کابل|ولایت كابل|افغانستان|af,کابل,ولایت كابل,افغانستان,af
AFMCSW,USAF MCSW,-,   -118.4100 ,   33.9200 ,AFSMC,El Segundo|California|United States of America|us,El Segundo,California,United States of America,us
AFMDC,AFMDC,-,   -106.1100 ,   32.8500 ,HAFB,|New Mexico|United States of America|us,,New Mexico,United States of America,us
AFMTC,AFMTC,-,    -80.6100 ,   28.2400 ,USAF,|Florida|United States of America|us,,Florida,United States of America,us
AFORGE,AstroForge,-,   -118.0400 ,   33.7200 ,-,Huntington Beach|California|United States of America|us,Huntington Beach,California,United States of America,us
AFOSR,AFOSR,-,    -76.6200 ,   39.2900 ,USAF,Baltimore|Maryland|United States of America|us,Baltimore,Maryland,United States of America,us
AFOTEC,AFOTEC,-,   -106.6100 ,   35.0400 ,USAF,Albuquerque|New Mexico|United States of America|us,Albuquerque,New Mexico,United States of America,us
AFOTD4,AFOTEC,-,   -104.7000 ,   38.8200 ,USAF,Colorado Springs|Colorado|United States of America|us,Colorado Springs,Colorado,United States of America,us
AFPLH,AF Phillips/GD,-,    -71.2800 ,   42.4900 ,USAF,Bedford|Massachusetts|United States of America|us,Bedford,Massachusetts,United States of America,us
AFPS,AF HQ PS,-,    -77.0600 ,   38.8700 ,USAF,|Virginia|United States of America|us,,Virginia,United States of America,us
AFRC,NASA AFRC,-,   -117.8800 ,   34.9100 ,NASA,|California|United States of America|us,,California,United States of America,us
AFRCO,AF RCO,-,    -77.0200 ,   38.9000 ,USAF,Washington|District of Columbia|United States of America|us,Washington,District of Columbia,United States of America,us
AFROM,USAF Rome,-,    -75.4100 ,   43.2300 ,AFMC,City of Rome|New York|United States of America|us,City of Rome,New York,United States of America,us
AFRL,AFRL/RV,-,   -106.6100 ,   35.0400 ,USAF,Albuquerque|New Mexico|United States of America|us,Albuquerque,New Mexico,United States of America,us
AFORS,DoD ORS,-,   -106.6100 ,   35.0400 ,USAF,Albuquerque|New Mexico|United States of America|us,Albuquerque,New Mexico,United States of America,us
AFRLH,AFRL-VS/Hanscom,-,    -71.2800 ,   42.4900 ,AFRL,Bedford|Massachusetts|United States of America|us,Bedford,Massachusetts,United States of America,us
AFRLRZ,AFRL Propulsion,-,    -84.0500 ,   39.8200 ,USAF,|Ohio|United States of America|us,,Ohio,United States of America,us
AFRLW,AFRL Det 1,-,    -84.0500 ,   39.8200 ,USAF,|Ohio|United States of America|us,,Ohio,United States of America,us
AFRPL,AFRPL,-,   -117.8800 ,   34.9100 ,AFASD,|California|United States of America|us,,California,United States of America,us
AFSAM,AF SAM,-,    -98.4400 ,   29.3400 ,AFMC,San Antonio|Texas|United States of America|us,San Antonio,Texas,United States of America,us
AFSC,AFSC,-,   -118.4100 ,   33.9200 ,USAF,El Segundo|California|United States of America|us,El Segundo,California,United States of America,us
AFSC2,AFSC,-,   -118.4100 ,   33.9200 ,AFSMC,El Segundo|California|United States of America|us,El Segundo,California,United States of America,us
AFSD,USAF SD,-,   -118.4100 ,   33.9200 ,USAF,El Segundo|California|United States of America|us,El Segundo,California,United States of America,us
AFSMB,USAF SMC/Norton,-,   -117.2400 ,   34.1000 ,AFSC,San Bernardino|California|United States of America|us,San Bernardino,California,United States of America,us
AFSMC,USAF SMC,-,   -118.4100 ,   33.9200 ,USAF,El Segundo|California|United States of America|us,El Segundo,California,United States of America,us
AFSMS,SAFMS,-,    -77.0800 ,   38.8800 ,USAF,Arlington|Virginia|United States of America|us,Arlington,Virginia,United States of America,us
AFSOC,USAF AFSOC,-,    -86.5400 ,   30.4900 ,USAF,Valparaiso|Florida|United States of America|us,Valparaiso,Florida,United States of America,us
AFSPC,USAF AFSPC,-,   -104.7000 ,   38.8200 ,USAF,Colorado Springs|Colorado|United States of America|us,Colorado Springs,Colorado,United States of America,us
AFSSD,USAF SSD,-,   -118.4100 ,   33.9200 ,AFSC,El Segundo|California|United States of America|us,El Segundo,California,United States of America,us
AFSSD2,USAF SSD,-,   -118.4100 ,   33.9200 ,USAF,El Segundo|California|United States of America|us,El Segundo,California,United States of America,us
AFSTC,USAF STC,-,   -122.0288 ,   37.4049 ,USAF,Sunnyvale|California|United States of America|us,Sunnyvale,California,United States of America,us
AFSTS,USAF SDTW SDS,-,   -104.5200 ,   38.8000 ,USAF,|Colorado|United States of America|us,,Colorado,United States of America,us
AFSWC,AFSWC,-,   -106.6100 ,   35.0400 ,USAF,Albuquerque|New Mexico|United States of America|us,Albuquerque,New Mexico,United States of America,us
AFSWP,AFSWP,-,   -106.5500 ,   35.0400 ,USAF,|New Mexico|United States of America|us,,New Mexico,United States of America,us
AFTAC,AFTAC,-,    -80.6100 ,   28.2400 ,USAF,|Florida|United States of America|us,,Florida,United States of America,us
AFU,AFU,Armed Forces of Ukraine,     30.5200 ,   50.4500 ,-,Київ||Україна|ua,Київ,,Україна,ua
AFWA,AFWA,-,    -95.9100 ,   41.1200 ,USAF,|Nebraska|United States of America|us,,Nebraska,United States of America,us
AFWDD,AF WDD,-,   -118.4100 ,   33.9200 ,USAF,El Segundo|California|United States of America|us,El Segundo,California,United States of America,us
AFWL,AFWL,-,   -106.6100 ,   35.0400 ,USAF,Albuquerque|New Mexico|United States of America|us,Albuquerque,New Mexico,United States of America,us
AGHU,AGH UST,-,     19.9200 ,   50.0600 ,-,Kraków|województwo małopolskie|Polska|pl,Kraków,województwo małopolskie,Polska,pl
AGILS,AgilSpace,-,    103.8000 ,    1.3000 ,STESS,Singapore||Singapore|sg,Singapore,,Singapore,sg
AGSL,ABS Global PNG,-,    147.1500 ,   -9.4800 ,-,Port Moresby|National Capital District|Papua Niugini|pg,Port Moresby,National Capital District,Papua Niugini,pg
AIL,AIL,-,    -73.6400 ,   40.7400 ,-,Village of Mineola|New York|United States of America|us,Village of Mineola,New York,United States of America,us
AILEDO,EDO Corp.,-,    -73.6400 ,   40.7400 ,-,Village of Mineola|New York|United States of America|us,Village of Mineola,New York,United States of America,us
AISTS,AISTech,-,      2.1800 ,   41.3900 ,-,Barcelona|Catalunya|España|es,Barcelona,Catalunya,España,es
AJ,Aerojet,-,   -117.9100 ,   34.1300 ,GTRC,Azusa|California|United States of America|us,Azusa,California,United States of America,us
AJCA,Aerojet/Camden,-,    -92.7400 ,   33.6100 ,GTRC,East Camden|Arkansas|United States of America|us,East Camden,Arkansas,United States of America,us
AJP,Aerojet,-,   -118.1300 ,   34.1600 ,GTRC,Pasadena|California|United States of America|us,Pasadena,California,United States of America,us
AJGC,Aerojet General,-,   -121.3000 ,   38.5900 ,GTRC,Rancho Cordova|California|United States of America|us,Rancho Cordova,California,United States of America,us
AJR,AJ Rocketdyne,-,   -121.3000 ,   38.5900 ,GTRC,Rancho Cordova|California|United States of America|us,Rancho Cordova,California,United States of America,us
AJRCP,AJ Rocketdyne,-,   -118.6000 ,   34.2000 ,GTRC,Los Angeles|California|United States of America|us,Los Angeles,California,United States of America,us
AJRED,Aerojet/Redmond,-,   -122.1200 ,   47.6700 ,AJ,Redmond|Washington|United States of America|us,Redmond,Washington,United States of America,us
AJRFL,AJ Rocketdyne FL,-,    -80.0600 ,   26.7100 ,AJR,West Palm Beach|Florida|United States of America|us,West Palm Beach,Florida,United States of America,us
AJRRED,Aerojet/Redmond,-,   -122.1200 ,   47.6700 ,AJR,Redmond|Washington|United States of America|us,Redmond,Washington,United States of America,us
AJSP,AJ Rock. SPC,-,   -121.3000 ,   38.5900 ,AJR,Rancho Cordova|California|United States of America|us,Rancho Cordova,California,United States of America,us
AJRSP,Aerojet SPC,-,   -121.3000 ,   38.5900 ,AJ,Rancho Cordova|California|United States of America|us,Rancho Cordova,California,United States of America,us
AKAC,Alaska Aerospace,-,   -149.9000 ,   61.2200 ,-,Anchorage|Alaska|United States of America|us,Anchorage,Alaska,United States of America,us
AKATT,AT&T Alascom,-,   -149.9000 ,   61.2200 ,-,Anchorage|Alaska|United States of America|us,Anchorage,Alaska,United States of America,us
AKCM,Alascom Inc.,-,   -149.9000 ,   61.2200 ,-,Anchorage|Alaska|United States of America|us,Anchorage,Alaska,United States of America,us
AKCMR,RCA Alascom,-,   -149.9000 ,   61.2200 ,-,Anchorage|Alaska|United States of America|us,Anchorage,Alaska,United States of America,us
ALAER,Allied Aerospace,-,    -76.4800 ,   37.0700 ,-,Newport News|Virginia|United States of America|us,Newport News,Virginia,United States of America,us
ALB,Alberta,-,   -113.5200 ,   53.5200 ,-,Edmonton|Alberta|Canada|ca,Edmonton,Alberta,Canada,ca
ALBA,Alba Orbital,-,     -4.2600 ,   55.8500 ,-,Glasgow|Alba / Scotland|United Kingdom|gb,Glasgow,Alba / Scotland,United Kingdom,gb
ALBAD,Alba Orbital,-,     13.5500 ,   52.4400 ,ALBA,Berlin||Deutschland|de,Berlin,,Deutschland,de
ALBEDO,Albedo Space,-,   -105.0900 ,   39.9200 ,-,Broomfield|Colorado|United States of America|us,Broomfield,Colorado,United States of America,us
ALC,Alcatel/Cannes,-,      7.0100 ,   43.5500 ,-,Cannes|Provence-Alpes-Côte d'Azur|France|fr,Cannes,Provence-Alpes-Côte d'Azur,France,fr
ALCAF,Alcatel Alenia F,-,      7.0100 ,   43.5500 ,-,Cannes|Provence-Alpes-Côte d'Azur|France|fr,Cannes,Provence-Alpes-Côte d'Azur,France,fr
ALCR,Alcatel Alenia IR,-,     12.4900 ,   41.8900 ,-,Roma|Lazio|Italia|it,Roma,Lazio,Italia,it
ALCS,ALCS,-,   -120.6100 ,   34.7500 ,SAC,|California|United States of America|us,,California,United States of America,us
ALCT,Alcatel Alenia I,-,      7.6800 ,   45.0800 ,-,Torino|Piemonte|Italia|it,Torino,Piemonte,Italia,it
ALE,ALE,Astro Live Experiences Co. Ltd.,    139.7500 ,   35.6600 ,-,港区||日本|jp,港区,,日本,jp
ALEN,Alenia Spazio,-,      7.6800 ,   45.0800 ,-,Torino|Piemonte|Italia|it,Torino,Piemonte,Italia,it
ALENR,Alenia Spazio,-,     12.4900 ,   41.8900 ,-,Roma|Lazio|Italia|it,Roma,Lazio,Italia,it
ALENSP,Alen Space,-,     -8.8100 ,   42.1400 ,-,Nigrán|Galicia|España|es,Nigrán,Galicia,España,es
ALIENA,ALIENA,-,    103.9700 ,    1.3400 ,-,Singapore||Singapore|sg,Singapore,,Singapore,sg
ALIEX,AliExpress,-,    120.1700 ,   30.2500 ,-,上城区|浙江省|中国|cn,上城区,浙江省,中国,cn
ALMAG,Almagest IOM,-,      4.4800 ,   54.1500 ,ALMAGU,,,,,
ALMAGU,Almagest,-,    -77.2300 ,   39.1300 ,-,Gaithersburg|Maryland|United States of America|us,Gaithersburg,Maryland,United States of America,us
ALMAN,PVO Almaz-Antey,-,     37.6200 ,   55.7500 ,-,Москва|Москва|Россия|ru,Москва,Москва,Россия,ru
ALPSP,Alpha Space,-,    -95.3800 ,   29.7600 ,-,Houston|Texas|United States of America|us,Houston,Texas,United States of America,us
ALYAH,Yahsat,-,     54.3700 ,   24.4700 ,-,أبو ظبي|أبو ظبي|الإمارات العربية المتحدة|ae,أبو ظبي,أبو ظبي,الإمارات العربية المتحدة,ae
AMAD,Armenian Air Def.,-,     44.5100 ,   40.1800 ,-,Երևան||Հայաստան|am,Երևան,,Հայաստան,am
AMAI,Adcole MAI,-,    -76.6900 ,   39.0000 ,-,Crofton|Maryland|United States of America|us,Crofton,Maryland,United States of America,us
AMAN,Aman,-,     50.5900 ,   26.2200 ,-,المنامة|محافظة العاصمة|البحرين|bh,المنامة,محافظة العاصمة,البحرين,bh
AMAZ,Amazon,-,   -122.3400 ,   47.6200 ,-,Seattle|Washington|United States of America|us,Seattle,Washington,United States of America,us
AMBR,AMSAT-BR,-,    -43.2000 ,  -22.9100 ,AMSAT,Rio de Janeiro|Rio de Janeiro|Brasil|br,Rio de Janeiro,Rio de Janeiro,Brasil,br
AMC,RCA Americom,-,    -74.6600 ,   40.3500 ,-,Princeton|New Jersey|United States of America|us,Princeton,New Jersey,United States of America,us
AMCEL,Amcel,-,    -82.3900 ,   35.6000 ,-,Swannanoa|North Carolina|United States of America|us,Swannanoa,North Carolina,United States of America,us
AMCG,GE Americom,-,    -74.6600 ,   40.3500 ,-,Princeton|New Jersey|United States of America|us,Princeton,New Jersey,United States of America,us
AMCOM,USA AMCOM,-,    -86.6500 ,   34.6800 ,USA,|Alabama|United States of America|us,,Alabama,United States of America,us
AMCR,RCA Globcom,-,    -74.4600 ,   40.5500 ,-,Piscataway Township|New Jersey|United States of America|us,Piscataway Township,New Jersey,United States of America,us
AMCS,SES Americom,-,    -74.6600 ,   40.3500 ,SES,Princeton|New Jersey|United States of America|us,Princeton,New Jersey,United States of America,us
AMDL,AMSAT-D,AMSAT-Germany,      8.7700 ,   50.8100 ,AMSAT,Marburg|Hessen|Deutschland|de,Marburg,Hessen,Deutschland,de
AMEA,AMSAT-EA,AMSAT-Spain,     -3.7300 ,   40.3800 ,AMSAT,Madrid|Comunidad de Madrid|España|es,Madrid,Comunidad de Madrid,España,es
AMF,AMSAT-F,AMSAT-France,      2.3000 ,   48.8600 ,AMSAT,Paris|Île-de-France|France|fr,Paris,Île-de-France,France,fr
AMGU,AmGU,Amur State University,    127.5300 ,   50.2800 ,-,Благовещенск|Амурская область|Россия|ru,Благовещенск,Амурская область,Россия,ru
AMHTI,Min. HTI Armenia,Ministry of High Tech Industry,     44.5100 ,   40.1800 ,AM,Երևան||Հայաստան|am,Երևան,,Հայաստան,am
AMI,AMI,Italian Air Force,     12.4900 ,   41.8900 ,I,Roma|Lazio|Italia|it,Roma,Lazio,Italia,it
AMIL,AMSAT-IL,-,     34.7800 ,   32.0700 ,AMSAT,תל־אביב–יפו|מחוז תל אביב|ישראל|il,תל־אביב–יפו,מחוז תל אביב,ישראל,il
AMIRK,Amirkabir U,Amir Kabir University of Technology,     51.4100 ,   35.7000 ,-,شهر تهران|استان تهران|ایران|ir,شهر تهران,استان تهران,ایران,ir
AMIT,AMSAT-I,-,     12.4900 ,   41.8900 ,AMSAT,Roma|Lazio|Italia|it,Roma,Lazio,Italia,it
AMLU,AMSAT-LU,-,    -58.3800 ,  -34.6000 ,AMSAT,Buenos Aires|Ciudad Autónoma de Buenos Aires|Argentina|ar,Buenos Aires,Ciudad Autónoma de Buenos Aires,Argentina,ar
AMNA,AMSAT-NA,-,    -77.0200 ,   38.9000 ,-,Washington|District of Columbia|United States of America|us,Washington,District of Columbia,United States of America,us
AMNL,AMSAT-NL,-,      4.3600 ,   52.0100 ,AMSAT,Delft|Zuid-Holland|Nederland|nl,Delft,Zuid-Holland,Nederland,nl
AMSAT,AMSAT,-,    -77.0200 ,   38.9000 ,-,Washington|District of Columbia|United States of America|us,Washington,District of Columbia,United States of America,us
AMPCW,AMPAC-ISP UK,-,     -0.9600 ,   51.8500 ,-,Westcott|England|United Kingdom|gb,Westcott,England,United Kingdom,gb
AMPCS,AMPAC-ISP,-,    -79.0200 ,   43.1000 ,-,City of Niagara Falls|New York|United States of America|us,City of Niagara Falls,New York,United States of America,us
AMRU,AMSAT-R,-,     37.6200 ,   55.7500 ,-,Москва|Москва|Россия|ru,Москва,Москва,Россия,ru
AMROC,AMROC,-,   -119.0300 ,   34.2300 ,-,Camarillo|California|United States of America|us,Camarillo,California,United States of America,us
AMSC,AMSC,-,    -77.3500 ,   38.9500 ,-,Reston|Virginia|United States of America|us,Reston,Virginia,United States of America,us
AMUK,AMSAT-UK,-,     -0.7600 ,   52.0400 ,-,Milton Keynes|England|United Kingdom|gb,Milton Keynes,England,United Kingdom,gb
AMVU,AMSAT-VU,-,     77.5800 ,   12.9800 ,-,Bengaluru|Karnataka|India|in,Bengaluru,Karnataka,India,in
AN,AN SSSR,Soviet Academy of Sciences,     37.6200 ,   55.7500 ,-,Москва|Москва|Россия|ru,Москва,Москва,Россия,ru
ANBEL,AN Belarus,Belarus Academy of Sciences,     27.5700 ,   53.9000 ,-,Мінск||Беларусь|by,Мінск,,Беларусь,by
ANCZ,AN Czechia,Czech Academy of Sciences,     14.4200 ,   50.0800 ,-,Hlavní město Praha|Praha|Česko|cz,Hlavní město Praha,Praha,Česko,cz
ANDRW,Andrews Space,-,   -122.2600 ,   47.4700 ,-,Tukwila|Washington|United States of America|us,Tukwila,Washington,United States of America,us
ANGK,ANGKASA,National Space Agency,    101.6800 ,    3.1300 ,-,Sentral|Kuala Lumpur|Malaysia|my,Sentral,Kuala Lumpur,Malaysia,my
ANGKX,ANGKASA-X,Angkasa-X,    101.6800 ,    3.1300 ,-,Sentral|Kuala Lumpur|Malaysia|my,Sentral,Kuala Lumpur,Malaysia,my
ANNAU,Anna Univ.,-,     80.2700 ,   13.0800 ,-,Chennai Corporation|Tamil Nadu|India|in,Chennai Corporation,Tamil Nadu,India,in
ANRF,AN RF,Russian Academy of Sciences,     37.6200 ,   55.7500 ,-,Москва|Москва|Россия|ru,Москва,Москва,Россия,ru
ANSAL,Ansar Allah,-,     43.7600 ,   16.9900 ,-,الحمزات|محافظة صعدة|اليمن|ye,الحمزات,محافظة صعدة,اليمن,ye
ANSP,Analytical Space,-,    -71.1100 ,   42.3700 ,-,Cambridge|Massachusetts|United States of America|us,Cambridge,Massachusetts,United States of America,us
ANTAR,Antaris Space,-,   -122.1000 ,   37.3700 ,-,Los Altos|California|United States of America|us,Los Altos,California,United States of America,us
ANTEL,ANTEL,National Administration of Telecommunications,    -56.1800 ,  -34.8800 ,-,Montevideo|Montevideo|Uruguay|uy,Montevideo,Montevideo,Uruguay,uy
ANTX,Antrix,-,     77.5800 ,   12.9800 ,-,Bengaluru|Karnataka|India|in,Bengaluru,Karnataka,India,in
ANUC,ANUC,-,     -0.2600 ,    6.0900 ,-,Koforidua|Eastern Region|Ghana|gh,Koforidua,Eastern Region,Ghana,gh
ANUV,Anuvu,-,    104.9500 ,   39.6200 ,-,巴彦诺日公苏木 ᠪᠠᠶᠠᠨᠨᠢᠷᠤᠭᠤᠨ ᠰᠤᠮᠤ|内蒙古自治区 ᠦᠪᠦᠷ ᠮᠣᠩᠭᠤᠯ ᠤᠨ ᠥᠪᠡᠷᠲᠡᠭᠡᠨ ᠵᠠᠰᠠᠬᠣ ᠣᠷᠣᠨ|中国|cn,巴彦诺日公苏木 ᠪᠠᠶᠠᠨᠨᠢᠷᠤᠭᠤᠨ ᠰᠤᠮᠤ,内蒙古自治区 ᠦᠪᠦᠷ ᠮᠣᠩᠭᠤᠯ ᠤᠨ ᠥᠪᠡᠷᠲᠡᠭᠡᠨ ᠵᠠᠰᠠᠬᠣ ᠣᠷᠣᠨ,中国,cn
AOFTB,USA Ord/Ft Bliss,-,   -106.4200 ,   31.8000 ,USA,|Texas|United States of America|us,,Texas,United States of America,us
AOGD,Aoyama Gakuin,Aoyama Gakuin University,    139.7100 ,   35.6600 ,-,渋谷区||日本|jp,渋谷区,,日本,jp
AOGMC,USA OGMC,-,    -86.6500 ,   34.6800 ,USA,|Alabama|United States of America|us,,Alabama,United States of America,us
AOMC,AOMC,-,    -86.6500 ,   34.6800 ,USA,|Alabama|United States of America|us,,Alabama,United States of America,us
APAERO,AP Aerospace,-,    126.9700 ,   37.5700 ,-,서울특별시||대한민국|kr,서울특별시,,대한민국,kr
APAR,Aprize Arg,-,    -58.3800 ,  -34.6000 ,-,Buenos Aires|Ciudad Autónoma de Buenos Aires|Argentina|ar,Buenos Aires,Ciudad Autónoma de Buenos Aires,Argentina,ar
APEX,Apex Space,-,   -118.4000 ,   34.0000 ,-,Culver City|California|United States of America|us,Culver City,California,United States of America,us
APGC,APGC,-,    -86.5400 ,   30.4900 ,USAF,Valparaiso|Florida|United States of America|us,Valparaiso,Florida,United States of America,us
APL,APL,-,    -76.9000 ,   39.1700 ,-,|Maryland|United States of America|us,,Maryland,United States of America,us
APLS,APL,-,    -77.0300 ,   39.0000 ,-,Silver Spring|Maryland|United States of America|us,Silver Spring,Maryland,United States of America,us
APMT,Zhongguo yatai,China Asia Pacific Mobile Telecom. Satellite Co. (APMT),    116.3800 ,   39.9200 ,CALT,西城区|北京市|中国|cn,西城区,北京市,中国,cn
APOGEO,Apogeo Space,-,     10.1500 ,   45.6000 ,-,Gussago|Lombardia|Italia|it,Gussago,Lombardia,Italia,it
APPL,Appleton Lab,-,     -0.5700 ,   51.4800 ,SERC,Datchet|England|United Kingdom|gb,Datchet,England,United Kingdom,gb
APRZ,Aprize,-,    -77.3000 ,   38.8500 ,SPQ,Fairfax|Virginia|United States of America|us,Fairfax,Virginia,United States of America,us
APSCO,APSCO,Asia-Pacific Space Cooperation Organization,    116.3800 ,   39.9200 ,-,西城区|北京市|中国|cn,西城区,北京市,中国,cn
APSS,APSS,-,    174.7700 ,   36.8500 ,-,,,,,
APT,APT,-,    114.2000 ,   22.3000 ,-,香港島 Hong Kong Island|香港 Hong Kong|中国|cn,香港島 Hong Kong Island,香港 Hong Kong,中国,cn
APTS,APT Shenzhen,Asia-Pacific Satellite Broadband Communication (Shenzhen),    114.0600 ,   22.5400 ,-,福田区|广东省|中国|cn,福田区,广东省,中国,cn
APW,APW,Working Group for Space Physics Research,      7.8500 ,   47.9800 ,-,Freiburg im Breisgau|Baden-Württemberg|Deutschland|de,Freiburg im Breisgau,Baden-Württemberg,Deutschland,de
ARAA,ARAACOM,-,    -94.5800 ,   39.1000 ,USA,Kansas City|Missouri|United States of America|us,Kansas City,Missouri,United States of America,us
ARAB,Arabsat,-,     46.7200 ,   24.6300 ,-,الرياض|منطقة الرياض|السعودية|sa,الرياض,منطقة الرياض,السعودية,sa
ARAD,ARADCOM,-,    -94.5800 ,   39.1000 ,USA,Kansas City|Missouri|United States of America|us,Kansas City,Missouri,United States of America,us
ARC,ARC,-,   -122.0500 ,   37.4200 ,NASA,Mountain View|California|United States of America|us,Mountain View,California,United States of America,us
ARCAD,Arca Dynamics,-,     12.4600 ,   41.8800 ,-,Roma|Lazio|Italia|it,Roma,Lazio,Italia,it
ARDC,ARDC,-,    -77.0800 ,   38.8800 ,USAF,Arlington|Virginia|United States of America|us,Arlington,Virginia,United States of America,us
ARDCA,ARDC,-,    -71.1100 ,   42.3700 ,USAF,Cambridge|Massachusetts|United States of America|us,Cambridge,Massachusetts,United States of America,us
ARGMA,ARGMA,-,    -86.6500 ,   34.6800 ,AOMC,|Alabama|United States of America|us,,Alabama,United States of America,us
ARGOT,ArgoTec,-,      7.6800 ,   45.0800 ,-,Torino|Piemonte|Italia|it,Torino,Piemonte,Italia,it
ARH,AeRock Holdings,-,   -121.3000 ,   38.5900 ,-,Rancho Cordova|California|United States of America|us,Rancho Cordova,California,United States of America,us
ARIAQ,Ariane Aquitaine,-,     -0.7200 ,   44.9000 ,ADS,Saint-Médard-en-Jalles|Nouvelle-Aquitaine|France|fr,Saint-Médard-en-Jalles,Nouvelle-Aquitaine,France,fr
ARIB,ArianeGp/Bremen,-,      8.3000 ,   53.0800 ,ADS,Sandtange|Niedersachsen|Deutschland|de,Sandtange,Niedersachsen,Deutschland,de
ARIG,ArianeGroup,-,      1.9200 ,   48.9900 ,ADS,Les Mureaux|Île-de-France|France|fr,Les Mureaux,Île-de-France,France,fr
ARIU,Ariel U,-,     35.2100 ,   32.1000 ,-,אריאל|יהודה ושומרון|الأراضي الفلسطينية|ps,אריאל,יהודה ושומרון,الأراضي الفلسطينية,ps
ARKE,ArkEdge,ArkEdge Space,    139.7900 ,   35.6300 ,-,江東区||日本|jp,江東区,,日本,jp
ARMAD,Armadillo,-,    -96.6100 ,   32.7800 ,-,Mesquite|Texas|United States of America|us,Mesquite,Texas,United States of America,us
ARMF,Armees,French Armed Forces,      2.3000 ,   48.8600 ,F,Paris|Île-de-France|France|fr,Paris,Île-de-France,France,fr
ARMT,China ARMT,Academy of Rocket Motors Technology (CASC 4th Academy),    108.9500 ,   34.2700 ,CASC,新城区|陕西省|中国|cn,新城区,陕西省,中国,cn
ARPA,ARPA,-,    -77.0200 ,   38.9000 ,DOD,Washington|District of Columbia|United States of America|us,Washington,District of Columbia,United States of America,us
ARPA2,ARPA,-,    -77.0200 ,   38.9000 ,DOD,Washington|District of Columbia|United States of America|us,Washington,District of Columbia,United States of America,us
ARR,ARR,Andoya Research Range,     69.2400 ,   16.0200 ,-,,,,,
ARRAY,Array Labs,-,   -121.1700 ,   37.4400 ,-,|California|United States of America|us,,California,United States of America,us
ARRS,Andoya,Andoya Space Center,     69.2400 ,   16.0200 ,-,,,,,
ARROW,Arrow Sci Tech,-,    -95.1200 ,   29.5400 ,-,Webster|Texas|United States of America|us,Webster,Texas,United States of America,us
ARSAT,AR-SAT,Argentina Satellite Solutions,    -58.3800 ,  -34.6000 ,-,Buenos Aires|Ciudad Autónoma de Buenos Aires|Argentina|ar,Buenos Aires,Ciudad Autónoma de Buenos Aires,Argentina,ar
ARSL,Arsenal,Arsenal Design Bureau,     30.3100 ,   59.9400 ,-,Санкт-Петербург|Санкт-Петербург|Россия|ru,Санкт-Петербург,Санкт-Петербург,Россия,ru
ARSLO,Arsenal,Arsenal Design Bureau,     30.3100 ,   59.9400 ,ORKK,Санкт-Петербург|Санкт-Петербург|Россия|ru,Санкт-Петербург,Санкт-Петербург,Россия,ru
ARTEC,USA TEC,-,    -77.1500 ,   38.7200 ,USA,Fort Belvoir|Virginia|United States of America|us,Fort Belvoir,Virginia,United States of America,us
ARTOPL,USA ETL,-,    -77.1500 ,   38.7200 ,USA,Fort Belvoir|Virginia|United States of America|us,Fort Belvoir,Virginia,United States of America,us
ARTOPO,USA TOPO,-,    -77.1100 ,   38.9800 ,USA,Bethesda|Maryland|United States of America|us,Bethesda,Maryland,United States of America,us
ASAL,ASAL,Algerian Space Agency,      3.0600 ,   36.7500 ,-,Belouizdad ⴱⴻⵍⵡⴻⵣⴷⴰⴷ بلوزداد|Alger|Algérie ⵍⵣⵣⴰⵢⴻⵔ الجزائر|dz,Belouizdad ⴱⴻⵍⵡⴻⵣⴷⴰⴷ بلوزداد,Alger,Algérie ⵍⵣⵣⴰⵢⴻⵔ الجزائر,dz
ASBC,ASBC,Advanced Space Business Corporation,    139.7500 ,   35.6900 ,-,千代田区||日本|jp,千代田区,,日本,jp
ASC24,ASC 24,Atsushi Tamura's Space Challege '24,    139.7500 ,   35.6900 ,-,千代田区||日本|jp,千代田区,,日本,jp
ASC45,45OG Det 2,-,    -14.4100 ,   -7.9800 ,USAF,"||Saint Helena, Ascension and Tristan da Cunha|sh",,,"Saint Helena, Ascension and Tristan da Cunha",sh
ASCO,ASC,-,    -77.2700 ,   39.1800 ,-,Germantown|Maryland|United States of America|us,Germantown,Maryland,United States of America,us
ASE,ASE,-,    -71.1100 ,   42.3700 ,-,Cambridge|Massachusetts|United States of America|us,Cambridge,Massachusetts,United States of America,us
ASELSN,Aselsan,ASELSAN A.S.,     32.8700 ,   39.9300 ,-,Ankara|Ankara|Türkiye|tr,Ankara,Ankara,Türkiye,tr
ASES,Shanghai ASES,Shanghai ASES Spaceflight Technology Co. Ltd.,    121.4700 ,   31.2300 ,ASES0,上海市|上海市|中国|cn,上海市,上海市,中国,cn
ASES0,ASE Shanghai,Aerospace System Engineering Shanghai,    121.4700 ,   31.2300 ,-,上海市|上海市|中国|cn,上海市,上海市,中国,cn
ASFL,Airbus Safran,-,      1.9200 ,   48.9900 ,ADS,Les Mureaux|Île-de-France|France|fr,Les Mureaux,Île-de-France,France,fr
ASGARD,Asgardia,-,     16.3700 ,   48.2000 ,-,Wien||Österreich|at,Wien,,Österreich,at
ASI,ASI,Italian Space Agency,     12.4900 ,   41.8900 ,I,Roma|Lazio|Italia|it,Roma,Lazio,Italia,it
ASIA,Asiasat,"Asia Satellite Telecom, Hong Kong",    114.2000 ,   22.3000 ,-,香港島 Hong Kong Island|香港 Hong Kong|中国|cn,香港島 Hong Kong Island,香港 Hong Kong,中国,cn
ASID,Armstrong Sid.,-,     -1.5100 ,   52.4100 ,-,Coventry|England|United Kingdom|gb,Coventry,England,United Kingdom,gb
ASL,ASL,-,   -106.3800 ,   32.4000 ,WSMR,|New Mexico|United States of America|us,,New Mexico,United States of America,us
ASPLB,Aerospacelab,-,      4.6200 ,   40.6300 ,-,,,,,
ASTA,AstroA,-,   -119.4900 ,   34.4000 ,-,Carpinteria|California|United States of America|us,Carpinteria,California,United States of America,us
ASTBT,Astrobotic,-,    -79.9800 ,   40.4400 ,-,Pittsburgh|Pennsylvania|United States of America|us,Pittsburgh,Pennsylvania,United States of America,us
ASTD,Astrium,-,      8.3000 ,   53.0800 ,-,Sandtange|Niedersachsen|Deutschland|de,Sandtange,Niedersachsen,Deutschland,de
ASTDF,Astrium-Frh.,-,      9.4800 ,   47.6500 ,-,Friedrichshafen|Baden-Württemberg|Deutschland|de,Friedrichshafen,Baden-Württemberg,Deutschland,de
ASTDYN,Astrodyne,-,    -97.4200 ,   31.4300 ,-,McGregor|Texas|United States of America|us,McGregor,Texas,United States of America,us
ASTRAN,Astranis,-,   -122.4200 ,   37.7800 ,-,San Francisco|California|United States of America|us,San Francisco,California,United States of America,us
ASTFN,AstroFein,-,     13.3900 ,   52.5200 ,-,Berlin||Deutschland|de,Berlin,,Deutschland,de
ASTL,Astrium/Lamp.,-,      9.4000 ,   49.2700 ,-,Lampoldshausen|Baden-Württemberg|Deutschland|de,Lampoldshausen,Baden-Württemberg,Deutschland,de
ASTM,Astrium Barajas,-,     -3.5900 ,   40.4700 ,EADS,Madrid|Comunidad de Madrid|España|es,Madrid,Comunidad de Madrid,España,es
ASTNA,Astrium N America,-,    -95.1200 ,   29.5400 ,ADS,Webster|Texas|United States of America|us,Webster,Texas,United States of America,us
ASTO,Astrium/Ottobrunn,-,     11.6700 ,   48.0700 ,-,Neubiberg|Bayern|Deutschland|de,Neubiberg,Bayern,Deutschland,de
ASTRA,Astra LLC,-,   -105.2700 ,   40.0100 ,-,Boulder|Colorado|United States of America|us,Boulder,Colorado,United States of America,us
ASTRIX,Astrix,-,    174.7700 ,   36.8500 ,-,,,,,
ASTRV,Astra,-,   -122.2700 ,   37.7600 ,-,Alameda|California|United States of America|us,Alameda,California,United States of America,us
ASTS,AST & Science,-,   -102.2100 ,   31.9400 ,-,Midland|Texas|United States of America|us,Midland,Texas,United States of America,us
ASTSC,Astroscale,-,    139.6800 ,   35.6800 ,-,渋谷区||日本|jp,渋谷区,,日本,jp
ASTT,Astrium/Toulouse,-,      1.4700 ,   43.5600 ,-,Toulouse|Occitanie|France|fr,Toulouse,Occitanie,France,fr
ASTUK,Astrium (UK),-,     -0.2000 ,   51.9000 ,EADS,Stevenage|England|United Kingdom|gb,Stevenage,England,United Kingdom,gb
ASU,Arizona SU,-,   -111.9300 ,   33.4200 ,-,Tempe|Arizona|United States of America|us,Tempe,Arizona,United States of America,us
ATECH,Astrotech,-,    -80.8200 ,   28.5900 ,SHAB,Titusville|Florida|United States of America|us,Titusville,Florida,United States of America,us
ATECHS,Astrotech SO,-,    -76.8900 ,   38.9900 ,SHAB,Greenbelt|Maryland|United States of America|us,Greenbelt,Maryland,United States of America,us
ATECHT,Astrotech,-,    -97.7300 ,   30.2700 ,-,Austin|Texas|United States of America|us,Austin,Texas,United States of America,us
ATEF,ATEF,Technical Association for Rocket Studies,      2.3000 ,   48.8600 ,-,Paris|Île-de-France|France|fr,Paris,Île-de-France,France,fr
ATHERM,Aerotherm,-,   -106.6100 ,   35.1100 ,-,Albuquerque|New Mexico|United States of America|us,Albuquerque,New Mexico,United States of America,us
ATI,ATI,-,   -122.1400 ,   37.4300 ,-,Palo Alto|California|United States of America|us,Palo Alto,California,United States of America,us
ATK,ATK,-,    -93.4700 ,   44.8500 ,-,Eden Prairie|Minnesota|United States of America|us,Eden Prairie,Minnesota,United States of America,us
ATKAB,ATK/Able,-,   -119.8100 ,   34.4400 ,ATK,Goleta|California|United States of America|us,Goleta,California,United States of America,us
ATKABL,ATK ABL,-,    -78.8300 ,   39.5600 ,ATK,|West Virginia|United States of America|us,,West Virginia,United States of America,us
ATKB,ATK Defense,-,    -76.6200 ,   39.2800 ,ATK,Baltimore|Maryland|United States of America|us,Baltimore,Maryland,United States of America,us
ATKE,ATK/Elkton,-,    -75.8300 ,   39.6100 ,ATK,Elkton|Maryland|United States of America|us,Elkton,Maryland,United States of America,us
ATKG,ATK GASL,-,    -73.1300 ,   40.8100 ,ATK,Brentwood|New York|United States of America|us,Brentwood,New York,United States of America,us
ATKP,ATK/Promonotory,-,   -112.5500 ,   41.6200 ,ATK,|Utah|United States of America|us,,Utah,United States of America,us
ATKH,Alliant,-,   -112.0800 ,   40.7000 ,ATK,Magna|Utah|United States of America|us,Magna,Utah,United States of America,us
ATKL,ATK-Launch,-,   -112.5500 ,   41.6200 ,ATK,|Utah|United States of America|us,,Utah,United States of America,us
ATKS,ATK Space,-,    -76.9200 ,   39.0400 ,ATK,Beltsville|Maryland|United States of America|us,Beltsville,Maryland,United States of America,us
ATKTN,ATK Prop. Ctrls.,-,    -86.2100 ,   35.3700 ,ATK,Tullahoma|Tennessee|United States of America|us,Tullahoma,Tennessee,United States of America,us
ATLA,ARC,-,    -77.0500 ,   38.8000 ,-,Alexandria|Virginia|United States of America|us,Alexandria,Virginia,United States of America,us
ATLC,ARC MSD,-,   -117.9100 ,   33.6700 ,-,Costa Mesa|California|United States of America|us,Costa Mesa,California,United States of America,us
ATLCA,ARC Camden,-,    -92.7400 ,   33.6100 ,-,East Camden|Arkansas|United States of America|us,East Camden,Arkansas,United States of America,us
ATLH,ATL Ltd,-,     19.0500 ,   47.6200 ,-,Budakalász||Magyarország|hu,Budakalász,,Magyarország,hu
ATLL,ARC Corp,-,    -79.0200 ,   43.1000 ,-,City of Niagara Falls|New York|United States of America|us,City of Niagara Falls,New York,United States of America,us
ATLM,ARC Monrovia,-,   -118.0000 ,   34.1500 ,-,Monrovia|California|United States of America|us,Monrovia,California,United States of America,us
ATLR,ARC Corp,-,    -77.6200 ,   38.7900 ,-,|Virginia|United States of America|us,,Virginia,United States of America,us
ATLRA,ARC Corp,-,    -77.6200 ,   38.7900 ,AJGC,|Virginia|United States of America|us,,Virginia,United States of America,us
ATLU,RO,-,     -0.9600 ,   51.8500 ,-,Westcott|England|United Kingdom|gb,Westcott,England,United Kingdom,gb
ATMIR,Austromir,-,     16.3600 ,   48.2100 ,BMWFO,Wien||Österreich|at,Wien,,Österreich,at
ATMOS,ATMOS Space Cargo,-,      8.0100 ,   48.7300 ,-,Ulm|Baden-Württemberg|Deutschland|de,Ulm,Baden-Württemberg,Deutschland,de
ATOMOS,Atomos,-,   -105.1100 ,   39.9100 ,-,|Colorado|United States of America|us,,Colorado,United States of America,us
ATSB,ATSB,-,    101.5100 ,    3.0700 ,-,Shah Alam|Selangor|Malaysia|my,Shah Alam,Selangor,Malaysia,my
ATSP,ATSpace,-,    138.5300 ,   34.8500 ,TISPACE,静岡市||日本|jp,静岡市,,日本,jp
ATT,AT&T,-,    -74.6900 ,   40.6700 ,-,Bedminster Township|New Jersey|United States of America|us,Bedminster Township,New Jersey,United States of America,us
ATTH,AT&T HI,-,   -157.8200 ,   21.3000 ,ATT,East Honolulu|Hawaii|United States of America|us,East Honolulu,Hawaii,United States of America,us
ATTS,AT&T Skynet,-,    -74.6900 ,   40.6700 ,ATT,Bedminster Township|New Jersey|United States of America|us,Bedminster Township,New Jersey,United States of America,us
AUBU,Auburn U,-,    -85.4900 ,   32.6000 ,-,Auburn|Alabama|United States of America|us,Auburn,Alabama,United States of America,us
AUCZ,Astron. Ustav.,Astronomical Institute of the Czech Academy of Sciences,     14.7800 ,   49.9200 ,ANCZ,Ondřejov|Střední Čechy|Česko|cz,Ondřejov,Střední Čechy,Česko,cz
AUDACY,Audacy,-,   -122.0800 ,   37.3900 ,-,Mountain View|California|United States of America|us,Mountain View,California,United States of America,us
AUDISR,Australia DIISR,-,    149.1200 ,   35.3100 ,AU,,,,,
AUINS,Aurora Insight,-,    -77.0200 ,   38.9000 ,-,Washington|District of Columbia|United States of America|us,Washington,District of Columbia,United States of America,us
AUINSH,Aurora Insight,-,    -77.0200 ,   38.9000 ,HE360,Washington|District of Columbia|United States of America|us,Washington,District of Columbia,United States of America,us
AUINSM,Aurora Insight,-,    -77.0200 ,   38.9000 ,MAXAR,Washington|District of Columbia|United States of America|us,Washington,District of Columbia,United States of America,us
AURAK,AURAK,-,     55.9500 ,   25.7800 ,-,رأس الخيمة|رأس الخيمة|الإمارات العربية المتحدة|ae,رأس الخيمة,رأس الخيمة,الإمارات العربية المتحدة,ae
AURFS,Aurora Flt.Sci.,-,    -77.5156 ,   38.7214 ,BOE,Manassas|Virginia|United States of America|us,Manassas,Virginia,United States of America,us
AURFSC,Payload Systems,-,    -71.0800 ,   42.3700 ,-,Cambridge|Massachusetts|United States of America|us,Cambridge,Massachusetts,United States of America,us
AURPT,Aurora PT,-,     24.6600 ,   60.2100 ,-,Espoo|Uusimaa|Suomi / Finland|fi,Espoo,Uusimaa,Suomi / Finland,fi
AURRI,Aurora College,-,   -133.7300 ,   68.3600 ,-,Inuvik|Northwest Territories|Canada|ca,Inuvik,Northwest Territories,Canada,ca
AUSA,AUSA,-,    138.6000 ,  -34.9200 ,-,Adelaide|South Australia|Australia|au,Adelaide,South Australia,Australia,au
AUSP,Auspace,-,    149.1700 ,  -35.3300 ,-,Canberra||Australia|au,Canberra,,Australia,au
AUSS,Aussat,-,    151.2100 ,  -33.8700 ,-,Sydney|New South Wales|Australia|au,Sydney,New South Wales,Australia,au
AUT,AUT,Aichi University of Technology,    137.1900 ,   34.8300 ,-,幸田町||日本|jp,幸田町,,日本,jp
AVANTI,Avanti,-,     -0.1100 ,   51.5100 ,-,City of London|England|United Kingdom|gb,City of London,England,United Kingdom,gb
AVCO,Avco,-,    -71.1700 ,   42.5500 ,-,Wilmington|Massachusetts|United States of America|us,Wilmington,Massachusetts,United States of America,us
AVIB,Avibras,-,    -45.8800 ,  -23.1900 ,-,São José dos Campos|São Paulo|Brasil|br,São José dos Campos,São Paulo,Brasil,br
AVIO,Avio,-,     13.0200 ,   41.7300 ,-,Segni|Lazio|Italia|it,Segni,Lazio,Italia,it
AVKO,AVKO,-,      8.6900 ,   53.8600 ,-,Cuxhaven|Niedersachsen|Deutschland|de,Cuxhaven,Niedersachsen,Deutschland,de
AVS,AVS,-,     -2.6800 ,   42.9100 ,-,Zigoitia|Euskadi|España|es,Zigoitia,Euskadi,España,es
AVSP,Avant Space,Avant Space,     37.3600 ,   55.7000 ,-,Москва|Москва|Россия|ru,Москва,Москва,Россия,ru
AWS,AWS,-,    -94.5900 ,   37.1200 ,USAF,|Missouri|United States of America|us,,Missouri,United States of America,us
AXEL,AXELSPACE,-,    139.7500 ,   35.6900 ,-,千代田区||日本|jp,千代田区,,日本,jp
AXIOM,Axiom Space,-,    -95.1100 ,   29.5600 ,-,Houston|Texas|United States of America|us,Houston,Texas,United States of America,us
AZBST,Azista BST,-,     72.5800 ,   23.0300 ,-,Ahmedabad|Gujarat|India|in,Ahmedabad,Gujarat,India,in
AZER,Azerkosmos,"Azerkosmos, Min. of Comms and IT.",     49.8800 ,   40.4000 ,AZRITN,Bakı İnzibati Ərazisi||Azərbaycan|az,Bakı İnzibati Ərazisi,,Azərbaycan,az
AZRITN,Azerspace,Ministry of Communications and Information Technnology,     49.8800 ,   40.4000 ,-,Bakı İnzibati Ərazisi||Azərbaycan|az,Bakı İnzibati Ərazisi,,Azərbaycan,az
B1440,Byuro 1440,-,     37.6000 ,   55.7700 ,-,Москва|Москва|Россия|ru,Москва,Москва,Россия,ru
BABCK,Babcock,-,     -0.1500 ,   51.5200 ,-,City of London|England|United Kingdom|gb,City of London,England,United Kingdom,gb
BABTS,Babakin,-,     37.4500 ,   55.9000 ,NPOL,Химки|Московская область|Россия|ru,Химки,Московская область,Россия,ru
BAC,BAC,-,     -2.5700 ,   51.5100 ,-,Bristol|England|United Kingdom|gb,Bristol,England,United Kingdom,gb
BACB,Bristol/Banwell,-,     -2.8600 ,   51.3300 ,-,Banwell|England|United Kingdom|gb,Banwell,England,United Kingdom,gb
BAEB,BAE Sys. Boulder,-,   -105.2700 ,   40.0100 ,BAES,Boulder|Colorado|United States of America|us,Boulder,Colorado,United States of America,us
BAEF,BAE Filton,-,     -2.5700 ,   51.5100 ,-,Bristol|England|United Kingdom|gb,Bristol,England,United Kingdom,gb
BAEG,BAE Sys DI,-,     -0.6200 ,   51.2400 ,BAES,Guildford|England|United Kingdom|gb,Guildford,England,United Kingdom,gb
BAENH,BAE NH,-,    -71.4600 ,   42.7600 ,-,Nashua|New Hampshire|United States of America|us,Nashua,New Hampshire,United States of America,us
BAES,BAe,-,     -0.2000 ,   51.9000 ,-,Stevenage|England|United Kingdom|gb,Stevenage,England,United Kingdom,gb
BAJ,BAJ CA,-,    -97.1400 ,   49.9000 ,-,Winnipeg|Manitoba|Canada|ca,Winnipeg,Manitoba,Canada,ca
BAJUK,BAJ UK,-,     -2.8600 ,   51.3300 ,-,Banwell|England|United Kingdom|gb,Banwell,England,United Kingdom,gb
BAL,BAL,-,    -97.1400 ,   49.9000 ,-,Winnipeg|Manitoba|Canada|ca,Winnipeg,Manitoba,Canada,ca
BALM,BAL (Magellan),-,    -97.1400 ,   49.9000 ,-,Winnipeg|Manitoba|Canada|ca,Winnipeg,Manitoba,Canada,ca
BALL,Ball,-,   -105.2700 ,   40.0100 ,-,Boulder|Colorado|United States of America|us,Boulder,Colorado,United States of America,us
BAMA,U Alabama,-,    -87.5461 ,   33.2108 ,-,Tuscaloosa|Alabama|United States of America|us,Tuscaloosa,Alabama,United States of America,us
BAS,BAS,-,      0.1000 ,   52.2100 ,-,Cambridge|England|United Kingdom|gb,Cambridge,England,United Kingdom,gb
BAUM,MGTU Bauman,Baumann Moscow State Technical University,     37.6800 ,   55.7700 ,-,Москва|Москва|Россия|ru,Москва,Москва,Россия,ru
BAYCH,Bayern-Chemie,-,     12.3600 ,   48.2000 ,-,Aschau am Inn|Bayern|Deutschland|de,Aschau am Inn,Bayern,Deutschland,de
BAYI,Bayi School,Beijing Bayi School,    116.3800 ,   39.9200 ,-,西城区|北京市|中国|cn,西城区,北京市,中国,cn
BAZMQ,BAZOOMQ,-,     44.5100 ,   40.1800 ,-,Երևան||Հայաստան|am,Երևան,,Հայաստան,am
BBRI,BlackBridge,-,     12.5300 ,   52.4200 ,-,Brandenburg an der Havel|Brandenburg|Deutschland|de,Brandenburg an der Havel,Brandenburg,Deutschland,de
BCCT,Bangkok Cr.Col.,Bangkok Christian College,    100.5200 ,   13.7200 ,-,กรุงเทพมหานคร||ประเทศไทย|th,กรุงเทพมหานคร,,ประเทศไทย,th
BCSCL,BCSCL,-,     90.4000 ,   23.7200 ,BTRC,ঢাকা|ঢাকা বিভাগ|বাংলাদেশ|bd,ঢাকা,ঢাকা বিভাগ,বাংলাদেশ,bd
BDS,Bonyan Danesh,-,     51.3900 ,   35.6900 ,-,شهر تهران|استان تهران|ایران|ir,شهر تهران,استان تهران,ایران,ir
BDSAGR,GZH-NHK BDS AGR,GHZ-NHK BDS Agricultural Tech. Co.,    113.6500 ,   34.7500 ,-,郑州市|河南省|中国|cn,郑州市,河南省,中国,cn
BDSEN,BD SENSORS,-,     17.3400 ,   49.0800 ,-,Buchlovice|Střední Morava|Česko|cz,Buchlovice,Střední Morava,Česko,cz
BELGU,NIU BelGU,Belgorod State University,     36.5800 ,   50.5900 ,-,Белгород|Белгородская область|Россия|ru,Белгород,Белгородская область,Россия,ru
BELINT,Belintersat,Belintersat,     27.5700 ,   53.9000 ,ZTZM,Мінск||Беларусь|by,Мінск,,Беларусь,by
BELL,Bell,-,    -79.0200 ,   43.1000 ,-,City of Niagara Falls|New York|United States of America|us,City of Niagara Falls,New York,United States of America,us
BELM,Belg. Luchtmacht,Belgian Air Force,      4.3500 ,   50.8500 ,-,Bruxelles - Brussel||België / Belgique / Belgien|be,Bruxelles - Brussel,,België / Belgique / Belgien,be
BELT,Bell,-,    -79.0200 ,   43.1000 ,-,City of Niagara Falls|New York|United States of America|us,City of Niagara Falls,New York,United States of America,us
BENCH,Benchmark,-,    -73.2100 ,   44.4700 ,-,Burlington|Vermont|United States of America|us,Burlington,Vermont,United States of America,us
BENDX,Bendix,-,    -83.7500 ,   42.2800 ,-,Ann Arbor|Michigan|United States of America|us,Ann Arbor,Michigan,United States of America,us
BERG,Bergen,University of Bergen,      5.3200 ,   60.3900 ,-,Bergen||Norge|no,Bergen,,Norge,no
BERN,Bern,Bern University,      7.4400 ,   46.9500 ,-,Bern|Bern/Berne|Schweiz/Suisse/Svizzera/Svizra|ch,Bern,Bern/Berne,Schweiz/Suisse/Svizzera/Svizra,ch
BGOPT,BG-Optiks,BG Optics,     37.6800 ,   55.7700 ,-,Москва|Москва|Россия|ru,Москва,Москва,Россия,ru
BGRAT,Beyond Gravity AT,Beyond Gravity Austria,     16.3700 ,   48.2000 ,RUAG,Wien||Österreich|at,Wien,,Österreich,at
BGRAZ,Beyond Gravity,-,      8.3000 ,   47.0800 ,-,Emmen|Luzern|Schweiz/Suisse/Svizzera/Svizra|ch,Emmen,Luzern,Schweiz/Suisse/Svizzera/Svizra,ch
BGSAT,Bulgaria Sat,-,     25.6500 ,   42.4300 ,BULSAT,Стара Загора|Стара Загора|България|bg,Стара Загора,Стара Загора,България,bg
BGTU,BGTU,"Baltic State Technical U. ""Voenmekh"" D.F. Ustinov",     30.3200 ,   59.9200 ,-,Санкт-Петербург|Санкт-Петербург|Россия|ru,Санкт-Петербург,Санкт-Петербург,Россия,ru
BGU,Ben-Gurion U.,Ben-Gurion University of the Negev,     34.8100 ,   31.2600 ,-,באר שבע|מחוז הדרום|ישראל|il,באר שבע,מחוז הדרום,ישראל,il
BHSJ,Beijing HSJ,Beijing Aerospace World View Information Technology Ltd,    116.3800 ,   39.9200 ,-,西城区|北京市|中国|cn,西城区,北京市,中国,cn
BIGEL,Bigelow,-,   -115.1500 ,   36.2300 ,-,North Las Vegas|Nevada|United States of America|us,North Las Vegas,Nevada,United States of America,us
BINA,Binariang,-,    101.6800 ,    3.1300 ,-,Sentral|Kuala Lumpur|Malaysia|my,Sentral,Kuala Lumpur,Malaysia,my
BIR,Bir,-,     -1.9300 ,   52.4500 ,-,Birmingham|England|United Kingdom|gb,Birmingham,England,United Kingdom,gb
BISME,BISME,Beijing Inst. of Space Machinery and Electricity,    116.3800 ,   39.9200 ,CAST,西城区|北京市|中国|cn,西城区,北京市,中国,cn
BIT,BIT,Beijing Inst. of Technology,    116.3100 ,   39.9600 ,-,海淀区|北京市|中国|cn,海淀区,北京市,中国,cn
BIUST,BIUST,-,     27.1300 ,  -22.5500 ,-,Palapye|Central District|Botswana|bw,Palapye,Central District,Botswana,bw
BKSA,BAKSA,Space Science Division,    101.6800 ,    3.1300 ,-,Sentral|Kuala Lumpur|Malaysia|my,Sentral,Kuala Lumpur,Malaysia,my
BLCAN,Blue Canyon,-,   -105.2700 ,   40.0100 ,-,Boulder|Colorado|United States of America|us,Boulder,Colorado,United States of America,us
BLMIT,BLMIT,Beijing Landview Mapping Information Technology Co.,    116.3000 ,   39.9600 ,21AT,海淀区|北京市|中国|cn,海淀区,北京市,中国,cn
BLOR,Blue Origin,-,   -122.2300 ,   47.3800 ,-,Kent|Washington|United States of America|us,Kent,Washington,United States of America,us
BLORCC,Blue Origin,-,    -80.6800 ,   28.5100 ,-,|Florida|United States of America|us,,Florida,United States of America,us
BLORH,Blue Origin,-,    -86.6900 ,   34.7300 ,-,Huntsville|Alabama|United States of America|us,Huntsville,Alabama,United States of America,us
BLORTX,Blue Origin,-,   -104.8300 ,   31.0400 ,BLOR,Van Horn|Texas|United States of America|us,Van Horn,Texas,United States of America,us
BLOT,Blue Origin,-,   -104.8300 ,   31.0400 ,BLOR,Van Horn|Texas|United States of America|us,Van Horn,Texas,United States of America,us
BLS,Boeing,-,   -118.0000 ,   33.6900 ,BOHB,Huntington Beach|California|United States of America|us,Huntington Beach,California,United States of America,us
BLSKSP,Blue Skies Space,-,     -0.0800 ,   51.5200 ,-,City of London|England|United Kingdom|gb,City of London,England,United Kingdom,gb
BMBF,BMBF,Ministry of Education and Research,      7.1000 ,   50.7300 ,D,Bonn|Nordrhein-Westfalen|Deutschland|de,Bonn,Nordrhein-Westfalen,Deutschland,de
BMBW,BMBW,Ministry of Education and Science,      7.1000 ,   50.7300 ,D,Bonn|Nordrhein-Westfalen|Deutschland|de,Bonn,Nordrhein-Westfalen,Deutschland,de
BME,BME,Budapest University of Technology and Economics,     19.0600 ,   47.4800 ,-,Budapest||Magyarország|hu,Budapest,,Magyarország,hu
BMFT,BMFT,Ministry of Research and Technology [Merged with BMBW?],      7.1000 ,   50.7300 ,D,Bonn|Nordrhein-Westfalen|Deutschland|de,Bonn,Nordrhein-Westfalen,Deutschland,de
BMDO,BMDO,-,    -77.0600 ,   38.8700 ,DOD,|Virginia|United States of America|us,,Virginia,United States of America,us
BMWF,BMwF,Federal Ministry for Scientific Research,      7.1000 ,   50.7300 ,D,Bonn|Nordrhein-Westfalen|Deutschland|de,Bonn,Nordrhein-Westfalen,Deutschland,de
BMWFO,BMWF Austra,Federal Ministry for Science and Research,     16.3600 ,   48.2100 ,-,Wien||Österreich|at,Wien,,Österreich,at
BMVG,BMVg,Federal Ministry of Defense,      7.0400 ,   50.7000 ,D,Bonn|Nordrhein-Westfalen|Deutschland|de,Bonn,Nordrhein-Westfalen,Deutschland,de
BNAP,BNA/Palmdale,-,   -118.1000 ,   34.5800 ,BOE,Palmdale|California|United States of America|us,Palmdale,California,United States of America,us
BNC,BNCSR,-,     -0.1300 ,   51.5000 ,-,City of Westminster|England|United Kingdom|gb,City of Westminster,England,United Kingdom,gb
BNC1,BNCSR SRC,-,     -0.1300 ,   51.5000 ,SRC,City of Westminster|England|United Kingdom|gb,City of Westminster,England,United Kingdom,gb
BNSC,BNSC,-,     -1.7800 ,   51.5600 ,-,Swindon|England|United Kingdom|gb,Swindon,England,United Kingdom,gb
BNSSA,Bahrain NSSA,National Space Science Agency,     50.5900 ,   26.2200 ,-,المنامة|محافظة العاصمة|البحرين|bh,المنامة,محافظة العاصمة,البحرين,bh
BNU,BNU,Beijing Normal University,    116.3600 ,   39.9600 ,-,海淀区|北京市|中国|cn,海淀区,北京市,中国,cn
BO2,Boeing,-,   -122.3000 ,   47.5400 ,BOE,Seattle|Washington|United States of America|us,Seattle,Washington,United States of America,us
BOC,Boeing,-,   -122.3000 ,   47.5700 ,BOE,Seattle|Washington|United States of America|us,Seattle,Washington,United States of America,us
BOCC,Boeing C.Crew,-,    -80.6000 ,   28.6100 ,BOC3PF,|Florida|United States of America|us,,Florida,United States of America,us
BOC3PF,Boeing C3PF,-,    -80.6000 ,   28.6100 ,BOE,|Florida|United States of America|us,,Florida,United States of America,us
BOCH,Bochum,Bochum Ruhr University,      7.2600 ,   51.4400 ,-,Bochum|Nordrhein-Westfalen|Deutschland|de,Bochum,Nordrhein-Westfalen,Deutschland,de
BOCP,Boeing/CanogaP,-,   -118.6000 ,   34.2000 ,BOE,Los Angeles|California|United States of America|us,Los Angeles,California,United States of America,us
BOE,Boeing,-,   -122.3000 ,   47.5400 ,-,Seattle|Washington|United States of America|us,Seattle,Washington,United States of America,us
BOEDD,Boeing EDD,-,   -118.3400 ,   33.8300 ,-,Torrance|California|United States of America|us,Torrance,California,United States of America,us
BOEI,Japan MoD,Japan Defense Ministry,    139.7400 ,   35.6900 ,-,千代田区||日本|jp,千代田区,,日本,jp
BOES,Boeing/ES,-,   -118.4100 ,   33.9200 ,BOE,El Segundo|California|United States of America|us,El Segundo,California,United States of America,us
BOHB,Boeing/HB,-,   -118.0000 ,   33.6900 ,BOE,Huntington Beach|California|United States of America|us,Huntington Beach,California,United States of America,us
BOHPS,Boeing/Houston,-,    -95.3800 ,   29.7600 ,BOE,Houston|Texas|United States of America|us,Houston,Texas,United States of America,us
BOHSV,Boeing/HSV,-,    -86.5900 ,   34.7300 ,BOE,Huntsville|Alabama|United States of America|us,Huntsville,Alabama,United States of America,us
BOHSM,Boeing/HSV,-,    -86.5900 ,   34.7300 ,BOE,Huntsville|Alabama|United States of America|us,Huntsville,Alabama,United States of America,us
BOKSC,Boeing/KSC,-,    -80.7900 ,   28.5200 ,BOE,Titusville|Florida|United States of America|us,Titusville,Florida,United States of America,us
BOKT,Boeing/Kent,-,   -122.2300 ,   47.3800 ,BOE,Kent|Washington|United States of America|us,Kent,Washington,United States of America,us
BOL,Bologna,-,     11.3400 ,   44.4900 ,-,Bologna|Emilia-Romagna|Italia|it,Bologna,Emilia-Romagna,Italia,it
BOLK,Bolkow,-,     11.6700 ,   48.0700 ,-,Neubiberg|Bayern|Deutschland|de,Neubiberg,Bayern,Deutschland,de
BOMI,Boeing/MAF,-,    -89.9200 ,   30.0200 ,BOE,New Orleans|Louisiana|United States of America|us,New Orleans,Louisiana,United States of America,us
BOMILL,Millenium  ES,-,   -118.4100 ,   33.9200 ,MILLEN,El Segundo|California|United States of America|us,El Segundo,California,United States of America,us
BOMIS,Boeing MAF,-,    -89.9200 ,   30.0200 ,-,New Orleans|Louisiana|United States of America|us,New Orleans,Louisiana,United States of America,us
BONN,Bonn,-,      7.1000 ,   50.7300 ,-,Bonn|Nordrhein-Westfalen|Deutschland|de,Bonn,Nordrhein-Westfalen,Deutschland,de
BONUM,BONUM-1,-,     37.6200 ,   55.7500 ,-,Москва|Москва|Россия|ru,Москва,Москва,Россия,ru
BOOZA,Booz Allen,-,    -77.1800 ,   38.9300 ,-,McLean|Virginia|United States of America|us,McLean,Virginia,United States of America,us
BOPBL,Boeing/Pueblo,-,   -104.6200 ,   38.2700 ,BOE,Pueblo|Colorado|United States of America|us,Pueblo,Colorado,United States of America,us
BOPW,Boeing/St Louis,-,    -90.2000 ,   38.6300 ,BOE,Saint Louis|Missouri|United States of America|us,Saint Louis,Missouri,United States of America,us
BOSE,Boeing/Houston,-,    -95.3800 ,   29.7600 ,BOE,Houston|Texas|United States of America|us,Houston,Texas,United States of America,us
BOSB,Boeing/Seal Beach,-,   -118.0800 ,   33.7600 ,BOE,Seal Beach|California|United States of America|us,Seal Beach,California,United States of America,us
BOSL,SeaLaunch,-,   -118.2000 ,   33.7700 ,SEALP,Long Beach|California|United States of America|us,Long Beach,California,United States of America,us
BOTUL,Boeing/Tulsa,-,    -95.9400 ,   36.1300 ,BOE,Tulsa|Oklahoma|United States of America|us,Tulsa,Oklahoma,United States of America,us
BOUT,Boeing/Ogden,-,   -111.9600 ,   41.2300 ,BOE,Ogden|Utah|United States of America|us,Ogden,Utah,United States of America,us
BPD,BPD,BPD Defense and Space,     13.0200 ,   41.7300 ,-,Segni|Lazio|Italia|it,Segni,Lazio,Italia,it
BPT,BPT,-,      6.9500 ,   50.9400 ,DFVLR,Köln|Nordrhein-Westfalen|Deutschland|de,Köln,Nordrhein-Westfalen,Deutschland,de
BRCTA,CTA Brasil,General Command for Aerospace Technology,    -45.8800 ,  -23.1900 ,-,São José dos Campos|São Paulo|Brasil|br,São José dos Campos,São Paulo,Brasil,br
BREC,Bristol Engines,-,     -2.5700 ,   51.5100 ,-,Bristol|England|United Kingdom|gb,Bristol,England,United Kingdom,gb
BREI,Breisach,Ionosphere Research Insitute,      7.5800 ,   48.0300 ,-,Breisach am Rhein|Baden-Württemberg|Deutschland|de,Breisach am Rhein,Baden-Württemberg,Deutschland,de
BREM,Bremen,University of Bremen,      8.3000 ,   53.0800 ,-,Sandtange|Niedersachsen|Deutschland|de,Sandtange,Niedersachsen,Deutschland,de
BRAC,BRAC Univ.,-,     90.4100 ,   23.7800 ,-,ঢাকা|ঢাকা বিভাগ|বাংলাদেশ|bd,ঢাকা,ঢাকা বিভাগ,বাংলাদেশ,bd
BRAE,Bristol Aero Eng,-,     -2.5700 ,   51.5100 ,-,Bristol|England|United Kingdom|gb,Bristol,England,United Kingdom,gb
BRIC,Bristol Ae.,-,    -97.1400 ,   49.9000 ,-,Winnipeg|Manitoba|Canada|ca,Winnipeg,Manitoba,Canada,ca
BRID,Bank Rakyat Id.,-,    106.8200 ,   -6.2000 ,-,Jakarta Pusat||Indonesia|id,Jakarta Pusat,,Indonesia,id
BRIN,BRIN,National Research and Innovation Agency,    106.8200 ,   -6.2000 ,-,Jakarta Pusat||Indonesia|id,Jakarta Pusat,,Indonesia,id
BRIS,Bristol,-,     -2.6000 ,   51.4600 ,-,Bristol|England|United Kingdom|gb,Bristol,England,United Kingdom,gb
BRL,BRL,-,    -76.1700 ,   39.5100 ,USA,Aberdeen|Maryland|United States of America|us,Aberdeen,Maryland,United States of America,us
BRONC,Bronco Space,-,   -117.8200 ,   34.0600 ,-,Pomona|California|United States of America|us,Pomona,California,United States of America,us
BROWN,Brown Univ.,-,    -71.4000 ,   41.8300 ,-,Providence|Rhode Island|United States of America|us,Providence,Rhode Island,United States of America,us
BRSW,Braunschweig,Braunschweig Technical University,     10.5300 ,   52.2700 ,-,Braunschweig|Niedersachsen|Deutschland|de,Braunschweig,Niedersachsen,Deutschland,de
BRUNSW,Brunswick Corp.,-,   -117.9100 ,   33.6700 ,-,Costa Mesa|California|United States of America|us,Costa Mesa,California,United States of America,us
BRVCC,BrevardCC,-,    -80.6700 ,   28.1700 ,-,Melbourne|Florida|United States of America|us,Melbourne,Florida,United States of America,us
BSAT,BSAT,Broadcasting Satellite System Corp.,    139.7000 ,   35.6600 ,-,渋谷区||日本|jp,渋谷区,,日本,jp
BSB,BSB,-,     -0.1900 ,   51.4600 ,-,Greater London|England|United Kingdom|gb,Greater London,England,United Kingdom,gb
BSC,NASA BSC,-,    -76.8900 ,   38.9900 ,NASA,Greenbelt|Maryland|United States of America|us,Greenbelt,Maryland,United States of America,us
BSEL,Bristol Siddeley,-,     -2.5700 ,   51.5100 ,-,Bristol|England|United Kingdom|gb,Bristol,England,United Kingdom,gb
BSELC,Bristol Siddeley,-,     -1.4200 ,   52.4500 ,-,Rugby|England|United Kingdom|gb,Rugby,England,United Kingdom,gb
BSELL,Bristol Siddeley,-,     -0.4000 ,   51.7000 ,-,Watford|England|United Kingdom|gb,Watford,England,United Kingdom,gb
BSKB,BSkyB,-,     -0.3400 ,   51.4700 ,-,Greater London|England|United Kingdom|gb,Greater London,England,United Kingdom,gb
BSKG,BlackSky Global,-,   -122.2600 ,   47.4700 ,SFLIN,Tukwila|Washington|United States of America|us,Tukwila,Washington,United States of America,us
BST,Berlin Space T.,Berlin Space Technologies GmbH,     13.5500 ,   52.4400 ,-,Berlin||Deutschland|de,Berlin,,Deutschland,de
BSUBY,Belarus SU,Belarusian State Univesity,     27.5700 ,   53.9000 ,-,Мінск||Беларусь|by,Мінск,,Беларусь,by
BTDITT,Dept of IT/Tel,-,     89.6400 ,   27.4700 ,-,ཐིམ་ཕུག|ཐིམ་ཕུ་རྫོང་ཁག་|འབྲུག་ཡུལ།|bt,ཐིམ་ཕུག,ཐིམ་ཕུ་རྫོང་ཁག་,འབྲུག་ཡུལ།,bt
BTL,AT&T/BTL,-,    -74.4000 ,   40.7000 ,-,New Providence|New Jersey|United States of America|us,New Providence,New Jersey,United States of America,us
BTLW,AT&T/BTL-W,-,    -74.4200 ,   40.8200 ,BTL,Hanover Township|New Jersey|United States of America|us,Hanover Township,New Jersey,United States of America,us
BTRC,BTRC,Bangladesh Telecommunications Regulatory Commission,     90.4000 ,   23.7200 ,-,ঢাকা|ঢাকা বিভাগ|বাংলাদেশ|bd,ঢাকা,ঢাকা বিভাগ,বাংলাদেশ,bd
BTWK,Beijing TWK,Beijing Comsat Technology Development Co. Ltd.,    116.3800 ,   39.9200 ,-,西城区|北京市|中国|cn,西城区,北京市,中国,cn
BU,BU,-,    -71.1000 ,   42.3500 ,-,Boston|Massachusetts|United States of America|us,Boston,Massachusetts,United States of America,us
BUAA,Beihang,Beijing University of Aeronautics and Astronautics,    116.3500 ,   39.9800 ,-,海淀区|北京市|中国|cn,海淀区,北京市,中国,cn
BUAER,USN BuAer,-,    -77.0200 ,   38.9000 ,USN,Washington|District of Columbia|United States of America|us,Washington,District of Columbia,United States of America,us
BUAERG,USN BuAer GMD,-,    -77.0200 ,   38.9000 ,BUAER,Washington|District of Columbia|United States of America|us,Washington,District of Columbia,United States of America,us
BUCU,U. Bucharest,University of Bucharest,     26.1000 ,   44.4400 ,-,București||România|ro,București,,România,ro
BULSAT,Bulsatcom,-,     25.6500 ,   42.4300 ,-,Стара Загора|Стара Загора|България|bg,Стара Загора,Стара Загора,България,bg
BUORD,USN BuOrd,-,    -77.0200 ,   38.9000 ,USN,Washington|District of Columbia|United States of America|us,Washington,District of Columbia,United States of America,us
BUSEK,Busek,-,    -71.3500 ,   42.2800 ,-,Natick|Massachusetts|United States of America|us,Natick,Massachusetts,United States of America,us
BUWEPS,USN BuWeps,-,    -77.0200 ,   38.9000 ,USN,Washington|District of Columbia|United States of America|us,Washington,District of Columbia,United States of America,us
BWB,BWB,Federal Office of Defense Technology and Procurement,      7.6000 ,   50.3600 ,BWEHR,Koblenz|Rheinland-Pfalz|Deutschland|de,Koblenz,Rheinland-Pfalz,Deutschland,de
BWEHR,Bundeswehr,-,      7.1000 ,   50.7300 ,-,Bonn|Nordrhein-Westfalen|Deutschland|de,Bonn,Nordrhein-Westfalen,Deutschland,de
BWYIC,BWYIC,[Same as CALT?],    116.5100 ,   39.8100 ,CALT,大兴区|北京市|中国|cn,大兴区,北京市,中国,cn
BYU,BYU,-,   -111.6500 ,   40.2500 ,-,Provo|Utah|United States of America|us,Provo,Utah,United States of America,us
BYXYS,BYXYS,Beijing Institute of Remote Sensing Info. (GS Aerospace Reco,    116.3300 ,   40.0400 ,-,海淀区|北京市|中国|cn,海淀区,北京市,中国,cn
C360,Cinema 360,-,   -110.9500 ,   32.2300 ,-,Tucson|Arizona|United States of America|us,Tucson,Arizona,United States of America,us
C3S,C3S,-,     19.0500 ,   47.4900 ,-,Budapest||Magyarország|hu,Budapest,,Magyarország,hu
CABVS,Cablevision,-,    -73.4800 ,   40.7500 ,-,Bethpage|New York|United States of America|us,Bethpage,New York,United States of America,us
CACI,CACI,-,    -77.3500 ,   38.9500 ,-,Reston|Virginia|United States of America|us,Reston,Virginia,United States of America,us
CAL,Columbia,-,    -73.9600 ,   40.8100 ,-,City of New York|New York|United States of America|us,City of New York,New York,United States of America,us
CALET,CALET,-,    139.7200 ,   35.7100 ,WASEDA,新宿区||日本|jp,新宿区,,日本,jp
CALG,Calgary,-,   -114.1300 ,   51.0800 ,-,Calgary|Alberta|Canada|ca,Calgary,Alberta,Canada,ca
CALP,Cal Poly,-,   -120.6600 ,   35.3000 ,-,|California|United States of America|us,,California,United States of America,us
CALT,CALT,Chinese Academy of Launch Vehicle Technology (CASC 1st Acad),    116.3900 ,   39.7800 ,CASC,大兴区|北京市|中国|cn,大兴区,北京市,中国,cn
CALTQ,CALT,Chinese Academy of Launch Vehicle Technology (Sea Launch),    120.3100 ,   36.0600 ,CALT,市南区|山东省|中国|cn,市南区,山东省,中国,cn
CAM,Cambridge,-,      0.1000 ,   52.2100 ,-,Cambridge|England|United Kingdom|gb,Cambridge,England,United Kingdom,gb
CAMSAT,CAMSAT,-,    116.3800 ,   39.9200 ,-,西城区|北京市|中国|cn,西城区,北京市,中国,cn
CANON,Canon STL,Canon Electronics Ltd.,    139.6800 ,   35.6800 ,-,渋谷区||日本|jp,渋谷区,,日本,jp
CANOP,Canopus Sys,-,   -122.0800 ,   37.3900 ,DAUR,Mountain View|California|United States of America|us,Mountain View,California,United States of America,us
CAPSP,Capella Space,-,   -122.1400 ,   37.4300 ,-,Palo Alto|California|United States of America|us,Palo Alto,California,United States of America,us
CAPTU,Capitol Tech,-,    -76.8500 ,   39.0500 ,-,Laurel|Maryland|United States of America|us,Laurel,Maryland,United States of America,us
CARDE,CARDE,-,    -71.5000 ,   46.9000 ,-,Saint-Gabriel-de-Valcartier|Québec|Canada|ca,Saint-Gabriel-de-Valcartier,Québec,Canada,ca
CARDU,Cardiff,-,     -3.1800 ,   51.4900 ,-,Cardiff|Cymru / Wales|United Kingdom|gb,Cardiff,Cymru / Wales,United Kingdom,gb
CAREWX,Care Weather,-,   -111.6600 ,   40.2400 ,-,Provo|Utah|United States of America|us,Provo,Utah,United States of America,us
CARTH,Carthage College,-,    -87.8200 ,   42.6200 ,-,Kenosha|Wisconsin|United States of America|us,Kenosha,Wisconsin,United States of America,us
CAS,CAS,Chinese Academy of Sciences,    116.3800 ,   39.9200 ,-,西城区|北京市|中国|cn,西城区,北京市,中国,cn
CAS581,581 Group,CAS 581 Group (space science),    116.3800 ,   39.9200 ,-,西城区|北京市|中国|cn,西城区,北京市,中国,cn
CASA,CASA,-,     -3.5900 ,   40.4700 ,-,Madrid|Comunidad de Madrid|España|es,Madrid,Comunidad de Madrid,España,es
CASAG,CASA,-,     -3.7300 ,   40.3000 ,-,Getafe|Comunidad de Madrid|España|es,Getafe,Comunidad de Madrid,España,es
CASC,CASC,China Aerospace Corp,    116.3800 ,   39.9200 ,-,西城区|北京市|中国|cn,西城区,北京市,中国,cn
CASC1,CASC,China Aerospace Sci/Tech Corp,    116.3800 ,   39.9200 ,-,西城区|北京市|中国|cn,西城区,北京市,中国,cn
CASC2A,2nd Acad. 7thM.,2nd Academy of 7th Machine Building Ministry,    116.3800 ,   39.9200 ,CASC,西城区|北京市|中国|cn,西城区,北京市,中国,cn
CASC6A,6th Acad  7thM.,Academy of Aerospace Propulsion Technology,    108.9500 ,   34.2700 ,CASC,新城区|陕西省|中国|cn,新城区,陕西省,中国,cn
CASC6A1,6th Acad  CASC,Academy of Aerospace Propulsion Technology,    108.9500 ,   34.2700 ,CASC,新城区|陕西省|中国|cn,新城区,陕西省,中国,cn
CASDN,CASDN,National Defense Science Action Committee,      2.3000 ,   48.8600 ,-,Paris|Île-de-France|France|fr,Paris,Île-de-France,France,fr
CASG2,Geophysics 2,CAS Geophysics 2nd Office,    116.3800 ,   39.9200 ,-,西城区|北京市|中国|cn,西城区,北京市,中国,cn
CASIC,CASIC,China Aerospace Science and Industry Corp.,    116.3000 ,   39.9600 ,-,海淀区|北京市|中国|cn,海淀区,北京市,中国,cn
CASIC2A,CASIC 2nd Acad,CASIC 2nd Academy,    116.3800 ,   39.9200 ,CASIC,西城区|北京市|中国|cn,西城区,北京市,中国,cn
CASIC4A,CASIC 4th Acad,CASIC 4th Academy,    116.3800 ,   39.9200 ,CASIC,西城区|北京市|中国|cn,西城区,北京市,中国,cn
CASIE,CAS Inst.Elec.,CAS Institute of Electronics,    116.3000 ,   39.9600 ,CAS,海淀区|北京市|中国|cn,海淀区,北京市,中国,cn
CASIOM,CAS IOM,CAS Institute of Mechanics,    116.3000 ,   39.9600 ,CAS,海淀区|北京市|中国|cn,海淀区,北京市,中国,cn
CAST,CAST,"Chinese Academy of Space Technology, Beijing (CASC 5th Acad)",    116.3000 ,   39.9600 ,CASC,海淀区|北京市|中国|cn,海淀区,北京市,中国,cn
CASTBZ,CAST BSF,Beijing Satellite Factory,    116.3000 ,   39.9600 ,CAST,海淀区|北京市|中国|cn,海淀区,北京市,中国,cn
CASTIX,CAST IX Center,CAST International Exchange Center,    116.3800 ,   39.9200 ,CAST,西城区|北京市|中国|cn,西城区,北京市,中国,cn
CASTL,CASIC STL,CASIC Space Technology Ltd (CASIC 1st Acad?),    116.3000 ,   39.9600 ,CASIC,海淀区|北京市|中国|cn,海淀区,北京市,中国,cn
CATAP,Catapult,-,     -1.3100 ,   51.5800 ,OMS,Vale of White Horse|England|United Kingdom|gb,Vale of White Horse,England,United Kingdom,gb
CATHU,Catholic U,-,    -77.0000 ,   38.9300 ,-,Washington|District of Columbia|United States of America|us,Washington,District of Columbia,United States of America,us
CATON,Caton Univ. Tech,Beijing Caton Universal Technology Co. Ltd.,    116.3800 ,   39.9200 ,-,西城区|北京市|中国|cn,西城区,北京市,中国,cn
CBKPL,CBK,"Space Research Center, Polish Academy of Sciences",     21.0200 ,   52.2300 ,-,Warszawa|województwo mazowieckie|Polska|pl,Warszawa,województwo mazowieckie,Polska,pl
CBMET,CBMET,-,    144.9600 ,  -37.8100 ,-,Melbourne|Victoria|Australia|au,Melbourne,Victoria,Australia,au
CCSST,CCSST,"Center for Space Science and Technology, CAS",    116.3800 ,   39.9200 ,CAS,西城区|北京市|中国|cn,西城区,北京市,中国,cn
CCTV,CCTV,China Central Television,    116.3800 ,   39.9200 ,-,西城区|北京市|中国|cn,西城区,北京市,中国,cn
CDTI,CDTI,Centre for the Development of Industrial Technology,     -3.7300 ,   40.4500 ,-,Madrid|Comunidad de Madrid|España|es,Madrid,Comunidad de Madrid,España,es
CEA,CEA,-,      2.1700 ,   48.7300 ,-,Saclay||France|fr,Saclay,,France,fr
CECOM,USA CECOM,-,    -74.0500 ,   40.3100 ,USA,Eatontown|New Jersey|United States of America|us,Eatontown,New Jersey,United States of America,us
CECOMA,USA CECOM (A),-,    -76.1400 ,   39.4700 ,USA,Aberdeen Proving Ground|Maryland|United States of America|us,Aberdeen Proving Ground,Maryland,United States of America,us
CEIIA,CEIIA,-,     -8.7000 ,   41.1800 ,-,Matosinhos||Portugal|pt,Matosinhos,,Portugal,pt
CEITEC,CEITEC,-,     16.6100 ,   49.1900 ,-,Brno||Česko|cz,Brno,,Česko,cz
CEL,CEL,-,     -1.2500 ,   44.4500 ,DGA,Biscarrosse|Nouvelle-Aquitaine|France|fr,Biscarrosse,Nouvelle-Aquitaine,France,fr
CELML,CELM Landes,-,     -1.2500 ,   44.4500 ,DGA,Biscarrosse|Nouvelle-Aquitaine|France|fr,Biscarrosse,Nouvelle-Aquitaine,France,fr
CELES,Celesco,-,   -117.9100 ,   33.6700 ,-,Costa Mesa|California|United States of America|us,Costa Mesa,California,United States of America,us
CENTI,Centispace,Beijing Future Navigation Technology Co. Ltd.,    116.3800 ,   39.9200 ,-,西城区|北京市|中国|cn,西城区,北京市,中国,cn
CERCOM,USA CERCOM,-,    -74.0500 ,   40.3100 ,USA,Eatontown|New Jersey|United States of America|us,Eatontown,New Jersey,United States of America,us
CERD,CERD,Djibouti Center for Studies and Research,     43.1500 ,   11.5900 ,-,Djibouti جيبوتي||Djibouti جيبوتي|dj,Djibouti جيبوتي,,Djibouti جيبوتي,dj
CERHU,MTA ER,MTA Centre for Energy Research,     19.0500 ,   47.4900 ,-,Budapest||Magyarország|hu,Budapest,,Magyarország,hu
CERMA,CERMA,-,      2.3000 ,   48.6100 ,-,Brétigny-sur-Orge|Île-de-France|France|fr,Brétigny-sur-Orge,Île-de-France,France,fr
CERN,CERN,European Organization for Nuclear Research (CERN),      6.0500 ,   46.2300 ,-,Saint-Genis-Pouilly|Auvergne-Rhône-Alpes|France|fr,Saint-Genis-Pouilly,Auvergne-Rhône-Alpes,France,fr
CESARO,Cesaroni,-,    -79.3800 ,   43.9400 ,-,Whitchurch-Stouffville|Ontario|Canada|ca,Whitchurch-Stouffville,Ontario,Canada,ca
CESBIO,CESBIO,-,      1.4700 ,   43.5600 ,TLS,Toulouse|Occitanie|France|fr,Toulouse,Occitanie,France,fr
CESIUM,Cesium,-,    -97.9500 ,   30.3100 ,-,Bee Cave|Texas|United States of America|us,Bee Cave,Texas,United States of America,us
CESR,CESR,Center for Radiation Space Studies,      1.4700 ,   43.5600 ,-,Toulouse|Occitanie|France|fr,Toulouse,Occitanie,France,fr
CETEF,CETEF,Center for Physical Tech. L Torres Quevedo,     -3.7200 ,   40.3800 ,-,Madrid|Comunidad de Madrid|España|es,Madrid,Comunidad de Madrid,España,es
CEVRO,CEVRO,-,     14.4200 ,   50.0800 ,-,Hlavní město Praha|Praha|Česko|cz,Hlavní město Praha,Praha,Česko,cz
CFCA,CF,-,    -75.6800 ,   45.4200 ,-,Ottawa|Ontario|Canada|ca,Ottawa,Ontario,Canada,ca
CFTH,CFTH,-,      2.3000 ,   48.8600 ,-,Paris|Île-de-France|France|fr,Paris,Île-de-France,France,fr
CFTHB,CFTH-HB,-,      2.3000 ,   48.8600 ,-,Paris|Île-de-France|France|fr,Paris,Île-de-France,France,fr
CGS,CGS,-,      9.1800 ,   45.4700 ,FUCHS,Milano|Lombardia|Italia|it,Milano,Lombardia,Italia,it
CGSO,CGS,-,      9.1800 ,   45.4700 ,FUCHS,Milano|Lombardia|Italia|it,Milano,Lombardia,Italia,it
CGSTL,Changguang WJ,Chang Guang Satellite Technology Ltd,    125.3200 ,   43.8900 ,CIOMP,南关区|吉林省|中国|cn,南关区,吉林省,中国,cn
CGSTZ,Zhejiang CG,Zhejiang Chuang Guang Satellite Information Tech Co. Ltd.,    119.9800 ,   30.5400 ,-,湖州市|浙江省|中国|cn,湖州市,浙江省,中国,cn
CHAIL,Cutler-Hammer/AIL,-,    -73.6400 ,   40.7400 ,-,Village of Mineola|New York|United States of America|us,Village of Mineola,New York,United States of America,us
CHDB,China DBSAT,China Direct Broadcast Satellite Co.,    116.3800 ,   39.9200 ,CHIS,西城区|北京市|中国|cn,西城区,北京市,中国,cn
CHFEN,CASIC 2nd Acad,China Changfeng Mechanics and Electronics Tech Academy  (CAS,    116.3800 ,   39.9200 ,CASIC,西城区|北京市|中国|cn,西城区,北京市,中国,cn
CHGU,Chechen State U,A.A. Kadyrov Chechen State University,     45.7000 ,   43.3100 ,-,Грозный|Чечня|Россия|ru,Грозный,Чечня,Россия,ru
CHIBA,Chiba kogyu,Chiba Institute of Technology,    140.0200 ,   35.6900 ,-,習志野市||日本|jp,習志野市,,日本,jp
CHIC,Chicago,-,    -87.6000 ,   41.7900 ,-,Chicago|Illinois|United States of America|us,Chicago,Illinois,United States of America,us
CHIS,Chinasat,China Satellite Communications Crop.,    116.3000 ,   39.9600 ,-,海淀区|北京市|中国|cn,海淀区,北京市,中国,cn
CHISA,China Satcom,China Satellite Communications Corp. Group (China Satcom),    116.3000 ,   39.9600 ,-,海淀区|北京市|中国|cn,海淀区,北京市,中国,cn
CHISAE,China Satcom,China Satellite Communications Corp. Group (China Satcom),    116.3000 ,   39.9600 ,CASC,海淀区|北京市|中国|cn,海淀区,北京市,中国,cn
CHORI,China Orient,China Orient Telecom Satellite Co. Ltd.,    116.4100 ,   39.9200 ,CHIS,东城区|北京市|中国|cn,东城区,北京市,中国,cn
CHOSU,Chosun U,Chosun University,    126.9300 ,   35.1400 ,-,광주광역시||대한민국|kr,광주광역시,,대한민국,kr
CHUNG,Chunghwa Tel,Chunghaw Telecom,    120.9800 ,   24.8200 ,-,新竹市||臺灣|tw,新竹市,,臺灣,tw
CHRMI,Chrysler-MAF,-,    -89.9200 ,   30.0200 ,-,New Orleans|Louisiana|United States of America|us,New Orleans,Louisiana,United States of America,us
CHRY,Chrysler,-,    -83.0300 ,   42.5800 ,-,Sterling Heights|Michigan|United States of America|us,Sterling Heights,Michigan,United States of America,us
CIA,CIA,-,    -77.1600 ,   38.9500 ,-,McLean|Virginia|United States of America|us,McLean,Virginia,United States of America,us
CIAB,CIA DST OD&E,-,    -77.1600 ,   38.9500 ,NRO,McLean|Virginia|United States of America|us,McLean,Virginia,United States of America,us
CIAG,IAG,Institute for Applied Geophysics,    116.3800 ,   39.9200 ,-,西城区|北京市|中国|cn,西城区,北京市,中国,cn
CIEL,Ciel,-,    -75.9000 ,   45.3300 ,-,Ottawa|Ontario|Canada|ca,Ottawa,Ontario,Canada,ca
CIFAS,CIFAS,-,      1.9200 ,   48.9900 ,-,Les Mureaux|Île-de-France|France|fr,Les Mureaux,Île-de-France,France,fr
CIFTQ,CIFTQ,Center for Physics Investigations. L Torres Quevedo,     -3.7200 ,   40.3800 ,-,Madrid|Comunidad de Madrid|España|es,Madrid,Comunidad de Madrid,España,es
CIN,Cincinnati,-,    -84.5200 ,   39.1300 ,-,Cincinnati|Ohio|United States of America|us,Cincinnati,Ohio,United States of America,us
CIOMP,CIOMP,"Changchun Inst of Optics, Fine Mechanics and Physics",    125.3200 ,   43.8900 ,CAS,南关区|吉林省|中国|cn,南关区,吉林省,中国,cn
CISIR,CISIR,-,    -79.8400 ,    6.9300 ,-,,,,,
CISP,ISP,Institute for Space Physics,    116.3800 ,   39.9200 ,-,西城区|北京市|中国|cn,西城区,北京市,中国,cn
CISP5,CISP5,5th Institute for Space Physics,    116.3800 ,   39.9200 ,-,西城区|北京市|中国|cn,西城区,北京市,中国,cn
CIT,Caltech,-,   -118.1300 ,   34.1400 ,-,Pasadena|California|United States of America|us,Pasadena,California,United States of America,us
CITED,CITEDEF,-,    -63.2400 ,  -32.4100 ,-,Villa María|Córdoba|Argentina|ar,Villa María,Córdoba,Argentina,ar
CITEF,CITEFA,-,    -64.4600 ,  -31.5900 ,-,Falda del Carmen|Córdoba|Argentina|ar,Falda del Carmen,Córdoba,Argentina,ar
CLAAC,AAC ClydeSpace,-,     -4.2500 ,   55.8600 ,AACM,Glasgow|Alba / Scotland|United Kingdom|gb,Glasgow,Alba / Scotland,United Kingdom,gb
CLARK,D. Clark,-,    -71.8000 ,   42.2700 ,-,Worcester|Massachusetts|United States of America|us,Worcester,Massachusetts,United States of America,us
CLASP,CU-LASP,-,   -105.2700 ,   40.0100 ,UCO,Boulder|Colorado|United States of America|us,Boulder,Colorado,United States of America,us
CLEM,Clemson,-,    -82.8300 ,   34.6800 ,-,Clemson|South Carolina|United States of America|us,Clemson,South Carolina,United States of America,us
CLEP,THGZ,China Lunar Exploration and Aerospace Engineering Center,    116.3800 ,   39.9200 ,CNSA,西城区|北京市|中国|cn,西城区,北京市,中国,cn
CLSR,CLSR Sofia,-,     23.3300 ,   42.7000 ,-,София|София-град|България|bg,София,София-град,България,bg
CLYDE,ClydeSpace,-,     -4.2500 ,   55.8600 ,-,Glasgow|Alba / Scotland|United Kingdom|gb,Glasgow,Alba / Scotland,United Kingdom,gb
CMA,CMA,China Meteorological Administration,    116.3800 ,   39.9200 ,-,西城区|北京市|中国|cn,西城区,北京市,中国,cn
CMIHS,Clark MIHS,-,    142.1300 ,   43.7300 ,-,深川市||日本|jp,深川市,,日本,jp
CMIK,NK Missile Div,"Strategic Rocket Division, Ministry of People's Armed Forces",      0.0200 ,   39.0200 ,KPA,||España|es,,,España,es
CMMB,CMMB Vision,CMMB Vision Holdings (China Mobile Multimedia Broadcasting),    114.2000 ,   22.3000 ,-,香港島 Hong Kong Island|香港 Hong Kong|中国|cn,香港島 Hong Kong Island,香港 Hong Kong,中国,cn
CMSEO,ZZHGB,China Manned Space Engineering Office,    116.3800 ,   39.9200 ,ZZB,西城区|北京市|中国|cn,西城区,北京市,中国,cn
CMU,CMU,-,    -79.9400 ,   40.4400 ,-,Pittsburgh|Pennsylvania|United States of America|us,Pittsburgh,Pennsylvania,United States of America,us
CNAE,CNAE,Space Activities Comission,    -43.2000 ,  -22.9100 ,-,Rio de Janeiro|Rio de Janeiro|Brasil|br,Rio de Janeiro,Rio de Janeiro,Brasil,br
CNCOS,GKJGW,"Commission for Science, Tech. and Industry for National Defe",    116.3800 ,   39.9200 ,-,西城区|北京市|中国|cn,西城区,北京市,中国,cn
CNES,CNES,National Space Research Center,      2.3000 ,   48.8600 ,-,Paris|Île-de-France|France|fr,Paris,Île-de-France,France,fr
CNESB,CNES CSB,Bretigny Space Center,      2.3000 ,   48.6100 ,CNES,Brétigny-sur-Orge|Île-de-France|France|fr,Brétigny-sur-Orge,Île-de-France,France,fr
CNEST,CNES CST,Toulouse Space Center,      1.4400 ,   43.6000 ,CNES,Toulouse|Occitanie|France|fr,Toulouse,Occitanie,France,fr
CNET,CNET,National Telecom Research Center,      2.3100 ,   48.8000 ,-,Bagneux|Île-de-France|France|fr,Bagneux,Île-de-France,France,fr
CNIE,CNIE,National Space Research Commission,    -58.3800 ,  -34.6000 ,-,Buenos Aires|Ciudad Autónoma de Buenos Aires|Argentina|ar,Buenos Aires,Ciudad Autónoma de Buenos Aires,Argentina,ar
CNPS,CN PS group,Chinese payload specialist group,    116.2600 ,   40.0700 ,ZLZB,海淀区|北京市|中国|cn,海淀区,北京市,中国,cn
CNR,CNR,National Research Council (Italy),     12.4900 ,   41.8900 ,-,Roma|Lazio|Italia|it,Roma,Lazio,Italia,it
CNRS,CNRS,National Scientific Research Council (France),      2.3000 ,   48.8600 ,-,Paris|Île-de-France|France|fr,Paris,Île-de-France,France,fr
CNSA,CNSA,China National Space Administration,    116.3800 ,   39.9200 ,-,西城区|北京市|中国|cn,西城区,北京市,中国,cn
CNSAS,GGKGJ,"State Adm. for Science, Techn. and Industry for National Def",    116.3800 ,   39.9200 ,-,西城区|北京市|中国|cn,西城区,北京市,中国,cn
CNSSC,China NSSC,National Space Science Center,    116.3000 ,   39.9600 ,CAS,海淀区|北京市|中国|cn,海淀区,北京市,中国,cn
CNSTR,ConstellR,-,      7.8500 ,   48.0000 ,-,Freiburg im Breisgau|Baden-Württemberg|Deutschland|de,Freiburg im Breisgau,Baden-Württemberg,Deutschland,de
CNTS,CNTS,National Space Technology Center (Algeria),      3.0600 ,   36.7500 ,ASAL,Belouizdad ⴱⴻⵍⵡⴻⵣⴷⴰⴷ بلوزداد|Alger|Algérie ⵍⵣⵣⴰⵢⴻⵔ الجزائر|dz,Belouizdad ⴱⴻⵍⵡⴻⵣⴷⴰⴷ بلوزداد,Alger,Algérie ⵍⵣⵣⴰⵢⴻⵔ الجزائر,dz
CNU,CNU,Chungnam National University,    127.3900 ,   36.3500 ,-,대전광역시||대한민국|kr,대전광역시,,대한민국,kr
COEP,COEP,-,     73.8600 ,   18.5300 ,-,Pune City|Maharashtra|India|in,Pune City,Maharashtra,India,in
COLE,Coleman,-,    -81.3800 ,   28.5400 ,-,Orlando|Florida|United States of America|us,Orlando,Florida,United States of America,us
COLEA,Coleman,-,    -81.3800 ,   28.5400 ,-,Orlando|Florida|United States of America|us,Orlando,Florida,United States of America,us
COLEAR,Coleman,-,    -81.3800 ,   28.5400 ,AJR,Orlando|Florida|United States of America|us,Orlando,Florida,United States of America,us
COLC,Columbia Comms,-,   -157.8200 ,   21.3000 ,-,East Honolulu|Hawaii|United States of America|us,East Honolulu,Hawaii,United States of America,us
COLCG,Columbia Comms,-,   -157.8200 ,   21.3000 ,AMCG,East Honolulu|Hawaii|United States of America|us,East Honolulu,Hawaii,United States of America,us
COLL,Collins Aero.,-,    -72.6500 ,   41.9300 ,UTC2,Windsor Locks|Connecticut|United States of America|us,Windsor Locks,Connecticut,United States of America,us
COM,Comsat,-,    -77.0200 ,   38.9000 ,-,Washington|District of Columbia|United States of America|us,Washington,District of Columbia,United States of America,us
COMAH,Comahue,Comahue National University,    -68.0600 ,  -38.9400 ,-,Neuquén|Neuquén|Argentina|ar,Neuquén,Neuquén,Argentina,ar
COMDEV,ComDev,-,    -80.3200 ,   43.3700 ,-,Cambridge|Ontario|Canada|ca,Cambridge,Ontario,Canada,ca
COMDH,Honeywell/ComDev,-,    -80.3200 ,   43.3700 ,-,Cambridge|Ontario|Canada|ca,Cambridge,Ontario,Canada,ca
COMDUK,ComDev,-,     -0.8100 ,   51.8200 ,-,Aylesbury|England|United Kingdom|gb,Aylesbury,England,United Kingdom,gb
CONAB,CONAE HQ,National Space Activities Commission,    -58.3800 ,  -34.6000 ,-,Buenos Aires|Ciudad Autónoma de Buenos Aires|Argentina|ar,Buenos Aires,Ciudad Autónoma de Buenos Aires,Argentina,ar
CONAE,CONAE Tabanera,CONAE Tabanera Space Center,    -64.4600 ,  -31.5900 ,CONAB,Falda del Carmen|Córdoba|Argentina|ar,Falda del Carmen,Córdoba,Argentina,ar
CONCOR,Concordia U,-,    -73.5600 ,   45.5100 ,-,Montréal|Québec|Canada|ca,Montréal,Québec,Canada,ca
CONIE,CONIE,National Space Investigation Commission,     -3.4500 ,   40.5000 ,-,Ajalvir|Comunidad de Madrid|España|es,Ajalvir,Comunidad de Madrid,España,es
CONSEN,Consensys,-,    -74.0100 ,   40.7100 ,-,City of New York|New York|United States of America|us,City of New York,New York,United States of America,us
CONTF,Contel Fed,-,    -77.3000 ,   38.8500 ,CONTL,Fairfax|Virginia|United States of America|us,Fairfax,Virginia,United States of America,us
CONTL,Contel Corp,-,    -84.3900 ,   33.7600 ,-,Atlanta|Georgia|United States of America|us,Atlanta,Georgia,United States of America,us
CONT,Contel,-,    -77.1500 ,   39.0800 ,CONTL,Rockville|Maryland|United States of America|us,Rockville,Maryland,United States of America,us
CONTEC,CONTEC,CONTEC Corp.,    127.3900 ,   36.3500 ,-,대전광역시||대한민국|kr,대전광역시,,대한민국,kr
CONTG,Contel,-,    -77.1500 ,   39.0800 ,GTE,Rockville|Maryland|United States of America|us,Rockville,Maryland,United States of America,us
CONTR,Contraves,-,      8.5500 ,   47.3700 ,-,Zürich|Zürich|Schweiz/Suisse/Svizzera/Svizra|ch,Zürich,Zürich,Schweiz/Suisse/Svizzera/Svizra,ch
CONTS,Contraves Space,-,      8.5500 ,   47.3700 ,-,Zürich|Zürich|Schweiz/Suisse/Svizzera/Svizra|ch,Zürich,Zürich,Schweiz/Suisse/Svizzera/Svizra,ch
CONV,Convair,-,   -117.1900 ,   32.7300 ,-,San Diego|California|United States of America|us,San Diego,California,United States of America,us
CONVA,Convair-Astro,-,   -117.1400 ,   32.8300 ,GD,San Diego|California|United States of America|us,San Diego,California,United States of America,us
CONVPO,Convair-Pomona,-,   -117.7600 ,   34.0600 ,-,Pomona|California|United States of America|us,Pomona,California,United States of America,us
COOP,Cooper DC,-,   -118.0000 ,   34.1500 ,MARQ,Monrovia|California|United States of America|us,Monrovia,California,United States of America,us
COPERN,Copernicus,-,      4.3500 ,   50.8500 ,DGGROW,Bruxelles - Brussel||België / Belgique / Belgien|be,Bruxelles - Brussel,,België / Belgique / Belgien,be
CORAT,Coratec,-,    -64.1800 ,  -31.4200 ,-,Córdoba|Córdoba|Argentina|ar,Córdoba,Córdoba,Argentina,ar
CORD,IUA Cordoba,University Aeronautical Institute,    -64.1800 ,  -31.4200 ,-,Córdoba|Córdoba|Argentina|ar,Córdoba,Córdoba,Argentina,ar
CORN,Cornell,-,    -76.4800 ,   42.4400 ,-,City of Ithaca|New York|United States of America|us,City of Ithaca,New York,United States of America,us
COSG,ColoSpaceGrant,-,   -105.2700 ,   40.0100 ,UCO,Boulder|Colorado|United States of America|us,Boulder,Colorado,United States of America,us
COSGIR,Cosmo Girls,Cosmo Girls,    139.7000 ,   35.6400 ,KANAT,目黒区||日本|jp,目黒区,,日本,jp
COSM,COSMOS,-,      7.0100 ,   43.5500 ,-,Cannes|Provence-Alpes-Côte d'Azur|France|fr,Cannes,Provence-Alpes-Côte d'Azur,France,fr
COSMOG,Cosmogia,-,   -122.4200 ,   37.7800 ,-,San Francisco|California|United States of America|us,San Francisco,California,United States of America,us
COSMW,Cosmoworks,-,    127.0500 ,   37.5000 ,-,서울특별시||대한민국|kr,서울특별시,,대한민국,kr
COUAL,UAL,-,   -105.2700 ,   40.0100 ,UCO,Boulder|Colorado|United States of America|us,Boulder,Colorado,United States of America,us
CPUT,CPUT,-,     18.6300 ,  -33.9000 ,-,Bellville|Western Cape|South Africa|za,Bellville,Western Cape,South Africa,za
CRA,CRA,Aerospace Research Center,     12.5200 ,   41.9000 ,CRPSM,Roma|Lazio|Italia|it,Roma,Lazio,Italia,it
CRC,CRC,-,    -75.6800 ,   45.4200 ,-,Ottawa|Ontario|Canada|ca,Ottawa,Ontario,Canada,ca
CRCSS,CRCSS,-,    149.1000 ,  -35.3100 ,CSIRO,Canberra||Australia|au,Canberra,,Australia,au
CREO,CreoTech,-,     21.0300 ,   52.0800 ,-,Piaseczno|województwo mazowieckie|Polska|pl,Piaseczno,województwo mazowieckie,Polska,pl
CRI,CRI/Kobenhavn,-,     12.4300 ,   55.8300 ,-,Birkerød|Region Hovedstaden|Danmark|dk,Birkerød,Region Hovedstaden,Danmark,dk
CRLI,CRL,-,    140.6400 ,   35.9700 ,-,鹿嶋市||日本|jp,鹿嶋市,,日本,jp
CRO,CroCube Team,-,     15.9800 ,   45.8100 ,-,Grad Zagreb||Hrvatska|hr,Grad Zagreb,,Hrvatska,hr
CRPSM,Roma,San Marco Project Research Center,     12.5200 ,   41.9000 ,ROSAP,Roma|Lazio|Italia|it,Roma,Lazio,Italia,it
CRR,CRR,-,    -93.8200 ,   58.7300 ,OAR,|Manitoba|Canada|ca,,Manitoba,Canada,ca
CRRC,CRR,-,    -93.8200 ,   58.7300 ,NRCC,|Manitoba|Canada|ca,,Manitoba,Canada,ca
CRS,CRS (ISRC),Italian Space Research Commission,     12.5000 ,   41.9000 ,CNR,Roma|Lazio|Italia|it,Roma,Lazio,Italia,it
CRSEA,CRSEA,-,    -41.0500 ,  -21.6400 ,-,São João da Barra|Rio de Janeiro|Brasil|br,São João da Barra,Rio de Janeiro,Brasil,br
CRSF,CRS,-,      2.3500 ,   48.8600 ,-,Paris|Île-de-France|France|fr,Paris,Île-de-France,France,fr
CRTS,CRTS,-,     -6.8500 ,   34.0100 ,-,Rabat ⵔⴱⴰⵟ الرباط||Maroc ⵍⵎⵖⵔⵉⴱ المغرب|ma,Rabat ⵔⴱⴰⵟ الرباط,,Maroc ⵍⵎⵖⵔⵉⴱ المغرب,ma
CRUNCH,CrunchLabs,-,   -122.0400 ,   37.3700 ,-,Sunnyvale|California|United States of America|us,Sunnyvale,California,United States of America,us
CRYPTO,Cryptosat,-,   -122.1400 ,   37.4300 ,-,Palo Alto|California|United States of America|us,Palo Alto,California,United States of America,us
CSA,CSA,-,    -73.4300 ,   45.4800 ,-,Longueuil|Québec|Canada|ca,Longueuil,Québec,Canada,ca
CSAE,CSA Eng.,-,   -122.0800 ,   37.3900 ,-,Mountain View|California|United States of America|us,Mountain View,California,United States of America,us
CSC,CSC,-,    -77.2300 ,   38.9200 ,-,Tysons|Virginia|United States of America|us,Tysons,Virginia,United States of America,us
CSD,UTC CSD,-,   -121.9000 ,   37.3300 ,UTC2,San Jose|California|United States of America|us,San Jose,California,United States of America,us
CSG,CSG,-,    -52.7700 ,    5.2300 ,-,Kourou|Guyane|France|fr,Kourou,Guyane,France,fr
CSHARK,CShark,-,      9.6900 ,   45.0600 ,-,Piacenza|Emilia-Romagna|Italia|it,Piacenza,Emilia-Romagna,Italia,it
CSIAP,CSIRO Atm,-,    145.1000 ,   38.0300 ,CSIRO,,,,,
CSIAR,CSIRO Atm Res,-,    145.1000 ,   38.0300 ,CSIRO,,,,,
CSICE,CSICE,Cabinet Satellite Intelligence Center,    139.6800 ,   35.6800 ,-,渋谷区||日本|jp,渋谷区,,日本,jp
CSIMP,CSIRO Met,-,    145.1000 ,   38.0300 ,CSIRO,,,,,
CSIR,CSIR,-,     28.1900 ,  -25.7500 ,-,Pretoria|Gauteng|South Africa|za,Pretoria,Gauteng,South Africa,za
CSIRO,CSIRO,-,    149.1200 ,  -35.3100 ,AU,Canberra||Australia|au,Canberra,,Australia,au
CSL,Cesk. Letectvo,Czechoslovak Air Force,     14.4200 ,   50.0800 ,-,Hlavní město Praha|Praha|Česko|cz,Hlavní město Praha,Praha,Česko,cz
CSSAR,CSSARC,"Space Science and Application Research Center, CAS",    116.3000 ,   39.9600 ,CAS,海淀区|北京市|中国|cn,海淀区,北京市,中国,cn
CSU,CSU,-,   -105.0800 ,   40.5700 ,-,Fort Collins|Colorado|United States of America|us,Fort Collins,Colorado,United States of America,us
CSUCAS,CSU CAS,"Tech. and Eng. Center for Space Utilization, CAS",    116.2800 ,   40.0700 ,CAS,海淀区|北京市|中国|cn,海淀区,北京市,中国,cn
CSUG,CSUG,Grenoble Univeristy Space Centre,      5.7700 ,   45.1900 ,-,Saint-Martin-d'Hères|Auvergne-Rhône-Alpes|France|fr,Saint-Martin-d'Hères,Auvergne-Rhône-Alpes,France,fr
CSUN,CSUN,-,   -118.5300 ,   34.2400 ,-,Los Angeles|California|United States of America|us,Los Angeles,California,United States of America,us
CSXT,CSXT,-,    -93.2700 ,   44.9800 ,-,Minneapolis|Minnesota|United States of America|us,Minneapolis,Minnesota,United States of America,us
CSZS,CSZS,Voice of the Yangtze River Delta,    121.3800 ,   31.1100 ,-,闵行区||中国|cn,闵行区,,中国,cn
CTA,CTA,-,    -77.1800 ,   38.9300 ,-,McLean|Virginia|United States of America|us,McLean,Virginia,United States of America,us
CTEL,China Telecom,China Telecommunications Corporation,    116.3800 ,   39.9200 ,-,西城区|北京市|中国|cn,西城区,北京市,中国,cn
CTYK,Changsha Tianyi,Changsha Research Inst. Space Instrument Tech. Co. Ltd.,    112.9400 ,   28.2300 ,-,岳麓区|湖南省|中国|cn,岳麓区,湖南省,中国,cn
CUA,CU Aerospace,-,    -88.3000 ,   40.2000 ,-,|Illinois|United States of America|us,,Illinois,United States of America,us
CUBESP,CubeSpace,-,     18.8600 ,  -33.9300 ,-,Stellenbosch Local Municipality|Western Cape|South Africa|za,Stellenbosch Local Municipality,Western Cape,South Africa,za
CUBIC,Cubic,-,   -117.1600 ,   32.7200 ,-,San Diego|California|United States of America|us,San Diego,California,United States of America,us
CUGW,Zhongguo Dizhida,China University of Geosciences (Wuhan),    114.4000 ,   30.5200 ,-,洪山区|湖北省|中国|cn,洪山区,湖北省,中国,cn
CULH,Culham,-,     -1.2300 ,   51.6600 ,-,South Oxfordshire|England|United Kingdom|gb,South Oxfordshire,England,United Kingdom,gb
CUMT,CUMT,"State Key Lab, China U. of Mining and Technology",    116.3500 ,   40.0000 ,-,海淀区|北京市|中国|cn,海淀区,北京市,中国,cn
CUNYME,CUNY,-,    -73.9600 ,   40.6700 ,-,City of New York|New York|United States of America|us,City of New York,New York,United States of America,us
CURTIN,Curtin U,-,    115.8900 ,  -32.0000 ,-,|Western Australia|Australia|au,,Western Australia,Australia,au
CVC,CVC Electronic,-,     14.4200 ,   50.0800 ,-,Hlavní město Praha|Praha|Česko|cz,Hlavní město Praha,Praha,Česko,cz
CZHJ,Changzheng H.,China Long March Rocket Co. Ltd.,    116.3900 ,   39.7800 ,CASC,大兴区|北京市|中国|cn,大兴区,北京市,中国,cn
DAAFAR,DAAFAR,Cuban Revolutionary Air and Air Defense Force,    -82.3800 ,   23.1300 ,-,|La Habana|Cuba|cu,,La Habana,Cuba,cu
DAC,DAC,-,   -118.4800 ,   34.0200 ,-,Santa Monica|California|United States of America|us,Santa Monica,California,United States of America,us
DACC,DAC Charlotte,-,    -80.8400 ,   35.2300 ,DAC,Charlotte|North Carolina|United States of America|us,Charlotte,North Carolina,United States of America,us
DACHB,DAC/HB,-,   -118.0000 ,   33.6900 ,DAC,Huntington Beach|California|United States of America|us,Huntington Beach,California,United States of America,us
DACM,Douglas MSSD,-,   -118.4800 ,   34.0200 ,DAC,Santa Monica|California|United States of America|us,Santa Monica,California,United States of America,us
DALIAN,Dalian UT,Dalian University of Technology,    121.5300 ,   38.8700 ,-,甘井子区|辽宁省|中国|cn,甘井子区,辽宁省,中国,cn
DALU,Dalhousie,-,    -63.5900 ,   44.6400 ,-,Halifax|Nova Scotia|Canada|ca,Halifax,Nova Scotia,Canada,ca
DAPA,DAPA,Defense Acquisition Program Administration,    126.9700 ,   37.5400 ,-,서울특별시||대한민국|kr,서울특별시,,대한민국,kr
DARA,DARA,German Space Affairs Agency,      7.1700 ,   50.7100 ,-,Bonn|Nordrhein-Westfalen|Deutschland|de,Bonn,Nordrhein-Westfalen,Deutschland,de
DARE,DARE,-,      4.3600 ,   52.0100 ,DELFT,Delft|Zuid-Holland|Nederland|nl,Delft,Zuid-Holland,Nederland,nl
DARPA,DARPA,-,    -77.0200 ,   38.9000 ,DOD,Washington|District of Columbia|United States of America|us,Washington,District of Columbia,United States of America,us
DARPA2,DARPA,-,    -77.0200 ,   38.9000 ,DOD,Washington|District of Columbia|United States of America|us,Washington,District of Columbia,United States of America,us
DART,Dartmouth,-,    -72.2900 ,   43.7000 ,-,Hanover|New Hampshire|United States of America|us,Hanover,New Hampshire,United States of America,us
DASA,US DASA,-,   -106.6100 ,   35.1100 ,DOD,Albuquerque|New Mexico|United States of America|us,Albuquerque,New Mexico,United States of America,us
DASAUK,DASA UK,-,     -1.7900 ,   51.0700 ,MOD,Salisbury|England|United Kingdom|gb,Salisbury,England,United Kingdom,gb
DASAO,DASA-O,-,     11.6700 ,   48.0700 ,-,Neubiberg|Bayern|Deutschland|de,Neubiberg,Bayern,Deutschland,de
DASAF,DASA-F,-,      9.4800 ,   47.6500 ,-,Friedrichshafen|Baden-Württemberg|Deutschland|de,Friedrichshafen,Baden-Württemberg,Deutschland,de
DASARI,DASA-RI,-,      8.3000 ,   53.0800 ,-,Sandtange|Niedersachsen|Deutschland|de,Sandtange,Niedersachsen,Deutschland,de
DASBF,DASA-F,-,      9.4800 ,   47.6500 ,-,Friedrichshafen|Baden-Württemberg|Deutschland|de,Friedrichshafen,Baden-Württemberg,Deutschland,de
DASCF,DCA-F,-,      9.4800 ,   47.6500 ,-,Friedrichshafen|Baden-Württemberg|Deutschland|de,Friedrichshafen,Baden-Württemberg,Deutschland,de
DASST,Dassault,-,     -0.7700 ,   44.8400 ,-,Martignas-sur-Jalle|Nouvelle-Aquitaine|France|fr,Martignas-sur-Jalle,Nouvelle-Aquitaine,France,fr
DAUR,Dauria,-,     37.3700 ,   55.6900 ,-,Сколково|Московская область|Россия|ru,Сколково,Московская область,Россия,ru
DAWAD,Al Dawadmi,-,     44.7000 ,   24.2200 ,-,ماسل|منطقة الرياض|السعودية|sa,ماسل,منطقة الرياض,السعودية,sa
DAWAN,Dawan DRI,Dawan District Inst. for IC and System Applications,    113.2700 ,   23.1300 ,-,越秀区|广东省|中国|cn,越秀区,广东省,中国,cn
DBP,Bundespost,DBP Telecom,      8.6500 ,   49.8700 ,-,Darmstadt|Hessen|Deutschland|de,Darmstadt,Hessen,Deutschland,de
DBSD,DBSD NA,-,    -77.3500 ,   38.9500 ,DISH,Reston|Virginia|United States of America|us,Reston,Virginia,United States of America,us
DBSDD,DBSD (Dish Net),-,    -77.3500 ,   38.9500 ,DISH,Reston|Virginia|United States of America|us,Reston,Virginia,United States of America,us
DCA,US DCA,-,    -77.0800 ,   38.8800 ,DOD,Arlington|Virginia|United States of America|us,Arlington,Virginia,United States of America,us
DDRD,Maf'at,Directorate of Defence Research and Development,     34.7800 ,   32.0700 ,-,תל־אביב–יפו|מחוז תל אביב|ישראל|il,תל־אביב–יפו,מחוז תל אביב,ישראל,il
DEHAVE,De Havilland Eng,-,     -0.4000 ,   51.7000 ,-,Watford|England|United Kingdom|gb,Watford,England,United Kingdom,gb
DEHAVS,de Havilland,-,     -0.2000 ,   51.9000 ,-,Stevenage|England|United Kingdom|gb,Stevenage,England,United Kingdom,gb
DEHAVT,De Hav,-,    -79.4900 ,   43.7300 ,-,Toronto|Ontario|Canada|ca,Toronto,Ontario,Canada,ca
DEIMOS,Deimos Space,-,     -3.7100 ,   40.6000 ,-,Tres Cantos|Comunidad de Madrid|España|es,Tres Cantos,Comunidad de Madrid,España,es
DEIMI,Deimos Imaging,-,     -4.7000 ,   41.5300 ,DEIMOS,Boecillo|Castilla y León|España|es,Boecillo,Castilla y León,España,es
DELCS,Deloitte,-,   -104.8900 ,   39.0100 ,-,|Colorado|United States of America|us,,Colorado,United States of America,us
DELFT,TU Delft,-,      4.3700 ,   52.0000 ,-,Delft|Zuid-Holland|Nederland|nl,Delft,Zuid-Holland,Nederland,nl
DENV,Denver,-,   -104.9600 ,   39.6800 ,-,Denver|Colorado|United States of America|us,Denver,Colorado,United States of America,us
DERA,DERA,-,     -0.7500 ,   51.2900 ,UK,Rushmoor|England|United Kingdom|gb,Rushmoor,England,United Kingdom,gb
DEWA,DEWA,Dubai Electricity and Water Authority,     55.3000 ,   25.2600 ,-,ديرة|دبي|الإمارات العربية المتحدة|ae,ديرة,دبي,الإمارات العربية المتحدة,ae
DEWC,DEWC,-,    138.6100 ,  -34.8200 ,UK,Adelaide|South Australia|Australia|au,Adelaide,South Australia,Australia,au
DEYA,Deya Inst.,Deya Innovation Research Institute,    113.2900 ,   22.8100 ,-,顺德区|广东省|中国|cn,顺德区,广东省,中国,cn
DFF,DFF,-,      7.5700 ,   47.5900 ,-,Huningue|Grand Est|France|fr,Huningue,Grand Est,France,fr
DFH,DFH,Spaceflight East Is Red Satellite Co,    116.3800 ,   39.9200 ,CAST,西城区|北京市|中国|cn,西城区,北京市,中国,cn
DFHG,Dongfang Hangtian,"Oriental Spaceport (Shandong) Development Group Co., Ltd.,",    121.1900 ,   36.7300 ,-,海阳市|山东省|中国|cn,海阳市,山东省,中国,cn
DFHZ,DFH,Spaceflight East Is Red Satellite Co,    116.3800 ,   39.9200 ,ZDFH,西城区|北京市|中国|cn,西城区,北京市,中国,cn
DFHS,DFH Shenzhen,-,    114.1000 ,   22.5500 ,ZDFH,罗湖区|广东省|中国|cn,罗湖区,广东省,中国,cn
DFHYT,Yidong Tongxin,-,    114.1000 ,   22.5500 ,CAST,罗湖区|广东省|中国|cn,罗湖区,广东省,中国,cn
DFK,Dongfang Kongjian,Orienspace,    121.1900 ,   36.7300 ,-,海阳市|山东省|中国|cn,海阳市,山东省,中国,cn
DFRC,NASA DFRC,-,   -117.8800 ,   34.9100 ,NASA,|California|United States of America|us,,California,United States of America,us
DFVLR,DFVLR,-,      6.9500 ,   50.9400 ,-,Köln|Nordrhein-Westfalen|Deutschland|de,Köln,Nordrhein-Westfalen,Deutschland,de
DGA,DGA,General Delegation for Ordnance,      2.3100 ,   48.8000 ,F,Bagneux|Île-de-France|France|fr,Bagneux,Île-de-France,France,fr
DGAEM,DGA EM Landes,-,     -1.2500 ,   44.4500 ,DGA,Biscarrosse|Nouvelle-Aquitaine|France|fr,Biscarrosse,Nouvelle-Aquitaine,France,fr
DGGROW,DG GROW,-,      4.3500 ,   50.8500 ,-,Bruxelles - Brussel||België / Belgique / Belgien|be,Bruxelles - Brussel,,België / Belgique / Belgien,be
DGLO,DigitalGlobe,-,   -105.1100 ,   40.1700 ,-,Longmont|Colorado|United States of America|us,Longmont,Colorado,United States of America,us
DGLOH,DGI GeoEye,-,    -77.3900 ,   38.9700 ,DGLO,Herndon|Virginia|United States of America|us,Herndon,Virginia,United States of America,us
DGLOT,DGI/Thornton,-,   -104.9500 ,   39.9000 ,DGLO,Thornton|Colorado|United States of America|us,Thornton,Colorado,United States of America,us
DHMC,DHMC,-,    -72.2700 ,   43.6800 ,-,Lebanon|New Hampshire|United States of America|us,Lebanon,New Hampshire,United States of America,us
DHRUVA,Dhruva Space,-,     78.4700 ,   17.3600 ,-,Hyderabad|Telangana|India|in,Hyderabad,Telangana,India,in
DHSST,DHS-ST,-,    -77.0200 ,   38.9000 ,-,Washington|District of Columbia|United States of America|us,Washington,District of Columbia,United States of America,us
DIGAN,Digantara,-,     77.5900 ,   12.9800 ,-,Bengaluru|Karnataka|India|in,Bengaluru,Karnataka,India,in
DISA,US DICA,-,    -77.0800 ,   38.8800 ,DOD,Arlington|Virginia|United States of America|us,Arlington,Virginia,United States of America,us
DISH,Dish Network,-,   -104.8500 ,   39.5500 ,-,Englewood|Colorado|United States of America|us,Englewood,Colorado,United States of America,us
DISHE,Dish/Echostar,-,   -104.9900 ,   39.6500 ,ECHO,Englewood|Colorado|United States of America|us,Englewood,Colorado,United States of America,us
DIYS,DIYSatellite,-,    -58.3800 ,  -34.6000 ,-,Buenos Aires|Ciudad Autónoma de Buenos Aires|Argentina|ar,Buenos Aires,Ciudad Autónoma de Buenos Aires,Argentina,ar
DIU,DIU,-,   -122.0800 ,   37.3900 ,DOD,Mountain View|California|United States of America|us,Mountain View,California,United States of America,us
DKAU,DKAU,Ukranian State Space Agency,     30.5200 ,   50.4500 ,-,Київ||Україна|ua,Київ,,Україна,ua
DKJ,CETG,China Electronics Technology Group Co. Ltd.,    116.3000 ,   39.9600 ,-,海淀区|北京市|中国|cn,海淀区,北京市,中国,cn
DKJ38,CETG 38th,CETG 38th Research Inst.                  .,    116.3000 ,   39.9600 ,-,海淀区|北京市|中国|cn,海淀区,北京市,中国,cn
DLR,DLR,German Research Inst. for Aviation and Spaceflight,      6.9500 ,   50.9400 ,-,Köln|Nordrhein-Westfalen|Deutschland|de,Köln,Nordrhein-Westfalen,Deutschland,de
DLR2,DLR,German Aerospace Center,      6.9500 ,   50.9400 ,-,Köln|Nordrhein-Westfalen|Deutschland|de,Köln,Nordrhein-Westfalen,Deutschland,de
DLRB,DLR-ISS,DLR Institute for Space Systems,      8.3000 ,   53.0800 ,DLR,Sandtange|Niedersachsen|Deutschland|de,Sandtange,Niedersachsen,Deutschland,de
DLRRA,DLR-RA,-,      9.4000 ,   49.2700 ,DLR,Lampoldshausen|Baden-Württemberg|Deutschland|de,Lampoldshausen,Baden-Württemberg,Deutschland,de
DLRRD,DLR-RD,-,      7.1700 ,   50.7100 ,DLR,Bonn|Nordrhein-Westfalen|Deutschland|de,Bonn,Nordrhein-Westfalen,Deutschland,de
DMA,DMA,-,      2.3100 ,   48.8000 ,-,Bagneux|Île-de-France|France|fr,Bagneux,Île-de-France,France,fr
DMC,DMCii,-,     -0.5900 ,   51.2400 ,-,Guildford|England|United Kingdom|gb,Guildford,England,United Kingdom,gb
DMI,DMI,Danish Meteorological Institute,     12.5700 ,   55.6800 ,-,København|Region Hovedstaden|Danmark|dk,København,Region Hovedstaden,Danmark,dk
DMOON,dearMoon,-,   -118.3500 ,   33.9200 ,-,Hawthorne|California|United States of America|us,Hawthorne,California,United States of America,us
DNA,DNA,-,   -106.6100 ,   35.1100 ,DOD,Albuquerque|New Mexico|United States of America|us,Albuquerque,New Mexico,United States of America,us
DND,DND DSD,-,    -75.6800 ,   45.4200 ,-,Ottawa|Ontario|Canada|ca,Ottawa,Ontario,Canada,ca
DNE,DNE,-,   -105.2100 ,   39.7500 ,-,Golden|Colorado|United States of America|us,Golden,Colorado,United States of America,us
DNIK,Di-Nikko,Di-Nikko Engineering Co. Ltd.,    139.7800 ,   36.7000 ,-,日光市||日本|jp,日光市,,日本,jp
DNSC,DNSC,Danish National Space Center,     12.5700 ,   55.7100 ,DTU,København|Region Hovedstaden|Danmark|dk,København,Region Hovedstaden,Danmark,dk
DOC,DOC,-,    -77.0200 ,   38.9000 ,-,Washington|District of Columbia|United States of America|us,Washington,District of Columbia,United States of America,us
DOD,DoD,-,    -77.0600 ,   38.8700 ,-,|Virginia|United States of America|us,,Virginia,United States of America,us
DOE,DoE,-,    -77.0200 ,   38.9000 ,-,Washington|District of Columbia|United States of America|us,Washington,District of Columbia,United States of America,us
DORBIT,D-ORBIT,-,      9.0300 ,   45.7000 ,-,Lomazzo|Lombardia|Italia|it,Lomazzo,Lombardia,Italia,it
DORN,Dornier/Fried.,-,      9.4800 ,   47.6500 ,-,Friedrichshafen|Baden-Württemberg|Deutschland|de,Friedrichshafen,Baden-Württemberg,Deutschland,de
DORND,Dornier-DBA,-,      9.4800 ,   47.6500 ,-,Friedrichshafen|Baden-Württemberg|Deutschland|de,Friedrichshafen,Baden-Württemberg,Deutschland,de
DOSAAF,DOSAAF,"Voluntary Society of Assistance to the Army, AF and Navy",     37.6200 ,   55.7500 ,-,Москва|Москва|Россия|ru,Москва,Москва,Россия,ru
DOSAAN,NILAKT DOSAAF,NILACT DOSAAF LLC,     36.2500 ,   54.5300 ,-,Калуга|Калужская область|Россия|ru,Калуга,Калужская область,Россия,ru
DOSH,Dosh.,Doshisha University,    135.7600 ,   35.0300 ,-,京都市||日本|jp,京都市,,日本,jp
DOST,DOST,Department of Science and Technology,    121.0500 ,   14.5200 ,-,Taguig||Philippines|ph,Taguig,,Philippines,ph
DRA,DRA,-,     -0.7500 ,   51.2900 ,-,Rushmoor|England|United Kingdom|gb,Rushmoor,England,United Kingdom,gb
DRAP,Draper Lab,-,    -71.0900 ,   42.3600 ,-,Cambridge|Massachusetts|United States of America|us,Cambridge,Massachusetts,United States of America,us
DRDC,DRDC,-,    -71.5000 ,   46.9000 ,-,Saint-Gabriel-de-Valcartier|Québec|Canada|ca,Saint-Gabriel-de-Valcartier,Québec,Canada,ca
DRDL,DRDL,-,     78.4800 ,   17.3700 ,DRDO,Hyderabad|Telangana|India|in,Hyderabad,Telangana,India,in
DRDO,DRDO,-,     77.2100 ,   28.6100 ,-,New Delhi||India|in,New Delhi,,India,in
DREV,DRE/V,-,    -71.5000 ,   46.9000 ,-,Saint-Gabriel-de-Valcartier|Québec|Canada|ca,Saint-Gabriel-de-Valcartier,Québec,Canada,ca
DREXEL,Drexel,-,    -75.1900 ,   39.9500 ,-,Philadelphia|Pennsylvania|United States of America|us,Philadelphia,Pennsylvania,United States of America,us
DRFLY,Dragonfly,-,     18.8600 ,  -33.9300 ,-,Stellenbosch Local Municipality|Western Cape|South Africa|za,Stellenbosch Local Municipality,Western Cape,South Africa,za
DRG,DRG,German Rocket Society,      8.6900 ,   53.8600 ,-,Cuxhaven|Niedersachsen|Deutschland|de,Cuxhaven,Niedersachsen,Deutschland,de
DRTE,DRTE,-,    -75.6800 ,   45.4200 ,-,Ottawa|Ontario|Canada|ca,Ottawa,Ontario,Canada,ca
DSI,DSI,-,    -77.1800 ,   38.9300 ,-,McLean|Virginia|United States of America|us,McLean,Virginia,United States of America,us
DSIR,UK DSIR,-,     -0.1300 ,   51.5000 ,-,City of Westminster|England|United Kingdom|gb,City of Westminster,England,United Kingdom,gb
DSNC,DSN Corp.,DSN Corporation,    139.6800 ,   35.6800 ,-,渋谷区||日本|jp,渋谷区,,日本,jp
DSRI,DSRI,Danish Space Research Institute,     12.5700 ,   55.7100 ,-,København|Region Hovedstaden|Danmark|dk,København,Region Hovedstaden,Danmark,dk
DSSG,DSS,-,   -119.8100 ,   34.4400 ,-,Goleta|California|United States of America|us,Goleta,California,United States of America,us
DSTA,DSTA,-,    103.8000 ,    1.3000 ,-,Singapore||Singapore|sg,Singapore,,Singapore,sg
DSTL,DSTL UK,-,     -1.7000 ,   51.1300 ,-,|England|United Kingdom|gb,,England,United Kingdom,gb
DSTO,DSTO,-,    138.6400 ,  -34.7600 ,-,Adelaide|South Australia|Australia|au,Adelaide,South Australia,Australia,au
DTI,DTI,-,    -77.0800 ,   38.8800 ,-,Arlington|Virginia|United States of America|us,Arlington,Virginia,United States of America,us
DTU,DTU,Technical University of Denmark,     12.5200 ,   55.7900 ,-,Kongens Lyngby|Region Hovedstaden|Danmark|dk,Kongens Lyngby,Region Hovedstaden,Danmark,dk
DTV,DirecTV,-,   -118.4100 ,   33.9200 ,-,El Segundo|California|United States of America|us,El Segundo,California,United States of America,us
DTVA,DirecTV,-,   -118.4100 ,   33.9200 ,-,El Segundo|California|United States of America|us,El Segundo,California,United States of America,us
DTVAT,DirecTV,-,   -118.4100 ,   33.9200 ,-,El Segundo|California|United States of America|us,El Segundo,California,United States of America,us
DTVLA,DirecTV LatinA,-,    -43.2000 ,  -22.9100 ,DTVA,Rio de Janeiro|Rio de Janeiro|Brasil|br,Rio de Janeiro,Rio de Janeiro,Brasil,br
DTVT,DirecTV,-,   -118.4100 ,   33.9200 ,-,El Segundo|California|United States of America|us,El Segundo,California,United States of America,us
DUD,Dudley,-,    -73.9400 ,   42.8100 ,-,City of Schenectady|New York|United States of America|us,City of Schenectady,New York,United States of America,us
DUCOMM,Duocomm Miltec,-,    -86.5900 ,   34.7300 ,-,Huntsville|Alabama|United States of America|us,Huntsville,Alabama,United States of America,us
DUTH,DUTH,Democritus University of Thrace,     24.8800 ,   41.1300 ,-,Ξάνθη|Περιφέρεια Ανατολικής Μακεδονίας και Θράκης|Ελλάς|gr,Ξάνθη,Περιφέρεια Ανατολικής Μακεδονίας και Θράκης,Ελλάς,gr
DUTCH,Dutch Space,-,      4.9000 ,   52.3700 ,ASTD,Amsterdam|Noord-Holland|Nederland|nl,Amsterdam,Noord-Holland,Nederland,nl
DUTEC,Delta-UTEC,-,      4.4800 ,   52.1700 ,-,Leiden|Zuid-Holland|Nederland|nl,Leiden,Zuid-Holland,Nederland,nl
DVNG,DVNIGMI,Far East Regional Science Research Hydrometeorological Inst,    131.9000 ,   43.1333 ,GMS,Владивосток|Приморский край|Россия|ru,Владивосток,Приморский край,Россия,ru
DVST,Delta V,-,     28.9600 ,   41.0100 ,-,İstanbul||Türkiye|tr,İstanbul,,Türkiye,tr
DYMON,Dymon,-,    139.7200 ,   35.5600 ,-,大田区||日本|jp,大田区,,日本,jp
DYN,Dynacon,-,    -79.6500 ,   43.6000 ,-,Mississauga|Ontario|Canada|ca,Mississauga,Ontario,Canada,ca
DYNT,Dynetics,-,    -86.5900 ,   34.7300 ,-,Huntsville|Alabama|United States of America|us,Huntsville,Alabama,United States of America,us
EAC,eAC,-,    -80.2100 ,   25.7800 ,-,Miami|Florida|United States of America|us,Miami,Florida,United States of America,us
EADS,EADS,-,      4.7500 ,   52.2800 ,-,|Noord-Holland|Nederland|nl,,Noord-Holland,Nederland,nl
EADSA,EADS Aquitaine,-,     -0.7200 ,   44.9000 ,EADS,Saint-Médard-en-Jalles|Nouvelle-Aquitaine|France|fr,Saint-Médard-en-Jalles,Nouvelle-Aquitaine,France,fr
EADSB,EADS/Bremen,-,      8.3000 ,   53.0800 ,EADS,Sandtange|Niedersachsen|Deutschland|de,Sandtange,Niedersachsen,Deutschland,de
EADSCA,EADS-CASA,-,     -3.5900 ,   40.4700 ,EADS,Madrid|Comunidad de Madrid|España|es,Madrid,Comunidad de Madrid,España,es
EADSG,EADS/CSG,-,    -52.7700 ,    5.2300 ,EADS,Kourou|Guyane|France|fr,Kourou,Guyane,France,fr
EADSL,EADS/LV,-,      1.9200 ,   48.9900 ,EADS,Les Mureaux|Île-de-France|France|fr,Les Mureaux,Île-de-France,France,fr
EADSO,EADS-D/O,-,     11.6700 ,   48.0700 ,-,Neubiberg|Bayern|Deutschland|de,Neubiberg,Bayern,Deutschland,de
EARI,Earth-i,-,     -0.5900 ,   51.2400 ,-,Guildford|England|United Kingdom|gb,Guildford,England,United Kingdom,gb
EASF,EADS Astrium/DF,-,      9.4800 ,   47.6500 ,EADS,Friedrichshafen|Baden-Württemberg|Deutschland|de,Friedrichshafen,Baden-Württemberg,Deutschland,de
EBAD,EBAD,-,    -72.8100 ,   41.8700 ,-,Simsbury|Connecticut|United States of America|us,Simsbury,Connecticut,United States of America,us
EBI,EBI,-,      6.5600 ,   46.5200 ,EUTSA,Ecublens|Vaud|Schweiz/Suisse/Svizzera/Svizra|ch,Ecublens,Vaud,Schweiz/Suisse/Svizzera/Svizra,ch
EBIV,EBI (Viasat),-,      6.5600 ,   46.5200 ,VIA,Ecublens|Vaud|Schweiz/Suisse/Svizzera/Svizra|ch,Ecublens,Vaud,Schweiz/Suisse/Svizzera/Svizra,ch
ECHO,Echostar,-,   -104.9900 ,   39.6500 ,-,Englewood|Colorado|United States of America|us,Englewood,Colorado,United States of America,us
ECHO23,Echostar 23 Sub,-,     -0.0900 ,   51.5200 ,DISH,City of London|England|United Kingdom|gb,City of London,England,United Kingdom,gb
ECHOAU,Echostar AU,-,    153.4000 ,  -27.9600 ,HELWE,Gold Coast City|Queensland|Australia|au,Gold Coast City,Queensland,Australia,au
ECHOC,Echostar,-,   -104.9900 ,   39.6500 ,-,Englewood|Colorado|United States of America|us,Englewood,Colorado,United States of America,us
ECHOM,Echostar Mobile,-,     -6.2700 ,   53.3500 ,ECHO,Dublin||Éire / Ireland|ie,Dublin,,Éire / Ireland,ie
ECLIP,Ecliptic,-,   -118.1300 ,   34.1600 ,-,Pasadena|California|United States of America|us,Pasadena,California,United States of America,us
ECMLS,ECM Launch,-,     13.5500 ,   52.4400 ,-,Berlin||Deutschland|de,Berlin,,Deutschland,de
ECOM,USA ECOM,-,    -74.0500 ,   40.3100 ,USA,Eatontown|New Jersey|United States of America|us,Eatontown,New Jersey,United States of America,us
EDA,EarthDaily,-,   -123.1000 ,   49.2500 ,-,Vancouver|British Columbia|Canada|ca,Vancouver,British Columbia,Canada,ca
EDISF,Edisoft,-,     -9.2900 ,   38.7000 ,THALES,Oeiras||Portugal|pt,Oeiras,,Portugal,pt
EDLS,EDL-Sylvania,-,   -122.0800 ,   37.3900 ,-,Mountain View|California|United States of America|us,Mountain View,California,United States of America,us
EELEC,English Elec,-,     -0.2000 ,   51.9000 ,-,Stevenage|England|United Kingdom|gb,Stevenage,England,United Kingdom,gb
EER,EER,-,    -76.8500 ,   38.9700 ,-,Lanham|Maryland|United States of America|us,Lanham,Maryland,United States of America,us
EERSSI,EER,-,    -95.3800 ,   29.7600 ,-,Houston|Texas|United States of America|us,Houston,Texas,United States of America,us
EGA,Egyptian Army,-,     30.6100 ,   30.1200 ,-,|الجيزة|مصر|eg,,الجيزة,مصر,eg
EGAO,EGAO,-,     31.2300 ,   30.0300 ,-,القاهرة|القاهرة|مصر|eg,القاهرة,القاهرة,مصر,eg
EGG,EG&G,-,    -77.2300 ,   39.1300 ,-,Gaithersburg|Maryland|United States of America|us,Gaithersburg,Maryland,United States of America,us
EGS,EGS,-,     44.7800 ,   41.7200 ,GPI,თბილისი||საქართველო|ge,თბილისი,,საქართველო,ge
EGSA,Euro GSA,-,      2.3000 ,   48.8600 ,-,Paris|Île-de-France|France|fr,Paris,Île-de-France,France,fr
EGYSA,EgSA,Egyptian Space Agency,     31.2300 ,   30.0300 ,-,القاهرة|القاهرة|مصر|eg,القاهرة,القاهرة,مصر,eg
EHNS,Echostar/HNS,-,    -77.2700 ,   39.1800 ,ECHO,Germantown|Maryland|United States of America|us,Germantown,Maryland,United States of America,us
EIAST,EIAST,-,     55.3000 ,   25.2600 ,-,ديرة|دبي|الإمارات العربية المتحدة|ae,ديرة,دبي,الإمارات العربية المتحدة,ae
EKAG,e-kagaku,-,    135.7700 ,   35.0100 ,-,京都市||日本|jp,京都市,,日本,jp
ELA,ELA,-,    136.8000 ,  -12.3900 ,-,||Australia|au,,,Australia,au
ELBIT,Elbit Systems,-,     34.9600 ,   32.7900 ,-,חיפה|מחוז חיפה|ישראל|il,חיפה,מחוז חיפה,ישראל,il
ELDE,Elecnor Deimos,-,     -3.7100 ,   40.6000 ,-,Tres Cantos|Comunidad de Madrid|España|es,Tres Cantos,Comunidad de Madrid,España,es
ELDECI,Elecnor Deimos,-,     -4.7000 ,   41.5300 ,ELDE,Boecillo|Castilla y León|España|es,Boecillo,Castilla y León,España,es
ELDEC,Elecnor Deimos,-,     -4.1200 ,   38.6800 ,-,Puertollano|Castilla-La Mancha|España|es,Puertollano,Castilla-La Mancha,España,es
ELDO,CECLES/ELDO,European Launcher Development Organization,      2.3000 ,   48.8600 ,I-ELDO,Paris|Île-de-France|France|fr,Paris,Île-de-France,France,fr
ELLT,Elliott,-,     -0.7400 ,   51.3100 ,-,Surrey Heath|England|United Kingdom|gb,Surrey Heath,England,United Kingdom,gb
ELUS,Energia Ltd US,-,   -118.2000 ,   33.7700 ,RKKE,Long Beach|California|United States of America|us,Long Beach,California,United States of America,us
ELV,ELV SpA.,-,     13.0200 ,   41.7300 ,-,Segni|Lazio|Italia|it,Segni,Lazio,Italia,it
ELYS,Elysium Space,-,   -122.4200 ,   37.7800 ,-,San Francisco|California|United States of America|us,San Francisco,California,United States of America,us
EMASH,Energomash,-,     37.4500 ,   55.9000 ,-,Химки|Московская область|Россия|ru,Химки,Московская область,Россия,ru
EMAVI,EMAVI,"Military Aviation School, FAC",    -76.5000 ,    3.4600 ,FACO,Perímetro Urbano Santiago de Cali|Valle del Cauca|Colombia|co,Perímetro Urbano Santiago de Cali,Valle del Cauca,Colombia,co
EMBR,Embratel,-,    -43.2000 ,  -22.9100 ,TELB,Rio de Janeiro|Rio de Janeiro|Brasil|br,Rio de Janeiro,Rio de Janeiro,Brasil,br
EMBRM,Embratel,-,    -43.2000 ,  -22.9100 ,MCI,Rio de Janeiro|Rio de Janeiro|Brasil|br,Rio de Janeiro,Rio de Janeiro,Brasil,br
EMBRT,Embratel,-,    -43.2000 ,  -22.9100 ,TELMX,Rio de Janeiro|Rio de Janeiro|Brasil|br,Rio de Janeiro,Rio de Janeiro,Brasil,br
EMST,EMS Tech.,-,    -73.9500 ,   45.4000 ,-,L'Île-Perrot|Québec|Canada|ca,L'Île-Perrot,Québec,Canada,ca
ENDUR,Endurosat,-,     23.3300 ,   42.7000 ,-,София|София-град|България|bg,София,София-град,България,bg
ENEA1,ENEA,Atomic Energy and Alternative Energy,     12.4900 ,   41.8900 ,-,Roma|Lazio|Italia|it,Roma,Lazio,Italia,it
ENEA,ENEA,"Agency for New Technologies, Energy and Environment",     12.4900 ,   41.8900 ,-,Roma|Lazio|Italia|it,Roma,Lazio,Italia,it
EOI,EOI Space,-,   -105.1400 ,   39.9800 ,-,Louisville|Colorado|United States of America|us,Louisville,Colorado,United States of America,us
EOS,EOS,-,   -118.1300 ,   34.1600 ,-,Pasadena|California|United States of America|us,Pasadena,California,United States of America,us
EOSAT,EOSAT,-,    -76.8600 ,   38.9700 ,-,Lanham|Maryland|United States of America|us,Lanham,Maryland,United States of America,us
EOSAU,EOS WPLTN,-,    149.2300 ,  -35.3500 ,-,Queanbeyan|New South Wales|Australia|au,Queanbeyan,New South Wales,Australia,au
EOSDA,EOS DA,-,   -122.0800 ,   37.3900 ,-,Mountain View|California|United States of America|us,Mountain View,California,United States of America,us
EOSSPT,EOS Space,-,    100.5200 ,   13.8500 ,-,เทศบาลนครนนทบุรี||ประเทศไทย|th,เทศบาลนครนนทบุรี,,ประเทศไทย,th
EPFL,EPFL,-,      6.5700 ,   46.5300 ,-,Chavannes-près-Renens|Vaud|Schweiz/Suisse/Svizzera/Svizra|ch,Chavannes-près-Renens,Vaud,Schweiz/Suisse/Svizzera/Svizra,ch
EPIC,Epic,-,   -122.4200 ,   37.7800 ,EPICU,San Francisco|California|United States of America|us,San Francisco,California,United States of America,us
EPICA,Epic,-,    -58.3800 ,  -34.6000 ,EPICU,Buenos Aires|Ciudad Autónoma de Buenos Aires|Argentina|ar,Buenos Aires,Ciudad Autónoma de Buenos Aires,Argentina,ar
EPICU,Epic,-,    -56.1800 ,  -34.8800 ,-,Montevideo|Montevideo|Uruguay|uy,Montevideo,Montevideo,Uruguay,uy
EPOS,MiG EPOS,-,     59.6100 ,   47.8500 ,MIG,Шалқар|Ақтөбе облысы|Қазақстан|kz,Шалқар,Ақтөбе облысы,Қазақстан,kz
ERAU,Embry-Riddle,-,    -81.0900 ,   29.1900 ,-,Daytona Beach|Florida|United States of America|us,Daytona Beach,Florida,United States of America,us
ERDA,ERDA,-,    -77.0200 ,   38.9000 ,-,Washington|District of Columbia|United States of America|us,Washington,District of Columbia,United States of America,us
ERDL,ERDL,-,    -77.1500 ,   38.7200 ,USA,Fort Belvoir|Virginia|United States of America|us,Fort Belvoir,Virginia,United States of America,us
ERNO,ERNO,-,      8.3000 ,   53.0800 ,VFW,Sandtange|Niedersachsen|Deutschland|de,Sandtange,Niedersachsen,Deutschland,de
ERNOF,ERNO,-,      8.3000 ,   53.0800 ,VFWF,Sandtange|Niedersachsen|Deutschland|de,Sandtange,Niedersachsen,Deutschland,de
ERNOV,ERNO,-,      8.3000 ,   53.0800 ,VFW,Sandtange|Niedersachsen|Deutschland|de,Sandtange,Niedersachsen,Deutschland,de
ERTU,ERTU,Egyptian Radio and Television Union,     30.9100 ,   29.9400 ,EG,السادس من أكتوبر|الجيزة|مصر|eg,السادس من أكتوبر,الجيزة,مصر,eg
ESA,ESA,-,      2.3000 ,   48.8600 ,-,Paris|Île-de-France|France|fr,Paris,Île-de-France,France,fr
ESHAIL,Es'hailsat,-,     51.5300 ,   25.2900 ,ICTQ,الدوحة||قطر|qa,الدوحة,,قطر,qa
ESIE,ESIEESPACE,-,      2.3000 ,   48.8600 ,TARTU,Paris|Île-de-France|France|fr,Paris,Île-de-France,France,fr
ESL,ESL,-,   -122.1400 ,   37.4300 ,-,Palo Alto|California|United States of America|us,Palo Alto,California,United States of America,us
ESL1,ESL,-,   -122.0400 ,   37.3700 ,-,Sunnyvale|California|United States of America|us,Sunnyvale,California,United States of America,us
ESMC,USAF ESMC,-,    -80.6100 ,   28.2400 ,USAF,|Florida|United States of America|us,,Florida,United States of America,us
ESPACE,E-Space,-,    -80.2400 ,   27.1900 ,-,Stuart|Florida|United States of America|us,Stuart,Florida,United States of America,us
ESPRW,E-Space Rwanda,-,     30.0600 ,   -1.9400 ,-,Kigali|Umujyi wa Kigali|Rwanda|rw,Kigali,Umujyi wa Kigali,Rwanda,rw
ESRO,ESRO,European Space Research Organization,      2.2700 ,   48.8900 ,-,Neuilly-sur-Seine|Île-de-France|France|fr,Neuilly-sur-Seine,Île-de-France,France,fr
ESRWA,ESR (WA),-,   -122.3300 ,   47.6100 ,-,Seattle|Washington|United States of America|us,Seattle,Washington,United States of America,us
ESSA,ESSA,-,    -76.9200 ,   38.8500 ,DOC,Suitland|Maryland|United States of America|us,Suitland,Maryland,United States of America,us
ESSP,ESSP,Estonian Student Satellite Program,     26.7200 ,   58.3800 ,-,Tartu linn||Eesti|ee,Tartu linn,,Eesti,ee
ESSTI,ESSTI,-,     38.7600 ,    9.0500 ,-,|አዲስ አበባ أديس أبابا|ኢትዮጵያ إثيوبيا|et,,አዲስ አበባ أديس أبابا,ኢትዮጵያ إثيوبيا,et
ESTEC,ESTEC,-,      4.4500 ,   52.2300 ,I-ESA,Noordwijk|Zuid-Holland|Nederland|nl,Noordwijk,Zuid-Holland,Nederland,nl
ESYS,E-Systems,-,    -96.6400 ,   32.9100 ,-,Garland|Texas|United States of America|us,Garland,Texas,United States of America,us
ETAC,ETAC,-,    -77.0200 ,   38.9000 ,USAF,Washington|District of Columbia|United States of America|us,Washington,District of Columbia,United States of America,us
ETACIL,ETAC/Scott AFB,-,    -89.8700 ,   38.5300 ,USAF,|Illinois|United States of America|us,,Illinois,United States of America,us
ETCO,ETCO,-,     58.4000 ,   23.5900 ,-,ولاية بوشر|محافظة مسقط|عمان|om,ولاية بوشر,محافظة مسقط,عمان,om
ETEC,ETEC,-,    -45.0700 ,  -23.4400 ,-,Ubatuba|São Paulo|Brasil|br,Ubatuba,São Paulo,Brasil,br
ETRI,ETRI,Electronics and Telecommunications Research Institute,    127.3900 ,   39.3800 ,-,풍전리|강원도|조선민주주의인민공화국|kp,풍전리,강원도,조선민주주의인민공화국,kp
EUMET,EUMETSAT,-,      8.6500 ,   49.8700 ,I-EUM,Darmstadt|Hessen|Deutschland|de,Darmstadt,Hessen,Deutschland,de
EUPST,EuropeStar,-,     -0.4800 ,   51.5400 ,-,Greater London|England|United Kingdom|gb,Greater London,England,United Kingdom,gb
EURAS,Eurasspace,-,     11.5700 ,   48.1300 ,-,München|Bayern|Deutschland|de,München,Bayern,Deutschland,de
EUROK,Eurockot,-,      8.3000 ,   53.0800 ,-,Sandtange|Niedersachsen|Deutschland|de,Sandtange,Niedersachsen,Deutschland,de
EUROL,Eurolaunch,-,     20.2200 ,   67.8500 ,SSC,Kiruna||Sverige|se,Kiruna,,Sverige,se
EUROP,Europropulsion,-,      2.2200 ,   48.8700 ,-,Suresnes|Île-de-France|France|fr,Suresnes,Île-de-France,France,fr
EUROPK,Europropulsion,-,    -52.7700 ,    5.2400 ,EUROP,Kourou|Guyane|France|fr,Kourou,Guyane,France,fr
EURSA,Eurasiasat,-,      7.4200 ,   43.7300 ,-,Monaco||Monaco|mc,Monaco,,Monaco,mc
EURSG,Eurasiasat,-,     32.8000 ,   39.8000 ,EURSA,Gölbaşı|Ankara|Türkiye|tr,Gölbaşı,Ankara,Türkiye,tr
EUSPA,EU SPA,-,     14.4200 ,   50.0800 ,-,Hlavní město Praha|Praha|Česko|cz,Hlavní město Praha,Praha,Česko,cz
EUTAM,Eutelsat Americas,-,    -99.2200 ,   19.4400 ,EUTSA,Ciudad de México|Ciudad de México|México|mx,Ciudad de México,Ciudad de México,México,mx
EUTEL,Eutelsat,-,      2.3000 ,   48.8600 ,I-EUT,Paris|Île-de-France|France|fr,Paris,Île-de-France,France,fr
EUTSA,EutelsatSA,-,      2.3000 ,   48.8600 ,-,Paris|Île-de-France|France|fr,Paris,Île-de-France,France,fr
EVOL,Evolution Space,-,   -118.1700 ,   35.0500 ,-,Mojave|California|United States of America|us,Mojave,California,United States of America,us
EWAT,EarthWatch,-,   -105.1100 ,   40.1700 ,-,Longmont|Colorado|United States of America|us,Longmont,Colorado,United States of America,us
EXA,EXA,Ecuadorian Civilian Space Agency,    -79.8800 ,   -2.1800 ,-,Guayaquil|Guayas|Ecuador|ec,Guayaquil,Guayas,Ecuador,ec
EXCO,Exploration Co,-,     11.5700 ,   48.1300 ,-,München|Bayern|Deutschland|de,München,Bayern,Deutschland,de
EXEA,exactEarth,-,    -80.3200 ,   43.3700 ,COMDEV,Cambridge|Ontario|Canada|ca,Cambridge,Ontario,Canada,ca
EXESP,Spire exactEarth,-,    -80.3200 ,   43.3700 ,SPIRE,Cambridge|Ontario|Canada|ca,Cambridge,Ontario,Canada,ca
EXOBOT,Exobotics,-,     -0.1000 ,   51.5200 ,-,City of London|England|United Kingdom|gb,City of London,England,United Kingdom,gb
EXOL,EXOLaunch,-,     13.5500 ,   52.4400 ,-,Berlin||Deutschland|de,Berlin,,Deutschland,de
EXOSA,Exos Ae,-,    -96.2300 ,   33.0600 ,-,Caddo Mills|Texas|United States of America|us,Caddo Mills,Texas,United States of America,us
EXOTR,Exotrail,-,      2.2600 ,   48.7300 ,-,Massy||France|fr,Massy,,France,fr
EXPACE,CASIC ExPace,ExPace Technology Corp.,    116.3000 ,   39.9600 ,CASIC,海淀区|北京市|中国|cn,海淀区,北京市,中国,cn
EXSEED,Exseed Space,-,     72.8300 ,   18.9800 ,-,Mumbai|Maharashtra|India|in,Mumbai,Maharashtra,India,in
FAB,FAB,Brazilian Air Force,    -47.8800 ,  -15.7900 ,-,Brasília|Distrito Federal|Brasil|br,Brasília,Distrito Federal,Brasil,br
FACH,FACh,-,    -70.6900 ,  -33.4900 ,-,Cerrillos|Región Metropolitana de Santiago|Chile|cl,Cerrillos,Región Metropolitana de Santiago,Chile,cl
FACO,FAC,-,    -74.0700 ,    4.7100 ,-,Bogotá||Colombia|co,Bogotá,,Colombia,co
FACS,FACS,-,    -76.8900 ,   38.9900 ,FAI,Greenbelt|Maryland|United States of America|us,Greenbelt,Maryland,United States of America,us
FAI,FAI,-,    -76.8900 ,   38.9900 ,-,Greenbelt|Maryland|United States of America|us,Greenbelt,Maryland,United States of America,us
FAIR,Fairchild,-,    -77.2700 ,   39.1800 ,-,Germantown|Maryland|United States of America|us,Germantown,Maryland,United States of America,us
FAIRA,Fairchild Air.,-,    -77.7200 ,   39.6400 ,-,Hagerstown|Maryland|United States of America|us,Hagerstown,Maryland,United States of America,us
FAIRS,Fairchild Stratos,-,    -77.7200 ,   39.6400 ,-,Hagerstown|Maryland|United States of America|us,Hagerstown,Maryland,United States of America,us
FAIRH,Fairchild-Hiller,-,    -77.7200 ,   39.6400 ,-,Hagerstown|Maryland|United States of America|us,Hagerstown,Maryland,United States of America,us
FAIRHG,Fairchild (G),-,    -77.2700 ,   39.1800 ,-,Germantown|Maryland|United States of America|us,Germantown,Maryland,United States of America,us
FAKEL,Fakel,-,     22.0300 ,   55.0300 ,-,Неман|Калининградская область|Россия|ru,Неман,Калининградская область,Россия,ru
FAKELO,Fakel,-,     22.0300 ,   55.0300 ,ORKK,Неман|Калининградская область|Россия|ru,Неман,Калининградская область,Россия,ru
FANG,Fangzhou,Beijing Aerospace Ark Space Technology Co. Ltd,    116.3800 ,   39.9200 ,-,西城区|北京市|中国|cn,西城区,北京市,中国,cn
FASTC,USAF FASTC,-,    -84.0500 ,   39.8200 ,USAF,|Ohio|United States of America|us,,Ohio,United States of America,us
FATAH,Fatah,-,     44.4300 ,   33.3300 ,-,بغداد|محافظة بغداد|العراق|iq,بغداد,محافظة بغداد,العراق,iq
FBK,Facebook,-,   -122.1800 ,   37.4500 ,-,Menlo Park|California|United States of America|us,Menlo Park,California,United States of America,us
FCCO,4C Controls,-,      7.6800 ,   45.0800 ,-,Torino|Piemonte|Italia|it,Torino,Piemonte,Italia,it
FERG,Fergani,Fergani Space Technologies Info. Industry and Trade Inc,     29.0300 ,   41.1100 ,-,Sarıyer||Türkiye|tr,Sarıyer,,Türkiye,tr
FFLY,Firefly,-,    -97.7400 ,   30.2900 ,-,Austin|Texas|United States of America|us,Austin,Texas,United States of America,us
FHWN,FHWN,University of Applied Sciences Wiener Neustadt,     16.2500 ,   47.8400 ,-,Wiener Neustadt|Niederösterreich|Österreich|at,Wiener Neustadt,Niederösterreich,Österreich,at
FIAN,FIAN,Lebedev Physical Inst,     37.6200 ,   55.7500 ,AN,Москва|Москва|Россия|ru,Москва,Москва,Россия,ru
FIAT,Fiat,-,      7.6800 ,   45.0800 ,-,Torino|Piemonte|Italia|it,Torino,Piemonte,Italia,it
FIATA,Fiat,-,     13.0200 ,   41.7300 ,-,Segni|Lazio|Italia|it,Segni,Lazio,Italia,it
FING,UdelaR FING,"Faculty of Engineering, University of the Republic",    -56.1700 ,  -34.9200 ,-,Montevideo|Montevideo|Uruguay|uy,Montevideo,Montevideo,Uruguay,uy
FIPM,FIPM,-,      7.8500 ,   47.9800 ,-,Freiburg im Breisgau|Baden-Württemberg|Deutschland|de,Freiburg im Breisgau,Baden-Württemberg,Deutschland,de
FIRES,Firestone,-,   -118.2000 ,   33.9400 ,-,South Gate|California|United States of America|us,South Gate,California,United States of America,us
FIRETR,Firestone,-,    -81.5200 ,   41.0700 ,-,Akron|Ohio|United States of America|us,Akron,Ohio,United States of America,us
FIRMA,Firmamentum,-,   -122.2000 ,   47.7700 ,TUI,Bothell|Washington|United States of America|us,Bothell,Washington,United States of America,us
FIRON,ANO FIRON,-,     39.7400 ,   47.2400 ,-,Ростов-на-Дону|Ростовская область|Россия|ru,Ростов-на-Дону,Ростовская область,Россия,ru
FIT,FIT,-,    -80.6200 ,   28.0700 ,-,Melbourne|Florida|United States of America|us,Melbourne,Florida,United States of America,us
FKA,Roskosmos,Roskosmos,     37.6200 ,   55.7500 ,-,Москва|Москва|Россия|ru,Москва,Москва,Россия,ru
FKG,FKG-1/FKG-2,-,     10.9000 ,   48.0500 ,LW,Landsberg am Lech|Bayern|Deutschland|de,Landsberg am Lech,Bayern,Deutschland,de
FKG1,FKG-1,-,     10.9000 ,   48.0500 ,LW,Landsberg am Lech|Bayern|Deutschland|de,Landsberg am Lech,Bayern,Deutschland,de
FKGR11,FKGr-11,-,     10.9000 ,   48.0500 ,LW,Landsberg am Lech|Bayern|Deutschland|de,Landsberg am Lech,Bayern,Deutschland,de
FKGR12,FKGr-12,-,     10.9000 ,   48.0500 ,LW,Landsberg am Lech|Bayern|Deutschland|de,Landsberg am Lech,Bayern,Deutschland,de
FKGR13,FKGr-13,-,     10.9000 ,   48.0500 ,LW,Landsberg am Lech|Bayern|Deutschland|de,Landsberg am Lech,Bayern,Deutschland,de
FKG2,FKG-2,-,      6.1200 ,   50.9700 ,LW,Geilenkirchen|Nordrhein-Westfalen|Deutschland|de,Geilenkirchen,Nordrhein-Westfalen,Deutschland,de
FKGR21,FKGr-21,-,      6.1200 ,   50.9700 ,LW,Geilenkirchen|Nordrhein-Westfalen|Deutschland|de,Geilenkirchen,Nordrhein-Westfalen,Deutschland,de
FKGR22,FKGr-22,-,      6.1200 ,   50.9700 ,LW,Geilenkirchen|Nordrhein-Westfalen|Deutschland|de,Geilenkirchen,Nordrhein-Westfalen,Deutschland,de
FLASP,FLASPACE,-,    -80.6000 ,   28.6100 ,-,|Florida|United States of America|us,,Florida,United States of America,us
FLSPA,SpaceFlorida,-,    -80.6000 ,   28.6100 ,-,|Florida|United States of America|us,,Florida,United States of America,us
FLEET,Fleet Space,-,    138.5500 ,  -34.8900 ,-,Adelaide|South Australia|Australia|au,Adelaide,South Australia,Australia,au
FMI,FMI,Defense Acquisition and Logistics Organization,     21.3700 ,   55.7300 ,-,Saulažoliai|Klaipėdos apskritis|Lietuva|lt,Saulažoliai,Klaipėdos apskritis,Lietuva,lt
FMV,FMV,Defense Materiel Adminstration,     18.1000 ,   59.3400 ,-,Stockholm||Sverige|se,Stockholm,,Sverige,se
FOI,FOI,Swedish Defense Research Agency,     18.1000 ,   59.3400 ,-,Stockholm||Sverige|se,Stockholm,,Sverige,se
FOKK,Fokker,-,      4.9000 ,   52.3700 ,-,Amsterdam|Noord-Holland|Nederland|nl,Amsterdam,Noord-Holland,Nederland,nl
FOKKR,Fokker Ruim.,-,      4.9000 ,   52.3700 ,FOKK,Amsterdam|Noord-Holland|Nederland|nl,Amsterdam,Noord-Holland,Nederland,nl
FOKKS,Fokker Space,-,      4.9000 ,   52.3700 ,FOKK,Amsterdam|Noord-Holland|Nederland|nl,Amsterdam,Noord-Holland,Nederland,nl
FOKKSS,Fokker Space,-,      4.9000 ,   52.3700 ,-,Amsterdam|Noord-Holland|Nederland|nl,Amsterdam,Noord-Holland,Nederland,nl
FORDA,Ford Ae,-,   -122.1400 ,   37.4300 ,-,Palo Alto|California|United States of America|us,Palo Alto,California,United States of America,us
FORDAN,Ford Aeronutronic,-,   -118.2600 ,   34.1500 ,-,Glendale|California|United States of America|us,Glendale,California,United States of America,us
FORDP,Ae Ford WDL,-,   -122.1400 ,   37.4300 ,-,Palo Alto|California|United States of America|us,Palo Alto,California,United States of America,us
FORNB,Ae Ford,-,   -117.9000 ,   33.6200 ,-,Newport Beach|California|United States of America|us,Newport Beach,California,United States of America,us
FORNBA,Ford Aeronutronic,-,   -117.9000 ,   33.6200 ,-,Newport Beach|California|United States of America|us,Newport Beach,California,United States of America,us
FORSK,Forsk,Research Council of Norway,     10.7300 ,   59.9200 ,-,Oslo||Norge|no,Oslo,,Norge,no
FOSSA,Fossa Systems,-,     -3.8000 ,   40.4400 ,-,Pozuelo de Alarcón|Comunidad de Madrid|España|es,Pozuelo de Alarcón,Comunidad de Madrid,España,es
FOXC,Foxconn,Hon Hai Technology Group (Foxconn),    121.4200 ,   24.9700 ,-,新北市||臺灣|tw,新北市,,臺灣,tw
FPTU,FPT University,-,    105.8500 ,   21.0300 ,-,Thành phố Hà Nội||Việt Nam|vn,Thành phố Hà Nội,,Việt Nam,vn
FRAM2,Fram2 Mission,-,   -118.3500 ,   33.9200 ,-,Hawthorne|California|United States of America|us,Hawthorne,California,United States of America,us
FRANK,Frankfurt,Frankfurt University,      8.6700 ,   50.1300 ,-,Frankfurt am Main|Hessen|Deutschland|de,Frankfurt am Main,Hessen,Deutschland,de
FRASC,Frascati,-,     12.6800 ,   41.8200 ,-,Frascati|Lazio|Italia|it,Frascati,Lazio,Italia,it
FRAUN,Fraunhofer EMI,"Fraunhofer Institute for High-Speed Dynamics, EMI",      7.8400 ,   48.0000 ,-,Freiburg im Breisgau|Baden-Württemberg|Deutschland|de,Freiburg im Breisgau,Baden-Württemberg,Deutschland,de
FRC,FRC,-,   -117.8800 ,   34.9100 ,NASA,|California|United States of America|us,,California,United States of America,us
FREIB,Freiburg,Freiburg University,      7.8500 ,   47.9900 ,-,Freiburg im Breisgau|Baden-Württemberg|Deutschland|de,Freiburg im Breisgau,Baden-Württemberg,Deutschland,de
FRMET,FrMeteo,-,      2.3000 ,   48.8600 ,-,Paris|Île-de-France|France|fr,Paris,Île-de-France,France,fr
FSB,FSB,-,     37.6200 ,   55.7500 ,-,Москва|Москва|Россия|ru,Москва,Москва,Россия,ru
FSI,Future Science,Future Science Institute,    140.3700 ,   35.3900 ,HSU,一宮町||日本|jp,一宮町,,日本,jp
FSU,FSU,-,    -84.3000 ,   30.4400 ,-,Tallahassee|Florida|United States of America|us,Tallahassee,Florida,United States of America,us
FTB,Ft Bliss,-,   -106.4200 ,   31.8000 ,USA,|Texas|United States of America|us,,Texas,United States of America,us
FTB2MB,Ft Bliss 2MB,-,   -106.4200 ,   31.8000 ,USA,|Texas|United States of America|us,,Texas,United States of America,us
FTEL,France Telecom,-,      2.3100 ,   48.8600 ,-,Paris|Île-de-France|France|fr,Paris,Île-de-France,France,fr
FUCHW,Fucheng Sat,Fucheng Satellite Factory,    104.7600 ,   31.4600 ,-,绵阳市|四川省|中国|cn,绵阳市,四川省,中国,cn
FUCHS,Fuchs,-,      8.8000 ,   53.0800 ,-,Bremen|Bremen|Deutschland|de,Bremen,Bremen,Deutschland,de
FUDAN,Fudan Univ,Fudan University,    121.5000 ,   31.3000 ,-,杨浦区|上海市|中国|cn,杨浦区,上海市,中国,cn
FUKU,Fukuoka,Fukuoka Institute of Technology,    130.4400 ,   33.7000 ,-,福岡市||日本|jp,福岡市,,日本,jp
FUKUIU,Fukudai,Fukui University,    136.2100 ,   36.0800 ,-,福井市||日本|jp,福井市,,日本,jp
FUKUI,Fukui ken,Fukui Prefecture,    131.2200 ,   36.0600 ,-,,,,,
FUSEI,Fuji Seimitsu,Fuji Precision Industries Co Ltd,    139.6200 ,   35.6800 ,-,杉並区||日本|jp,杉並区,,日本,jp
FUTA,FUTA,-,      5.2000 ,    7.2500 ,-,Akure|Ondo|Nigeria|ng,Akure,Ondo,Nigeria,ng
G2P,G2P,-,     -0.6800 ,   44.8700 ,SNECPS,Le Haillan|Nouvelle-Aquitaine|France|fr,Le Haillan,Nouvelle-Aquitaine,France,fr
G2SS,G2SS,-,    -77.0200 ,   38.9000 ,-,Washington|District of Columbia|United States of America|us,Washington,District of Columbia,United States of America,us
G2SSI,G2SS (HGS) IN,-,    -77.0200 ,   38.9000 ,INTELD,Washington|District of Columbia|United States of America|us,Washington,District of Columbia,United States of America,us
GABEN,Gabe Newell,-,    174.7800 ,  -36.8700 ,-,Waitematā|Auckland|Aotearoa / New Zealand|nz,Waitematā,Auckland,Aotearoa / New Zealand,nz
GACO,GA-EMS,-,   -104.9900 ,   39.6500 ,GATOM,Englewood|Colorado|United States of America|us,Englewood,Colorado,United States of America,us
GAF,Good Ancestor,-,    -97.7900 ,   30.4600 ,-,Austin|Texas|United States of America|us,Austin,Texas,United States of America,us
GAHSV,General Atomics,-,    -86.5900 ,   34.7300 ,GATOM,Huntsville|Alabama|United States of America|us,Huntsville,Alabama,United States of America,us
GAISH,GAISH,"Shternberg Astronomical Institute, MGU",     37.5300 ,   55.7000 ,MGU,Москва|Москва|Россия|ru,Москва,Москва,Россия,ru
GALAX,Galaxia,-,    -63.5900 ,   44.6500 ,-,Halifax|Nova Scotia|Canada|ca,Halifax,Nova Scotia,Canada,ca
GAMA,Gama Space,-,      2.3000 ,   48.8600 ,-,Paris|Île-de-France|France|fr,Paris,Île-de-France,France,fr
GAREF,GAREF XV,-,      2.3000 ,   48.8600 ,-,Paris|Île-de-France|France|fr,Paris,Île-de-France,France,fr
GASL,GASL,-,    -73.1300 ,   40.8100 ,-,Brentwood|New York|United States of America|us,Brentwood,New York,United States of America,us
GASLA,GASL (Allied),-,    -73.1300 ,   40.8100 ,ALAER,Brentwood|New York|United States of America|us,Brentwood,New York,United States of America,us
GATCO,General Atomics,-,   -117.1600 ,   32.7200 ,-,San Diego|California|United States of America|us,San Diego,California,United States of America,us
GATGD,General Atomics,-,   -117.1600 ,   32.7200 ,-,San Diego|California|United States of America|us,San Diego,California,United States of America,us
GATGU,General Atomics,-,   -117.1600 ,   32.7200 ,-,San Diego|California|United States of America|us,San Diego,California,United States of America,us
GATGU2,General Atomics,-,   -117.1600 ,   32.7200 ,-,San Diego|California|United States of America|us,San Diego,California,United States of America,us
GATOM,General Atomics,-,   -117.1600 ,   32.7200 ,-,San Diego|California|United States of America|us,San Diego,California,United States of America,us
GAU,GAU,Main Artillery Dept,     37.6200 ,   55.7500 ,MVS,Москва|Москва|Россия|ru,Москва,Москва,Россия,ru
GAU4,GAU  4U,"4th Directorate, Main Artillery Dept",     37.6200 ,   55.7500 ,GAU,Москва|Москва|Россия|ru,Москва,Москва,Россия,ru
GAUSS,GAUSS SrI,-,     12.4900 ,   41.8900 ,-,Roma|Lazio|Italia|it,Roma,Lazio,Italia,it
GAVA,GA-EMS,-,    -77.3900 ,   38.9700 ,-,Herndon|Virginia|United States of America|us,Herndon,Virginia,United States of America,us
GAZ1,GAZ-1,State Aviation Plant No. 1,     50.1400 ,   53.2000 ,-,Самара|Самарская область|Россия|ru,Самара,Самарская область,Россия,ru
GAZC,OAO Gazcom,-,     37.8200 ,   55.9300 ,-,Королёв|Московская область|Россия|ru,Королёв,Московская область,Россия,ru
GAZS,Gazprom KS,Gazprom Space Systems,     37.8200 ,   55.9300 ,-,Королёв|Московская область|Россия|ru,Королёв,Московская область,Россия,ru
GB5,Guofang bu 5,Fifth Academy of the Ministry of Defense,    116.3800 ,   39.9200 ,CN,西城区|北京市|中国|cn,西城区,北京市,中国,cn
GCA,GCA,-,    -71.0600 ,   42.3600 ,-,Boston|Massachusetts|United States of America|us,Boston,Massachusetts,United States of America,us
GCR,GCR/Redlands,-,   -117.1800 ,   34.0500 ,-,Redlands|California|United States of America|us,Redlands,California,United States of America,us
GCRG,GCR/Glendale,-,   -118.2600 ,   34.1500 ,-,Glendale|California|United States of America|us,Glendale,California,United States of America,us
GD,GD,-,    -77.1900 ,   38.8700 ,-,West Falls Church|Virginia|United States of America|us,West Falls Church,Virginia,United States of America,us
GDA,GD/A,-,   -117.1400 ,   32.8300 ,GD,San Diego|California|United States of America|us,San Diego,California,United States of America,us
GDCKM,GD/Convair-KM,-,   -117.1400 ,   32.8300 ,GD,San Diego|California|United States of America|us,San Diego,California,United States of America,us
GDC,GD/Convair,-,   -117.1900 ,   32.7300 ,GD,San Diego|California|United States of America|us,San Diego,California,United States of America,us
GDCLS,GDCLS,-,   -117.1600 ,   32.7200 ,GD,San Diego|California|United States of America|us,San Diego,California,United States of America,us
GCDX,G. Cehui dili,State Surveying and Mapping Geographic Information Bureau,    116.3800 ,   39.9200 ,GZB,西城区|北京市|中国|cn,西城区,北京市,中国,cn
GDG,GD C4 Systems,-,   -111.7900 ,   33.3500 ,GD,Gilbert|Arizona|United States of America|us,Gilbert,Arizona,United States of America,us
GDOTS,GD-OTS,-,   -122.1200 ,   47.6700 ,GD,Redmond|Washington|United States of America|us,Redmond,Washington,United States of America,us
GDPO,GD-Pomona,-,   -117.7600 ,   34.0600 ,GD,Pomona|California|United States of America|us,Pomona,California,United States of America,us
GDSSD,GD SSD,-,   -117.1400 ,   32.8300 ,GD,San Diego|California|United States of America|us,San Diego,California,United States of America,us
GECAP,GE Capital,-,     -5.3500 ,   36.1300 ,GE,Gibraltar||Gibraltar|gi,Gibraltar,,Gibraltar,gi
GECO,GE,-,    -73.9400 ,   42.8100 ,-,City of Schenectady|New York|United States of America|us,City of Schenectady,New York,United States of America,us
GEELY,Geely,Zhejiang Geely Holding Group,    120.1700 ,   30.2500 ,-,上城区|浙江省|中国|cn,上城区,浙江省,中国,cn
GEESP,GeeSpace,GeeSpace,    121.3900 ,   31.1100 ,GEELY,闵行区||中国|cn,闵行区,,中国,cn
GEEW,GE/East Windsor,-,    -74.5300 ,   40.2600 ,GE,Hightstown|New Jersey|United States of America|us,Hightstown,New Jersey,United States of America,us
GEMTS,GE Malta,-,    -73.8000 ,   42.9700 ,GESNY,Town of Malta|New York|United States of America|us,Town of Malta,New York,United States of America,us
GEMSD,GE/MSD,-,    -75.1600 ,   39.9500 ,GE,Philadelphia|Pennsylvania|United States of America|us,Philadelphia,Pennsylvania,United States of America,us
GENC,GenCorp,-,    -81.6700 ,   41.4800 ,-,Cleveland|Ohio|United States of America|us,Cleveland,Ohio,United States of America,us
GENMAT,GenMat,-,    -97.9500 ,   30.3100 ,-,Bee Cave|Texas|United States of America|us,Bee Cave,Texas,United States of America,us
GEOAM,GeoCosmos,Geocosmos CJSC,     44.5100 ,   40.1800 ,AMHTI,Երևան||Հայաստան|am,Երևան,,Հայաստան,am
GEOOPT,GeoOptics,-,   -118.1300 ,   34.1600 ,-,Pasadena|California|United States of America|us,Pasadena,California,United States of America,us
GEOSAT,GEOSAT,-,     -4.7200 ,   41.6500 ,GEOSAT1,Valladolid|Castilla y León|España|es,Valladolid,Castilla y León,España,es
GEOSAT1,GEOSAT,-,     -9.1500 ,   38.7300 ,-,Lisboa||Portugal|pt,Lisboa,,Portugal,pt
GEOSK,Geoskan,Geoskan,     30.3700 ,   60.0000 ,-,Санкт-Петербург|Санкт-Петербург|Россия|ru,Санкт-Петербург,Санкт-Петербург,Россия,ru
GEOST,Geostar,-,    -77.0200 ,   38.9000 ,-,Washington|District of Columbia|United States of America|us,Washington,District of Columbia,United States of America,us
GERSD,GE/RSD,-,    -75.1600 ,   39.9500 ,GE,Philadelphia|Pennsylvania|United States of America|us,Philadelphia,Pennsylvania,United States of America,us
GESI,Gesi,Shanghai Gesi Information Tech. Co. Ltd.,    121.4700 ,   31.2300 ,SECM,上海市|上海市|中国|cn,上海市,上海市,中国,cn
GESIH,Gesi Hangtian,Shanghai GENESAT Space Tech Co Ltd.,    121.4700 ,   31.2300 ,SECM,上海市|上海市|中国|cn,上海市,上海市,中国,cn
GESNY,GE Schenectady,-,    -73.9400 ,   42.8100 ,GE,City of Schenectady|New York|United States of America|us,City of Schenectady,New York,United States of America,us
GESPC,GE Spacenet,-,    -77.1800 ,   38.9300 ,AMC,McLean|Virginia|United States of America|us,McLean,Virginia,United States of America,us
GEVF,GE/MSVD,-,    -75.4700 ,   40.1000 ,GE,Schuylkill Township|Pennsylvania|United States of America|us,Schuylkill Township,Pennsylvania,United States of America,us
GEYE,GeoEye,-,    -77.4300 ,   39.0100 ,-,Sterling|Virginia|United States of America|us,Sterling,Virginia,United States of America,us
GEYEH,GeoEye,-,    -77.3900 ,   38.9700 ,-,Herndon|Virginia|United States of America|us,Herndon,Virginia,United States of America,us
GEYET,GeoEye/Thornton,-,   -104.9500 ,   39.9000 ,-,Thornton|Colorado|United States of America|us,Thornton,Colorado,United States of America,us
GFW,GfW,-,      7.1000 ,   50.7300 ,BMFT,Bonn|Nordrhein-Westfalen|Deutschland|de,Bonn,Nordrhein-Westfalen,Deutschland,de
GFZ,GFZ,-,     13.0700 ,   52.4000 ,-,Potsdam|Brandenburg|Deutschland|de,Potsdam,Brandenburg,Deutschland,de
GGPEN,GGPEN,National Space Program Management,     13.2300 ,   -8.8400 ,-,Luanda|Luanda|Angola|ao,Luanda,Luanda,Angola,ao
GHALAM,Ghalam LLP,-,     71.4300 ,   51.1700 ,-,Астана|Астана|Қазақстан|kz,Астана,Астана,Қазақстан,kz
GHG,GHG,-,    -73.5600 ,   45.5100 ,-,Montréal|Québec|Canada|ca,Montréal,Québec,Canada,ca
GHJ,G. Haiyang ju,China State Oceanic Administration,    116.3800 ,   39.9200 ,-,西城区|北京市|中国|cn,西城区,北京市,中国,cn
GHK,Gang Hang Ke,Gang Hang Ke (Shenzhen) Space Tech Co.,    113.9400 ,   22.5200 ,HKATG,南山区|广东省|中国|cn,南山区,广东省,中国,cn
GHRCE,GHRCE,-,     79.0800 ,   21.1500 ,-,Nagpur City|Maharashtra|India|in,Nagpur City,Maharashtra,India,in
GICZ,GI Czech,Geophysical Inst. of the Czech Academy of Sciences,     14.4200 ,   50.0800 ,-,Hlavní město Praha|Praha|Česko|cz,Hlavní město Praha,Praha,Česko,cz
GIDAI,Gidai,Gifu University,    136.7400 ,   35.4600 ,-,岐阜市||日本|jp,岐阜市,,日本,jp
GIFU,Gifu Ken,Gifu Prefecture,    136.7600 ,   35.4200 ,-,岐阜市||日本|jp,岐阜市,,日本,jp
GILM,Gilmour Space,-,    153.2800 ,   27.8200 ,-,,,,,
GIMR,GIMRADA,-,    -77.1500 ,   38.7200 ,USA,Fort Belvoir|Virginia|United States of America|us,Fort Belvoir,Virginia,United States of America,us
GIRD,GIRD,Group for the Study of Reactive Motion,     37.6200 ,   55.7500 ,-,Москва|Москва|Россия|ru,Москва,Москва,Россия,ru
GISTDA,GISTDA,-,    100.4900 ,   13.7500 ,-,กรุงเทพมหานคร||ประเทศไทย|th,กรุงเทพมหานคร,,ประเทศไทย,th
GIT,GaTech,-,    -84.3900 ,   33.7600 ,-,Atlanta|Georgia|United States of America|us,Atlanta,Georgia,United States of America,us
GITAI,GITAI USA,-,   -118.3400 ,   33.8300 ,-,Torrance|California|United States of America|us,Torrance,California,United States of America,us
GITAIJ,GITAI Japan,-,    139.6200 ,   35.6800 ,GITAI,杉並区||日本|jp,杉並区,,日本,jp
GITAIJ1,GITAI Japan,-,    139.6200 ,   35.6800 ,-,杉並区||日本|jp,杉並区,,日本,jp
GITAIU,GITAI USA,-,   -118.3400 ,   33.8300 ,GITAIJ1,Torrance|California|United States of America|us,Torrance,California,United States of America,us
GK,GK,-,     37.6200 ,   55.7500 ,RAKA,Москва|Москва|Россия|ru,Москва,Москва,Россия,ru
GKLS,GK Launch Serv.,-,     37.6200 ,   55.7500 ,GK,Москва|Москва|Россия|ru,Москва,Москва,Россия,ru
GKNII,GKNII,-,     59.6100 ,   47.8500 ,-,Шалқар|Ақтөбе облысы|Қазақстан|kz,Шалқар,Ақтөбе облысы,Қазақстан,kz
GLOB,Globalstar,-,   -121.9000 ,   37.3300 ,-,San Jose|California|United States of America|us,San Jose,California,United States of America,us
GLOBL,Globalstar,-,    -90.1000 ,   30.4800 ,-,Covington|Louisiana|United States of America|us,Covington,Louisiana,United States of America,us
GLOBT,Globalstar,-,   -121.9000 ,   37.3300 ,-,San Jose|California|United States of America|us,San Jose,California,United States of America,us
GMEDD,GM EDD,-,   -118.3400 ,   33.8300 ,-,Torrance|California|United States of America|us,Torrance,California,United States of America,us
GMKK,Gengyu Muxing,Gengyu Muxing Space Tech. Co. Ltd.,    116.3000 ,   39.9600 ,-,海淀区|北京市|中国|cn,海淀区,北京市,中国,cn
GMS,GMS,Meteorological Service,     37.6200 ,   55.7500 ,-,Москва|Москва|Россия|ru,Москва,Москва,Россия,ru
GMSCO,GMS Cosmos,GMS Cosmos / Shanghai Spacecom Satellite Technology Ltd,    121.2300 ,   31.0300 ,YUANX,松江区||中国|cn,松江区,,中国,cn
GOBBZ,GO Max Valier,"Institute of Technology ""Max Valier"", Bozen",     11.3500 ,   45.6000 ,-,Cornedo Vicentino|Veneto|Italia|it,Cornedo Vicentino,Veneto,Italia,it
GOBME,GO Oskar v Miller,"Institute of Technology ""Oskar von Miller"", Meran",     11.1700 ,   46.6700 ,-,Meran - Merano|Trentino-Alto Adige/Südtirol|Italia|it,Meran - Merano,Trentino-Alto Adige/Südtirol,Italia,it
GOCNAE,GO CNAE,Space Activities Comission,    -43.2000 ,  -22.9100 ,-,Rio de Janeiro|Rio de Janeiro|Brasil|br,Rio de Janeiro,Rio de Janeiro,Brasil,br
GOEOS,Goodrich EOS,-,    -73.4700 ,   41.4000 ,-,Danbury|Connecticut|United States of America|us,Danbury,Connecticut,United States of America,us
GOIG,GOI GMS,State Oceanographic Institute,     30.7434 ,   46.4857 ,-,Одеса|Одеська область|Україна|ua,Одеса,Одеська область,Україна,ua
GOL2,Gol-2,-,     37.0400 ,   55.5900 ,-,Краснознаменск|Московская область|Россия|ru,Краснознаменск,Московская область,Россия,ru
GOMSP,GOMSpace,-,      9.9200 ,   57.0500 ,-,Aalborg|Region Nordjylland|Danmark|dk,Aalborg,Region Nordjylland,Danmark,dk
GONETS,Gonets,Gonets Satellite Systems,     37.6200 ,   55.7500 ,-,Москва|Москва|Россия|ru,Москва,Москва,Россия,ru
GOS,German Orb Sys,-,     13.3900 ,   52.5200 ,-,Berlin||Deutschland|de,Berlin,,Deutschland,de
GOYR,Goodyear,-,    -81.5200 ,   41.0700 ,-,Akron|Ohio|United States of America|us,Akron,Ohio,United States of America,us
GOYRP,Goodyear/Phoenix,-,   -112.0700 ,   33.4500 ,-,Phoenix|Arizona|United States of America|us,Phoenix,Arizona,United States of America,us
GPAP,GP Adv Proj,-,     10.1500 ,   45.6000 ,-,Gussago|Lombardia|Italia|it,Gussago,Lombardia,Italia,it
GPEW,GPE,-,     -0.9600 ,   51.8500 ,-,Westcott|England|United Kingdom|gb,Westcott,England,United Kingdom,gb
GPI,GPI,Georgian Polytechnical Intellect,     44.7800 ,   41.7200 ,-,თბილისი||საქართველო|ge,თბილისი,,საქართველო,ge
GPKS,GPKS,Satellite Communications Co.,     37.6200 ,   55.7500 ,-,Москва|Москва|Россия|ru,Москва,Москва,Россия,ru
GRAHAA,Grahaa Space,-,     77.5800 ,   12.9800 ,-,Bengaluru|Karnataka|India|in,Bengaluru,Karnataka,India,in
GRC,NASA GRC,-,    -81.8600 ,   41.4100 ,NASA,Cleveland|Ohio|United States of America|us,Cleveland,Ohio,United States of America,us
GRI,GRI,-,      2.5000 ,   48.8000 ,CNET,Saint-Maur-des-Fossés||France|fr,Saint-Maur-des-Fossés,,France,fr
GROC,GROC,-,      4.4800 ,   52.1700 ,-,Leiden|Zuid-Holland|Nederland|nl,Leiden,Zuid-Holland,Nederland,nl
GRSP,Gravity Space,-,   -121.4800 ,   45.7300 ,-,White Salmon|Washington|United States of America|us,White Salmon,Washington,United States of America,us
GRU,GRU,-,     37.6200 ,   55.7500 ,SOVA,Москва|Москва|Россия|ru,Москва,Москва,Россия,ru
GRUR,GRU,-,     37.6200 ,   55.7500 ,MORF,Москва|Москва|Россия|ru,Москва,Москва,Россия,ru
GRUM,Grummann,-,    -73.4800 ,   40.7500 ,-,Bethpage|New York|United States of America|us,Bethpage,New York,United States of America,us
GSAEU,GNSS Agency,-,     14.4200 ,   50.0800 ,-,Hlavní město Praha|Praha|Česko|cz,Hlavní město Praha,Praha,Česko,cz
GSFC,GSFC,-,    -76.8900 ,   38.9900 ,NASA,Greenbelt|Maryland|United States of America|us,Greenbelt,Maryland,United States of America,us
GSOC,GSOC,-,     11.2500 ,   48.0800 ,DFVLR,Oberpfaffenhofen|Bayern|Deutschland|de,Oberpfaffenhofen,Bayern,Deutschland,de
GSYU,GS Yuasa,GS Yuasa Corporation,    135.7700 ,   35.0100 ,-,京都市||日本|jp,京都市,,日本,jp
GTC,GTC,-,      7.0100 ,   43.5500 ,SUD,Cannes|Provence-Alpes-Côte d'Azur|France|fr,Cannes,Provence-Alpes-Côte d'Azur,France,fr
GTE,GTE,-,    -77.1800 ,   38.9300 ,-,McLean|Virginia|United States of America|us,McLean,Virginia,United States of America,us
GTRC,Gen Tire,-,    -81.5200 ,   41.0700 ,-,Akron|Ohio|United States of America|us,Akron,Ohio,United States of America,us
GUGK,GUGK,Main Geodesy and Cartography Administration of the USSR,     37.6200 ,   55.7500 ,MVD,Москва|Москва|Россия|ru,Москва,Москва,Россия,ru
GUKOS,GUKOS,Main Space Forces Directorate,     37.6200 ,   55.7500 ,MO,Москва|Москва|Россия|ru,Москва,Москва,Россия,ru
GUKOSR,GUKOS RVSN,Main Space Forces Directorate,     37.6200 ,   55.7500 ,RVSN,Москва|Москва|Россия|ru,Москва,Москва,Россия,ru
GUMUSH,GUMUSH,-,     29.0300 ,   41.1100 ,-,Sarıyer||Türkiye|tr,Sarıyer,,Türkiye,tr
GUOG,Guodian Gaokeji,Guodian HiTech Technology Co Ltd.,    116.3800 ,   39.9200 ,-,西城区|北京市|中国|cn,西城区,北京市,中国,cn
GUOX,Guoxing,ADA Space (Guoxing Aerospace Tech Co.),    104.0700 ,   30.6600 ,-,成都市|四川省|中国|cn,成都市,四川省,中国,cn
GUOZH,Guoyu Zhilian,Guoyu Zhilian Aerospace Tech Co.,    121.4700 ,   31.2300 ,-,上海市|上海市|中国|cn,上海市,上海市,中国,cn
GURVO,GURVO,Main Rocket Armaments Directorate,     37.6200 ,   55.7500 ,RVSN,Москва|Москва|Россия|ru,Москва,Москва,Россия,ru
GWCG,Geely WCG,Geely Satellite Super Factory,    121.4200 ,   28.6600 ,GEELY,椒江区|浙江省|中国|cn,椒江区,浙江省,中国,cn
GWEST,Global Western,-,   -104.8800 ,   39.7600 ,-,Denver|Colorado|United States of America|us,Denver,Colorado,United States of America,us
GWHYZ,GWHYZ,National Satellite Oceanic Applications Center,    129.6300 ,   44.5500 ,GHJ,东兴街道|黑龙江省|中国|cn,东兴街道,黑龙江省,中国,cn
GYZ,Yaogan zhongxin,State Remote Sensing Center,    116.3800 ,   39.9200 ,-,西城区|北京市|中国|cn,西城区,北京市,中国,cn
GZB,G. Ziyuan bu,Ministry of Resources and Land,    116.3800 ,   39.9200 ,-,西城区|北京市|中国|cn,西城区,北京市,中国,cn
GZZB,Ziyuan bu,Ministry of Natural Resources,    116.3800 ,   39.9200 ,-,西城区|北京市|中国|cn,西城区,北京市,中国,cn
HAC,HAC,-,   -118.4000 ,   34.0100 ,-,Culver City|California|United States of America|us,Culver City,California,United States of America,us
HACES,HAC,-,   -118.4100 ,   33.9200 ,HAC,El Segundo|California|United States of America|us,El Segundo,California,United States of America,us
HADC,HADC,-,   -106.1100 ,   32.8500 ,HAFB,|New Mexico|United States of America|us,,New Mexico,United States of America,us
HAFB,HAFB,-,   -106.1100 ,   32.8500 ,USAF,|New Mexico|United States of America|us,,New Mexico,United States of America,us
HAITAO,Haitao Intl,Haitao International Group,    -64.6200 ,   18.4300 ,-,Road Town||British Virgin Islands|vg,Road Town,,British Virgin Islands,vg
HAIWS,Hainan Weixing,Hainan Satellite Data and App. Research Center,    110.9500 ,   19.6200 ,-,文昌市|海南省|中国|cn,文昌市,海南省,中国,cn
HAL,HAL,-,     77.5800 ,   12.9800 ,-,Bengaluru|Karnataka|India|in,Bengaluru,Karnataka,India,in
HAL5,HAL5,-,    -86.5900 ,   34.7300 ,-,Huntsville|Alabama|United States of America|us,Huntsville,Alabama,United States of America,us
HAM,AeroMed,-,   -106.1100 ,   32.8500 ,HADC,|New Mexico|United States of America|us,,New Mexico,United States of America,us
HAMU,Hampton U,-,    -76.3300 ,   37.0200 ,-,Hampton|Virginia|United States of America|us,Hampton,Virginia,United States of America,us
HANAU,Hankuk AvU,"Hankuk Aviation University, Space System Research Lab",    126.8000 ,   37.6500 ,-,고양시||대한민국|kr,고양시,,대한민국,kr
HANCOM,Hancom InSpace,-,    127.3900 ,   36.3500 ,-,대전광역시||대한민국|kr,대전광역시,,대한민국,kr
HANGZ,Hangzhou Dianzi,Hangzhou Dianzi University,    120.1500 ,   30.2700 ,-,西湖区|浙江省|中国|cn,西湖区,浙江省,中国,cn
HANWHA,Hanwha,Hanwha Corporation,    126.9700 ,   37.5700 ,-,서울특별시||대한민국|kr,서울특별시,,대한민국,kr
HAO,HAO,-,   -105.2700 ,   40.0100 ,NCAR,Boulder|Colorado|United States of America|us,Boulder,Colorado,United States of America,us
HARB,Harbin,Harbin Institute of Technology,    126.6300 ,   45.7400 ,-,哈尔滨市|黑龙江省|中国|cn,哈尔滨市,黑龙江省,中国,cn
HARK,Hartron-Arkos,-,     36.2300 ,   50.0000 ,-,Харків|Харківська область|Україна|ua,Харків,Харківська область,Україна,ua
HANGSH,Hangsheng,Hunan Hangsheng Satellite Technology Co. Ltd,    112.9400 ,   28.2300 ,-,岳麓区|湖南省|中国|cn,岳麓区,湖南省,中国,cn
HARSEI,Harada Seiki,Harada Seiki Co.,    137.7300 ,   34.7100 ,-,浜松市||日本|jp,浜松市,,日本,jp
HARP,HARP,-,    -73.5600 ,   45.5100 ,-,Montréal|Québec|Canada|ca,Montréal,Québec,Canada,ca
HARR,Harris SIS,-,    -80.6000 ,   28.0100 ,-,Malabar|Florida|United States of America|us,Malabar,Florida,United States of America,us
HARRL3,L3Harris SIS,-,    -80.6000 ,   28.0100 ,-,Malabar|Florida|United States of America|us,Malabar,Florida,United States of America,us
HASTD,HamiltonStd,-,    -72.6500 ,   41.9300 ,UAC,Windsor Locks|Connecticut|United States of America|us,Windsor Locks,Connecticut,United States of America,us
HASUN,HamiltonSun,-,    -72.6500 ,   41.9300 ,UTC2,Windsor Locks|Connecticut|United States of America|us,Windsor Locks,Connecticut,United States of America,us
HAVEL,HAVELSAN,HAVELSAN,     32.8700 ,   39.9300 ,-,Ankara|Ankara|Türkiye|tr,Ankara,Ankara,Türkiye,tr
HAWK,HISS,-,    -75.5600 ,   38.0700 ,-,Pocomoke City|Maryland|United States of America|us,Pocomoke City,Maryland,United States of America,us
HBUT,Hubei U. Tech,Hubei University of Technology,    114.3200 ,   30.4800 ,-,洪山区|湖北省|中国|cn,洪山区,湖北省,中国,cn
HCG,HCG,-,   -118.4100 ,   33.9200 ,HCI,El Segundo|California|United States of America|us,El Segundo,California,United States of America,us
HCI,HCI,-,   -118.4100 ,   33.9200 ,HEC,El Segundo|California|United States of America|us,El Segundo,California,United States of America,us
HCIE,HCI,-,   -118.4100 ,   33.9200 ,ECHO,El Segundo|California|United States of America|us,El Segundo,California,United States of America,us
HCO,HCO,-,    -71.1300 ,   42.3800 ,-,Cambridge|Massachusetts|United States of America|us,Cambridge,Massachusetts,United States of America,us
HCS,HCS,-,   -118.4100 ,   33.9200 ,HEC,El Segundo|California|United States of America|us,El Segundo,California,United States of America,us
HCT,HCT,-,     55.3000 ,   25.2600 ,-,ديرة|دبي|الإمارات العربية المتحدة|ae,ديرة,دبي,الإمارات العربية المتحدة,ae
HDOS,Hughes Danbury,-,    -73.4700 ,   41.4000 ,-,Danbury|Connecticut|United States of America|us,Danbury,Connecticut,United States of America,us
HE360,HawkEye 360,-,    -77.3900 ,   38.9700 ,-,Herndon|Virginia|United States of America|us,Herndon,Virginia,United States of America,us
HEAD,HEAD,Beijing HEAD Aerospace Technology Co. Ltd.,    116.3800 ,   39.9200 ,-,西城区|北京市|中国|cn,西城区,北京市,中国,cn
HEC,HEC,-,   -118.4100 ,   33.9200 ,-,El Segundo|California|United States of America|us,El Segundo,California,United States of America,us
HEDRON,Hedron,-,    -71.1100 ,   42.3700 ,-,Cambridge|Massachusetts|United States of America|us,Cambridge,Massachusetts,United States of America,us
HEID,Heidelb.,Heidelberg Observatory,      8.7300 ,   49.4000 ,-,Heidelberg|Baden-Württemberg|Deutschland|de,Heidelberg,Baden-Württemberg,Deutschland,de
HELLO,Hello Space,-,     32.8700 ,   39.9300 ,-,Ankara|Ankara|Türkiye|tr,Ankara,Ankara,Türkiye,tr
HELSA,HellasSat,"HellasSat Consortium Ltd., OTE Group",     23.8000 ,   38.0500 ,-,|Αποκεντρωμένη Διοίκηση Αττικής|Ελλάς|gr,,Αποκεντρωμένη Διοίκηση Αττικής,Ελλάς,gr
HELSAR,HellasSat,"HellasSat Consortium Ltd., OTE Group",     23.8000 ,   38.0500 ,ARAB,|Αποκεντρωμένη Διοίκηση Αττικής|Ελλάς|gr,,Αποκεντρωμένη Διοίκηση Αττικής,Ελλάς,gr
HELW,Helios Wire,-,   -123.1000 ,   49.2500 ,-,Vancouver|British Columbia|Canada|ca,Vancouver,British Columbia,Canada,ca
HELWE,Helios Wire,-,   -123.1000 ,   49.2500 ,ECHOC,Vancouver|British Columbia|Canada|ca,Vancouver,British Columbia,Canada,ca
HEMER,Hemeria,-,      1.4700 ,   43.5600 ,-,Toulouse|Occitanie|France|fr,Toulouse,Occitanie,France,fr
HENAN,Henan Ligong,Henan Polytechnic University,    113.2400 ,   35.2200 ,-,解放区|河南省|中国|cn,解放区,河南省,中国,cn
HERA,Hera Systems,-,   -121.7800 ,   37.2300 ,-,San Jose|California|United States of America|us,San Jose,California,United States of America,us
HERAK,Herakles,-,     -0.6800 ,   44.8700 ,SAFRAN,Le Haillan|Nouvelle-Aquitaine|France|fr,Le Haillan,Nouvelle-Aquitaine,France,fr
HERAKS,Herakles,-,     -0.7200 ,   44.9000 ,SAFRAN,Saint-Médard-en-Jalles|Nouvelle-Aquitaine|France|fr,Saint-Médard-en-Jalles,Nouvelle-Aquitaine,France,fr
HERC,Hercules,-,   -112.0800 ,   40.7000 ,-,Magna|Utah|United States of America|us,Magna,Utah,United States of America,us
HERCM,Hercules McGregor,-,    -97.4200 ,   31.4300 ,HERC,McGregor|Texas|United States of America|us,McGregor,Texas,United States of America,us
HERCR,Hercules/Radford,-,    -80.5700 ,   37.1300 ,HERC,Radford|Virginia|United States of America|us,Radford,Virginia,United States of America,us
HEX20,Hex20Labs,-,     76.9400 ,    8.5200 ,-,Thiruvananthapuram|Kerala|India|in,Thiruvananthapuram,Kerala,India,in
HEXI,Hexi,China Hexi Chemical and Machinery Co. (CASIC6),    111.6400 ,   40.8100 ,CASIC,回民区 ᠬᠣᠲᠣᠩ ᠠᠷᠠᠳ ᠤᠨ ᠲᠣᠭᠣᠷᠢᠭ|内蒙古自治区 ᠦᠪᠦᠷ ᠮᠣᠩᠭᠤᠯ ᠤᠨ ᠥᠪᠡᠷᠲᠡᠭᠡᠨ ᠵᠠᠰᠠᠬᠣ ᠣᠷᠣᠨ|中国|cn,回民区 ᠬᠣᠲᠣᠩ ᠠᠷᠠᠳ ᠤᠨ ᠲᠣᠭᠣᠷᠢᠭ,内蒙古自治区 ᠦᠪᠦᠷ ᠮᠣᠩᠭᠤᠯ ᠤᠨ ᠥᠪᠡᠷᠲᠡᠭᠡᠨ ᠵᠠᠰᠠᠬᠣ ᠣᠷᠣᠨ,中国,cn
HEXI4A,CASC 4th Acad.,4th Academy,    111.6400 ,   40.8100 ,JGB7,回民区 ᠬᠣᠲᠣᠩ ᠠᠷᠠᠳ ᠤᠨ ᠲᠣᠭᠣᠷᠢᠭ|内蒙古自治区 ᠦᠪᠦᠷ ᠮᠣᠩᠭᠤᠯ ᠤᠨ ᠥᠪᠡᠷᠲᠡᠭᠡᠨ ᠵᠠᠰᠠᠬᠣ ᠣᠷᠣᠨ|中国|cn,回民区 ᠬᠣᠲᠣᠩ ᠠᠷᠠᠳ ᠤᠨ ᠲᠣᠭᠣᠷᠢᠭ,内蒙古自治区 ᠦᠪᠦᠷ ᠮᠣᠩᠭᠤᠯ ᠤᠨ ᠥᠪᠡᠷᠲᠡᠭᠡᠨ ᠵᠠᠰᠠᠬᠣ ᠣᠷᠣᠨ,中国,cn
HGD,Hangtiang Gongda,PLA SSF Space Engineering University,    116.6300 ,   40.3200 ,ZLZB,怀柔区|北京市|中国|cn,怀柔区,北京市,中国,cn
HGS,HGS,-,   -118.4100 ,   33.9200 ,-,El Segundo|California|United States of America|us,El Segundo,California,United States of America,us
HGS1,HGS,-,   -118.4100 ,   33.9200 ,-,El Segundo|California|United States of America|us,El Segundo,California,United States of America,us
HHI,HHI,-,     13.5300 ,   52.4300 ,-,Berlin||Deutschland|de,Berlin,,Deutschland,de
HHJ,Hangtian Henxing,Space Star Technology Ltd,    116.3000 ,   39.9600 ,-,海淀区|北京市|中国|cn,海淀区,北京市,中国,cn
HIBER,Hiber,-,      4.3600 ,   52.0100 ,-,Delft|Zuid-Holland|Nederland|nl,Delft,Zuid-Holland,Nederland,nl
HIBERA,Hiber/Astrocadst,-,      4.3600 ,   52.0100 ,ACAST,Delft|Zuid-Holland|Nederland|nl,Delft,Zuid-Holland,Nederland,nl
HIN,HiN Narvik,Narvik University College,     17.4300 ,   68.4400 ,-,Narvik||Norge|no,Narvik,,Norge,no
HIROG,Hiroo Gakuen,Hiroo Gakuen Junior and Senior School,    139.7200 ,   35.6500 ,-,渋谷区||日本|jp,渋谷区,,日本,jp
HISD,Hisdesat,-,     -3.7200 ,   40.3800 ,HISP,Madrid|Comunidad de Madrid|España|es,Madrid,Comunidad de Madrid,España,es
HISKY,hiSky,-,     34.9500 ,   32.1000 ,-,ראש העין|מחוז המרכז|ישראל|il,ראש העין,מחוז המרכז,ישראל,il
HISP,Hispasat,-,     -3.7200 ,   40.3800 ,-,Madrid|Comunidad de Madrid|España|es,Madrid,Comunidad de Madrid,España,es
HISPM,Hispamar,-,    -43.2000 ,  -22.9100 ,HISP,Rio de Janeiro|Rio de Janeiro|Brasil|br,Rio de Janeiro,Rio de Janeiro,Brasil,br
HISTAR,HiStarlink,Helium Star (HiStarlink),    121.4400 ,   31.1700 ,-,徐汇区|上海市|中国|cn,徐汇区,上海市,中国,cn
HITS,HIT Shenzhen,HIT Shenzhen Graduate School,    114.1000 ,   22.5500 ,HARB,罗湖区|广东省|中国|cn,罗湖区,广东省,中国,cn
HITSAT,Harbin Gongda,Harbin Gongda Satellite Tech. Co Ltd.,    126.6300 ,   45.7400 ,-,哈尔滨市|黑龙江省|中国|cn,哈尔滨市,黑龙江省,中国,cn
HKATG,HKATG,Hong Kong Aerospace Technology Group,    114.1400 ,   22.2800 ,-,香港島 Hong Kong Island|香港 Hong Kong|中国|cn,香港島 Hong Kong Island,香港 Hong Kong,中国,cn
HKKGF,HKKGF,Aerospace Science and Tech. Space Eng. Dvpt. Co Ltd.,    116.3000 ,   39.9600 ,-,海淀区|北京市|中国|cn,海淀区,北京市,中国,cn
HKU,Hong Kong Univ.,-,    114.1400 ,   22.2800 ,-,香港島 Hong Kong Island|香港 Hong Kong|中国|cn,香港島 Hong Kong Island,香港 Hong Kong,中国,cn
HKUST,HKUST,Hong Kong Univ. of Science and Technology,    114.2600 ,   22.3400 ,-,西貢區 Sai Kung District|香港 Hong Kong|中国|cn,西貢區 Sai Kung District,香港 Hong Kong,中国,cn
HNS,Hughes NS,-,    -77.2700 ,   39.1800 ,HEC,Germantown|Maryland|United States of America|us,Germantown,Maryland,United States of America,us
HNUST,Hunan UST,Hunan Univ. of Sci. and Tech.,    112.9200 ,   27.9000 ,-,雨湖区|湖南省|中国|cn,雨湖区,湖南省,中国,cn
HOCO,Horning-Cooper,-,   -118.0000 ,   34.1500 ,-,Monrovia|California|United States of America|us,Monrovia,California,United States of America,us
HOG,HOG,-,      8.6900 ,   53.8600 ,-,Cuxhaven|Niedersachsen|Deutschland|de,Cuxhaven,Niedersachsen,Deutschland,de
HOKIT,HokkaidoIT,Hokkaido Institute of Technology,    141.3500 ,   43.0700 ,-,札幌市||日本|jp,札幌市,,日本,jp
HOKK,Hokkaidodai,Hokkaido University,    141.3500 ,   43.0700 ,-,札幌市||日本|jp,札幌市,,日本,jp
HONEY,Honeywell Aer.,-,    -82.7600 ,   27.9700 ,-,Clearwater|Florida|United States of America|us,Clearwater,Florida,United States of America,us
HONEYA,Honeywell/Ayles.,-,     -0.8100 ,   51.8200 ,HONEY,Aylesbury|England|United Kingdom|gb,Aylesbury,England,United Kingdom,gb
HONGQ,Hongqing Keji,"Shanghai Blue Arrow Hongqing Technology Co., Ltd.",    121.4500 ,   31.2200 ,-,徐汇区|上海市|中国|cn,徐汇区,上海市,中国,cn
HORT,Horizon Tech,-,     -0.9300 ,   51.4600 ,-,|England|United Kingdom|gb,,England,United Kingdom,gb
HORZ,Horizons,-,   -151.5300 ,   59.6400 ,-,Homer|Alaska|United States of America|us,Homer,Alaska,United States of America,us
HOUS,Houston,-,    -95.3800 ,   29.7600 ,-,Houston|Texas|United States of America|us,Houston,Texas,United States of America,us
HOUW,Houwteq,-,     19.0200 ,  -34.1500 ,-,Theewaterskloof Local Municipality|Western Cape|South Africa|za,Theewaterskloof Local Municipality,Western Cape,South Africa,za
HPS,HPS GmbH,-,     11.5700 ,   48.1300 ,-,München|Bayern|Deutschland|de,München,Bayern,Deutschland,de
HQK,Hongqing Keji,Hongqing Technology - Wuxi factory,    102.2200 ,   31.6600 ,HONGQ,|四川省|中国|cn,,四川省,中国,cn
HQZS,Huai'an,Huai'an Youth Comprehensive Development Base,    119.1300 ,   33.5000 ,-,淮安区|江苏省|中国|cn,淮安区,江苏省,中国,cn
HRBS,HRB-Singer,-,    -77.8600 ,   40.7900 ,-,State College|Pennsylvania|United States of America|us,State College,Pennsylvania,United States of America,us
HRBSE,E-Systems HRBS,-,    -77.8600 ,   40.7900 ,ESYS,State College|Pennsylvania|United States of America|us,State College,Pennsylvania,United States of America,us
HSCIL,Herzliya,-,     34.8500 ,   32.1700 ,-,הרצליה|מחוז תל אביב|ישראל|il,הרצליה,מחוז תל אביב,ישראל,il
HSD,HSD,-,     -0.2000 ,   51.9000 ,-,Stevenage|England|United Kingdom|gb,Stevenage,England,United Kingdom,gb
HSEDD,Hughes EDD,-,   -118.3400 ,   33.8300 ,-,Torrance|California|United States of America|us,Torrance,California,United States of America,us
HSES,Hughes,-,   -118.4100 ,   33.9200 ,HEC,El Segundo|California|United States of America|us,El Segundo,California,United States of America,us
HSTM,HSTM,-,   -155.0900 ,   19.7000 ,-,Hilo|Hawaii|United States of America|us,Hilo,Hawaii,United States of America,us
HSU,Happy Sci U,-,    140.3700 ,   35.3900 ,-,一宮町||日本|jp,一宮町,,日本,jp
HTGC,Hangtian Gongch.,PLA Aerospace Engineering University,    116.3000 ,   39.9600 ,PLA,海淀区|北京市|中国|cn,海淀区,北京市,中国,cn
HTSTL,HTSTL,Hangtian-Tsinghua Satellite Technology Ltd.,    116.3000 ,   39.9600 ,TSHUA,海淀区|北京市|中国|cn,海淀区,北京市,中国,cn
HUAMI,Huami Tech,Huami Technology,    116.3000 ,   39.9600 ,-,海淀区|北京市|中国|cn,海淀区,北京市,中国,cn
HUAYI,Huayi,Huayi Hongda Technology Dev. Co. Ltd,    108.9900 ,   34.2600 ,-,碑林区|陕西省|中国|cn,碑林区,陕西省,中国,cn
HUAZH,Huazhong U.,Huazhong University of Science and Technology,    114.4100 ,   30.5100 ,-,洪山区|湖北省|中国|cn,洪山区,湖北省,中国,cn
HUBN,Hubble Network,-,   -115.1400 ,   36.1800 ,-,Las Vegas|Nevada|United States of America|us,Las Vegas,Nevada,United States of America,us
HUMFA,Hungary MFA,"Ministry of Foreign Affairs and Trade, Hungary",     19.0500 ,   47.4900 ,-,Budapest||Magyarország|hu,Budapest,,Magyarország,hu
HUMS,Hughes Missiles,-,   -110.9300 ,   32.2200 ,-,Tucson|Arizona|United States of America|us,Tucson,Arizona,United States of America,us
HUNOR,HUNOR,-,     19.0500 ,   47.4900 ,MUI,Budapest||Magyarország|hu,Budapest,,Magyarország,hu
HUNTE,Hunting Eng.,-,     -0.4900 ,   52.0300 ,-,Ampthill|England|United Kingdom|gb,Ampthill,England,United Kingdom,gb
HUOPI,Huoyan Pi,Rocket Pi Space Technology Ltd,    116.2600 ,   40.0700 ,-,海淀区|北京市|中国|cn,海淀区,北京市,中国,cn
HUOYAN,Huoyan,Huoyan Position Digital Intelligence Tech Service Co Ltd.,    121.4700 ,   31.2300 ,-,上海市|上海市|中国|cn,上海市,上海市,中国,cn
HUPO,Hughes-Pomona,-,   -117.7600 ,   34.0600 ,-,Pomona|California|United States of America|us,Pomona,California,United States of America,us
HUS,Hokkaido U.Sci.,Hokkaido University of Science,    141.2500 ,   43.1300 ,-,札幌市||日本|jp,札幌市,,日本,jp
HUSAT,Hunan Saidlet,Hunan Satellite Intelligent Manufacturing Factory,    113.1300 ,   27.8300 ,-,株洲市|湖南省|中国|cn,株洲市,湖南省,中国,cn
HVP,Peenemunde,-,     13.7900 ,   54.1400 ,WEHR,Peenemünde|Mecklenburg-Vorpommern|Deutschland|de,Peenemünde,Mecklenburg-Vorpommern,Deutschland,de
HXK,Xinjiang H.Keji,Aerospace (Xinjiang) Sci Tech Research Inst. Co. Ltd.,     87.6100 ,   43.8200 ,-,乌鲁木齐市 ئۈرۈمچى|新疆维吾尔自治区 شىنجاڭ ئۇيغۇر ئاپتونوم رايونی|中国|cn,乌鲁木齐市 ئۈرۈمچى,新疆维吾尔自治区 شىنجاڭ ئۇيغۇر ئاپتونوم رايونی,中国,cn
HXKJ,Hainan Xiandai,Hainan Modern Technology Group,    110.3300 ,   20.0100 ,-,龙华区|海南省|中国|cn,龙华区,海南省,中国,cn
HXWK,Xuanying Wangluo,Hangzhou Xuanying Network Technology Co Ltd.,    120.1500 ,   30.2700 ,-,西湖区|浙江省|中国|cn,西湖区,浙江省,中国,cn
HYD,Hangtian Yuan D.,PLA Astronaut Brigade,    116.2600 ,   40.0700 ,ZLZB,海淀区|北京市|中国|cn,海淀区,北京市,中国,cn
HYDRA,Hydra Space,-,     -3.5900 ,   40.4700 ,-,Madrid|Comunidad de Madrid|España|es,Madrid,Comunidad de Madrid,España,es
HYDRO,Hydrosat,-,      6.1400 ,   49.6000 ,-,Luxembourg||Lëtzebuerg|lu,Luxembourg,,Lëtzebuerg,lu
HYEND,HyEnD,-,      9.1800 ,   48.7800 ,IRSS,Stuttgart|Baden-Württemberg|Deutschland|de,Stuttgart,Baden-Württemberg,Deutschland,de
HYIMP,HyImpulse,-,      9.3300 ,   49.2300 ,-,Neuenstadt|Baden-Württemberg|Deutschland|de,Neuenstadt,Baden-Württemberg,Deutschland,de
HYPGG,Hypergiant Gal.,-,    -95.3800 ,   29.7600 ,-,Houston|Texas|United States of America|us,Houston,Texas,United States of America,us
HYSIQ,HyspecIQ,-,    -77.0200 ,   38.9000 ,-,Washington|District of Columbia|United States of America|us,Washington,District of Columbia,United States of America,us
I2CAT,i2CAT,-,      2.1800 ,   41.3800 ,-,Barcelona|Catalunya|España|es,Barcelona,Catalunya,España,es
IAA,IAA,-,     -3.6000 ,   37.1800 ,-,Granada|Andalucía|España|es,Granada,Andalucía,España,es
IAC,IAC,-,    -16.3200 ,   28.4800 ,-,San Cristóbal de La Laguna||España|es,San Cristóbal de La Laguna,,España,es
IACG,IAC Glonass,GLONASS Information-Analytic Center,     37.8200 ,   55.9300 ,FKA,Королёв|Московская область|Россия|ru,Королёв,Московская область,Россия,ru
IADN,IADN,-,     34.6900 ,   31.9000 ,-,יבנה|מחוז המרכז|ישראל|il,יבנה,מחוז המרכז,ישראל,il
IAE,IAE,Aeronautics and Space Institute,    -45.8800 ,  -23.1900 ,BRCTA,São José dos Campos|São Paulo|Brasil|br,São José dos Campos,São Paulo,Brasil,br
IAF,IAF,Israeli Air Force,     34.7900 ,   32.0700 ,-,תל־אביב–יפו|מחוז תל אביב|ישראל|il,תל־אביב–יפו,מחוז תל אביב,ישראל,il
IASF,IASF,Israeli Air and Space Force,     34.7900 ,   32.0700 ,-,תל־אביב–יפו|מחוז תל אביב|ישראל|il,תל־אביב–יפו,מחוז תל אביב,ישראל,il
IAF167,"Wing 167, IAF",-,     34.6900 ,   31.9000 ,-,יבנה|מחוז המרכז|ישראל|il,יבנה,מחוז המרכז,ישראל,il
IAFE,IAFE-BA,Astronomy and Space Physics Instiute,    -58.3800 ,  -34.6000 ,-,Buenos Aires|Ciudad Autónoma de Buenos Aires|Argentina|ar,Buenos Aires,Ciudad Autónoma de Buenos Aires,Argentina,ar
IAI,IAI,-,     34.8800 ,   32.0300 ,-,יהוד מונוסון|מחוז המרכז|ישראל|il,יהוד מונוסון,מחוז המרכז,ישראל,il
IAIS,IAI Spacecom,-,     34.8200 ,   32.0800 ,IAI,רמת גן|מחוז תל אביב|ישראל|il,רמת גן,מחוז תל אביב,ישראל,il
IAM,GosNIIAM,State Research Experimental Inst. of Aviation Medicine,     37.6200 ,   55.7500 ,-,Москва|Москва|Россия|ru,Москва,Москва,Россия,ru
IAP,IAP,Leibnitz Institute for Atmospheric Physics,     11.7500 ,   54.1300 ,-,Kühlungsborn|Mecklenburg-Vorpommern|Deutschland|de,Kühlungsborn,Mecklenburg-Vorpommern,Deutschland,de
IARI,ARI Tehran,-,     51.3900 ,   35.6900 ,-,شهر تهران|استان تهران|ایران|ir,شهر تهران,استان تهران,ایران,ir
IASB,IASB,-,      4.3300 ,   50.8000 ,-,Uccle - Ukkel||België / Belgique / Belgien|be,Uccle - Ukkel,,België / Belgique / Belgien,be
IBM,IBM,-,    -82.7900 ,   27.9100 ,-,Largo|Florida|United States of America|us,Largo,Florida,United States of America,us
IBMH,IBM/HSV,-,    -86.5900 ,   34.7300 ,IBM,Huntsville|Alabama|United States of America|us,Huntsville,Alabama,United States of America,us
IBSI,IBSI,-,    -82.7900 ,   27.9100 ,-,Largo|Florida|United States of America|us,Largo,Florida,United States of America,us
ICANS,ICANS,-,      4.9000 ,   52.3700 ,-,Amsterdam|Noord-Holland|Nederland|nl,Amsterdam,Noord-Holland,Nederland,nl
ICEUS,ICEYE US,-,   -117.8200 ,   33.6700 ,ICEYE,Irvine|California|United States of America|us,Irvine,California,United States of America,us
ICEYE,ICEYE,-,     24.9400 ,   60.1700 ,-,Helsinki|Uusimaa|Suomi / Finland|fi,Helsinki,Uusimaa,Suomi / Finland,fi
ICH,Interstellar C.,-,    -80.1200 ,   25.8100 ,-,Miami Beach|Florida|United States of America|us,Miami Beach,Florida,United States of America,us
ICO,ICO,-,     -0.1300 ,   51.5100 ,-,City of Westminster|England|United Kingdom|gb,City of Westminster,England,United Kingdom,gb
ICOH,ICO Holdings,-,    -77.3500 ,   38.9500 ,-,Reston|Virginia|United States of America|us,Reston,Virginia,United States of America,us
ICOK,ICO Holdings,-,   -122.1900 ,   47.6900 ,-,Kirkland|Washington|United States of America|us,Kirkland,Washington,United States of America,us
ICONA,ICO North America,-,    -77.3500 ,   38.9500 ,ICOH,Reston|Virginia|United States of America|us,Reston,Virginia,United States of America,us
ICST,ICST,-,     -0.1800 ,   51.5000 ,-,City of Westminster|England|United Kingdom|gb,City of Westminster,England,United Kingdom,gb
ICTQ,ictQATAR,-,     51.5300 ,   25.2900 ,-,الدوحة||قطر|qa,الدوحة,,قطر,qa
IDF,IDF,-,     34.7800 ,   32.0700 ,-,תל־אביב–יפו|מחוז תל אביב|ישראל|il,תל־אביב–יפו,מחוז תל אביב,ישראל,il
IDFN,IDF Navy,Israeli Navy,     34.9800 ,   32.8200 ,-,חיפה|מחוז חיפה|ישראל|il,חיפה,מחוז חיפה,ישראל,il
IDG,IDG,Insitute for the Dynamics of Geospheres,     37.6200 ,   55.7500 ,-,Москва|Москва|Россия|ru,Москва,Москва,Россия,ru
IDRDL,DRDL,-,     78.4800 ,   17.3700 ,-,Hyderabad|Telangana|India|in,Hyderabad,Telangana,India,in
IEEC,IEEC,Institute for Space Studies of Catalonia,      2.1800 ,   41.3800 ,-,Barcelona|Catalunya|España|es,Barcelona,Catalunya,España,es
IEI,IEI,Iran Electronics Industries,     51.3900 ,   35.6900 ,-,شهر تهران|استان تهران|ایران|ir,شهر تهران,استان تهران,ایران,ir
IEM,IEM,Institute of Experimental Meteorology,     36.6100 ,   55.0900 ,-,Обнинск|Калужская область|Россия|ru,Обнинск,Калужская область,Россия,ru
IFAMR,IFA-Munchen,-,     11.6900 ,   48.1400 ,-,München|Bayern|Deutschland|de,München,Bayern,Deutschland,de
IFE,IFE,-,     13.5300 ,   52.4300 ,-,Berlin||Deutschland|de,Berlin,,Deutschland,de
IFPF,DLR IFPF,-,     13.5300 ,   52.4300 ,DLR,Berlin||Deutschland|de,Berlin,,Deutschland,de
IGC,Intelsat Gen,-,    -77.0200 ,   38.9000 ,INTELB,Washington|District of Columbia|United States of America|us,Washington,District of Columbia,United States of America,us
IHI,IHI,Ishikawajima-Harima Heavy Industries Co. Ltd,    139.8200 ,   35.6700 ,-,江東区||日本|jp,江東区,,日本,jp
IHIC,IHI Corp,IHI Corporation,    139.8200 ,   35.6700 ,-,江東区||日本|jp,江東区,,日本,jp
IHIA,IHI Aerospace,-,    138.8900 ,   36.2600 ,-,富岡市||日本|jp,富岡市,,日本,jp
IHIO,IHI Ogikubo,-,    139.6200 ,   35.6800 ,IHI,杉並区||日本|jp,杉並区,,日本,jp
IIAE,IIAE,Institute for Aerospace Research,    -64.1800 ,  -31.4200 ,-,Córdoba|Córdoba|Argentina|ar,Córdoba,Córdoba,Argentina,ar
IIST,Tokyo IIS,Tokyo Univ. Inst of Industrial Sci.,    139.6800 ,   35.6600 ,TOK,目黒区||日本|jp,目黒区,,日本,jp
IISTC,IIS Tokyo,"Institute of Industrial Science, Tokyo",    140.1200 ,   35.6100 ,TOK,千葉市||日本|jp,千葉市,,日本,jp
IISTT,IIST Kerala,-,     77.0300 ,    8.6200 ,-,Nedumangad|Kerala|India|in,Nedumangad,Kerala,India,in
IITB,IITB,-,     72.9200 ,   19.1300 ,-,Mumbai|Maharashtra|India|in,Mumbai,Maharashtra,India,in
IITK,IITK,-,     80.2300 ,   26.1100 ,-,|Uttar Pradesh|India|in,,Uttar Pradesh,India,in
IITM,IITM,-,     74.7800 ,   18.5400 ,-,|Maharashtra|India|in,,Maharashtra,India,in
IITMC,IITMD,-,     80.2300 ,   12.9900 ,-,Chennai Corporation|Tamil Nadu|India|in,Chennai Corporation,Tamil Nadu,India,in
IK,IK,-,     37.6200 ,   55.7500 ,-,Москва|Москва|Россия|ru,Москва,Москва,Россия,ru
IKF,IKF,-,     13.5300 ,   52.4300 ,-,Berlin||Deutschland|de,Berlin,,Deutschland,de
IKI,IKI,-,     37.6200 ,   55.7500 ,-,Москва|Москва|Россия|ru,Москва,Москва,Россия,ru
ILC,ILC,"Ionosphere Lab, Copenhagen (DTU)",     12.5000 ,   55.7800 ,DTU,Kongens Lyngby|Region Hovedstaden|Danmark|dk,Kongens Lyngby,Region Hovedstaden,Danmark,dk
ILS,ILS,-,   -117.1600 ,   32.7200 ,-,San Diego|California|United States of America|us,San Diego,California,United States of America,us
ILSK,ILS-K,-,     37.6200 ,   55.7500 ,KHRU,Москва|Москва|Россия|ru,Москва,Москва,Россия,ru
ILSKR,ILS,-,    -77.3500 ,   38.9500 ,KHRU,Reston|Virginia|United States of America|us,Reston,Virginia,United States of America,us
ILSGK,ILS,-,    -77.3500 ,   38.9500 ,GK,Reston|Virginia|United States of America|us,Reston,Virginia,United States of America,us
ILSL,ILS-LMA,-,    -77.1800 ,   38.9300 ,LM,McLean|Virginia|United States of America|us,McLean,Virginia,United States of America,us
IMAG,ImageSatIntl,-,    -68.9300 ,   12.1200 ,-,Willemstad||Curaçao|nl,Willemstad,,Curaçao,nl
IMAGT,ImageSat,-,     34.7800 ,   32.0700 ,IMAG,תל־אביב–יפו|מחוז תל אביב|ישראל|il,תל־אביב–יפו,מחוז תל אביב,ישראל,il
IMASSA,IMASSA,Aerospace Medical Institute Defense research centre,      2.3000 ,   48.6100 ,-,Brétigny-sur-Orge|Île-de-France|France|fr,Brétigny-sur-Orge,Île-de-France,France,fr
IMAX,IMAX,-,    -79.6500 ,   43.6000 ,-,Mississauga|Ontario|Canada|ca,Mississauga,Ontario,Canada,ca
IMBP,IMBP,Insitute of Medical-Biological Problems,     37.6200 ,   55.7500 ,-,Москва|Москва|Россия|ru,Москва,Москва,Россия,ru
IMD,IMD,-,     77.2100 ,   28.6200 ,-,New Delhi||India|in,New Delhi,,India,in
IMDP,IMD-Pune,-,     73.8600 ,   18.5200 ,IMD,Pune City|Maharashtra|India|in,Pune City,Maharashtra,India,in
IMGW,IMGW,Institute of Meteorology and Water Management,     21.0200 ,   52.2300 ,-,Warszawa|województwo mazowieckie|Polska|pl,Warszawa,województwo mazowieckie,Polska,pl
IMICAS,IMI/CAS,"Institute of Microsatellite Innovation, CAS",    121.4700 ,   31.2300 ,SECM,上海市|上海市|中国|cn,上海市,上海市,中国,cn
IMIS,IMI Summerfield,-,     -1.9400 ,   52.4800 ,-,Birmingham|England|United Kingdom|gb,Birmingham,England,United Kingdom,gb
IMPUL,Impulse Space,-,   -118.4100 ,   33.9200 ,-,El Segundo|California|United States of America|us,El Segundo,California,United States of America,us
INAF,Indian AF,-,     77.2100 ,   28.6200 ,-,New Delhi||India|in,New Delhi,,India,in
INAFI,INAF Roma,National Institute of Astrophysics,     12.4600 ,   41.9200 ,-,Roma|Lazio|Italia|it,Roma,Lazio,Italia,it
INASAN,INASAN,"Insitute of Astronomy, Russian Acad. Sci.",     37.6200 ,   55.7500 ,ANRF,Москва|Москва|Россия|ru,Москва,Москва,Россия,ru
INAV,Indian Navy,-,     77.2100 ,   28.6100 ,-,New Delhi||India|in,New Delhi,,India,in
INAVC,IN ACNS(CSNCO),-,     77.2100 ,   28.6100 ,INAV,New Delhi||India|in,New Delhi,,India,in
INCO,INCOSP,-,     72.8100 ,   18.9100 ,-,Mumbai|Maharashtra|India|in,Mumbai,Maharashtra,India,in
INCOT,INCOSPAR-TERLS,-,     76.8700 ,    8.5300 ,-,Thumba|Kerala|India|in,Thumba,Kerala,India,in
INDO,Indostar,-,    106.8200 ,   -6.2000 ,-,Jakarta Pusat||Indonesia|id,Jakarta Pusat,,Indonesia,id
INDOS,Indosat,-,    106.8200 ,   -6.2000 ,-,Jakarta Pusat||Indonesia|id,Jakarta Pusat,,Indonesia,id
INDOO,Indosat Ooredoo,-,    106.8200 ,   -6.2000 ,-,Jakarta Pusat||Indonesia|id,Jakarta Pusat,,Indonesia,id
INETI,INETI,-,     -9.2200 ,   38.7300 ,-,Oeiras||Portugal|pt,Oeiras,,Portugal,pt
INFER,Interfer,-,    -77.4000 ,   38.8800 ,-,Greenbriar|Virginia|United States of America|us,Greenbriar,Virginia,United States of America,us
INFOC,InFocus,-,   -106.1900 ,   35.0700 ,-,Edgewood|New Mexico|United States of America|us,Edgewood,New Mexico,United States of America,us
INFK,AO Informkosmos,-,     37.6200 ,   55.7500 ,NPOPM,Москва|Москва|Россия|ru,Москва,Москва,Россия,ru
INHA,Inha U.,Inha University,    126.6500 ,   37.4500 ,-,인천광역시||대한민국|kr,인천광역시,,대한민국,kr
INMAR,INMARSAT,-,     -0.1000 ,   51.5400 ,I-INM,Greater London|England|United Kingdom|gb,Greater London,England,United Kingdom,gb
INMRL,INMARSAT-Ltd,-,     -0.1000 ,   51.5400 ,-,Greater London|England|United Kingdom|gb,Greater London,England,United Kingdom,gb
INMRV,INMARSAT-Ltd,-,     -0.1000 ,   51.5400 ,VIA,Greater London|England|United Kingdom|gb,Greater London,England,United Kingdom,gb
INNO,Innova Space,-,    -57.5500 ,  -38.0000 ,-,Mar del Plata|Buenos Aires|Argentina|ar,Mar del Plata,Buenos Aires,Argentina,ar
INNOSP,Innospace,-,    127.2800 ,   36.4900 ,-,세종특별자치시||대한민국|kr,세종특별자치시,,대한민국,kr
INOVOR,Inovor,-,    138.6000 ,  -34.9200 ,-,Adelaide|South Australia|Australia|au,Adelaide,South Australia,Australia,au
INPE,INPE,National Institute of Space Research,    -45.8800 ,  -23.1900 ,-,São José dos Campos|São Paulo|Brasil|br,São José dos Campos,São Paulo,Brasil,br
INPES,INPE CRS,INPE Southern Regional Space Center,    -53.8000 ,  -29.6800 ,-,Santa Maria|Rio Grande do Sul|Brasil|br,Santa Maria,Rio Grande do Sul,Brasil,br
INSBAE,In-Space BAE,-,     -0.8600 ,   51.1200 ,-,East Hampshire|England|United Kingdom|gb,East Hampshire,England,United Kingdom,gb
INSP4,Inspiration4,-,   -118.3500 ,   33.9200 ,-,Hawthorne|California|United States of America|us,Hawthorne,California,United States of America,us
INSPM,In-Space,-,     -0.8600 ,   51.1200 ,-,East Hampshire|England|United Kingdom|gb,East Hampshire,England,United Kingdom,gb
INSSET,INSSET,INSSET,      3.2900 ,   49.8500 ,-,Saint-Quentin|Hauts-de-France|France|fr,Saint-Quentin,Hauts-de-France,France,fr
INSYS,Insys Ltd,-,     -0.4900 ,   52.0300 ,-,Ampthill|England|United Kingdom|gb,Ampthill,England,United Kingdom,gb
INTA,INTA,National Institute of Aerospace Technology,     -3.4500 ,   40.5000 ,-,Ajalvir|Comunidad de Madrid|España|es,Ajalvir,Comunidad de Madrid,España,es
INTEL,INTELSAT,-,    -77.0200 ,   38.9000 ,I-INT,Washington|District of Columbia|United States of America|us,Washington,District of Columbia,United States of America,us
INTELB,Intelsat Ltd,-,    -64.7800 ,   32.3000 ,-,|Pembroke|Bermuda|bm,,Pembroke,Bermuda,bm
INTELD,Intelsat Ltd (US),-,    -77.0200 ,   38.9000 ,INTELB,Washington|District of Columbia|United States of America|us,Washington,District of Columbia,United States of America,us
INTELS,Intelsat SA,-,      6.1300 ,   49.6100 ,-,Luxembourg||Lëtzebuerg|lu,Luxembourg,,Lëtzebuerg,lu
INTELU,Intelsat SA (US),-,    -77.0200 ,   38.9000 ,INTELS,Washington|District of Columbia|United States of America|us,Washington,District of Columbia,United States of America,us
INTMA,Intuitive Mach.,-,    -95.1000 ,   29.5900 ,-,Houston|Texas|United States of America|us,Houston,Texas,United States of America,us
INTUDX,Intuidex,-,    -75.3700 ,   40.6300 ,-,Bethlehem|Pennsylvania|United States of America|us,Bethlehem,Pennsylvania,United States of America,us
INVAP,INVAP,-,    -71.3000 ,  -41.1500 ,-,San Carlos de Bariloche|Río Negro|Argentina|ar,San Carlos de Bariloche,Río Negro,Argentina,ar
INVER,Inversion Space,-,   -118.2000 ,   33.7700 ,-,Long Beach|California|United States of America|us,Long Beach,California,United States of America,us
IOS,Interorbital,-,   -118.1700 ,   35.0500 ,INTELS,Mojave|California|United States of America|us,Mojave,California,United States of America,us
IOWASU,Iowa State,-,    -93.6500 ,   42.0300 ,-,Ames|Iowa|United States of America|us,Ames,Iowa,United States of America,us
IPN,IPN,-,    -99.1400 ,   19.5000 ,-,Ciudad de México|Ciudad de México|México|mx,Ciudad de México,Ciudad de México,México,mx
IPSF,IPSF,-,   -117.8200 ,   33.6700 ,-,Irvine|California|United States of America|us,Irvine,California,United States of America,us
IPW,IPW,-,      7.8500 ,   47.9800 ,-,Freiburg im Breisgau|Baden-Württemberg|Deutschland|de,Freiburg im Breisgau,Baden-Württemberg,Deutschland,de
IQ223,Iraq Brigade 223,-,     44.4300 ,   33.3300 ,IQA,بغداد|محافظة بغداد|العراق|iq,بغداد,محافظة بغداد,العراق,iq
IQ224,Iraq Brigade 224,-,     44.4300 ,   33.3300 ,IQA,بغداد|محافظة بغداد|العراق|iq,بغداد,محافظة بغداد,العراق,iq
IQA,Iraqi Army,-,     44.4300 ,   33.3300 ,-,بغداد|محافظة بغداد|العراق|iq,بغداد,محافظة بغداد,العراق,iq
IQMIC,Iraq MIC,-,     44.4300 ,   33.3300 ,-,بغداد|محافظة بغداد|العراق|iq,بغداد,محافظة بغداد,العراق,iq
IQMOST,Iraq MOST,Ministry of Science and Technology,     44.4300 ,   33.3300 ,-,بغداد|محافظة بغداد|العراق|iq,بغداد,محافظة بغداد,العراق,iq
IQSSM,SSMRD,-,     44.4300 ,   33.3300 ,IQMIC,بغداد|محافظة بغداد|العراق|iq,بغداد,محافظة بغداد,العراق,iq
IRF,IRF Kiruna,Swedish Inst of Space Physics,     20.2200 ,   67.8500 ,-,Kiruna||Sverige|se,Kiruna,,Sverige,se
IRFU,IRF Uppsala,Swedish Inst of Space Physics,     17.6400 ,   59.8600 ,-,Uppsala||Sverige|se,Uppsala,,Sverige,se
IRGC,IRGC,-,     55.3300 ,   36.2000 ,-,دهستان طرود|استان سمنان|ایران|ir,دهستان طرود,استان سمنان,ایران,ir
IRID,Iridium,-,    -77.0200 ,   38.9000 ,-,Washington|District of Columbia|United States of America|us,Washington,District of Columbia,United States of America,us
IRIDS,Iridium,-,    -77.1100 ,   38.9800 ,-,Bethesda|Maryland|United States of America|us,Bethesda,Maryland,United States of America,us
IRMB,IRMB,Royal Meteorological Inst. of Belgium,      4.3300 ,   50.8000 ,-,Uccle - Ukkel||België / Belgique / Belgien|be,Uccle - Ukkel,,België / Belgique / Belgien,be
IROST,IROST,-,     51.3900 ,   35.6900 ,-,شهر تهران|استان تهران|ایران|ir,شهر تهران,استان تهران,ایران,ir
IRSA,IRSA,Iranian Space Agency,     51.3900 ,   35.6900 ,-,شهر تهران|استان تهران|ایران|ir,شهر تهران,استان تهران,ایران,ir
IRSS,IRS Stuttgart,-,      9.1800 ,   48.7800 ,-,Stuttgart|Baden-Württemberg|Deutschland|de,Stuttgart,Baden-Württemberg,Deutschland,de
ISA,ISA,Israel Space Agency,     34.7800 ,   32.0700 ,IL,תל־אביב–יפו|מחוז תל אביב|ישראל|il,תל־אביב–יפו,מחוז תל אביב,ישראל,il
ISAC,ISRO SAC/Banga,-,     77.5800 ,   12.9800 ,-,Bengaluru|Karnataka|India|in,Bengaluru,Karnataka,India,in
ISACA,ISRO SAC/Ahm.,-,     72.5800 ,   23.0300 ,-,Ahmedabad|Gujarat|India|in,Ahmedabad,Gujarat,India,in
ISAE,ISAE,National Higher School of Aeronautics and Space,      1.4700 ,   43.5600 ,-,Ramonville-Saint-Agne|Occitanie|France|fr,Ramonville-Saint-Agne,Occitanie,France,fr
ISAEV,Isaev,Factory 293 (Isaev),     37.8200 ,   55.9300 ,-,Королёв|Московская область|Россия|ru,Королёв,Московская область,Россия,ru
ISAR,Isar Aerospace,-,     11.6600 ,   48.0700 ,-,Ottobrunn|Bayern|Deutschland|de,Ottobrunn,Bayern,Deutschland,de
ISAS,ISAS,Institute of Space and Aeronautical Sci,    139.6800 ,   35.6600 ,-,目黒区||日本|jp,目黒区,,日本,jp
ISASJ,ISAS/JAXA,Institute of Space and Astronautical Sci,    139.3700 ,   35.5700 ,JAXA,相模原市||日本|jp,相模原市,,日本,jp
ISASM,ISAS,Institute of Space and Astronautical Sci,    139.6800 ,   35.6600 ,MONBU,目黒区||日本|jp,目黒区,,日本,jp
ISASS,ISAS,Institute of Space and Astronautical Sci,    139.3700 ,   35.5700 ,-,相模原市||日本|jp,相模原市,,日本,jp
ISCAS,Inst. Software,"Institute of Software, Chinese Academy of Sciences",    116.3000 ,   39.9600 ,-,海淀区|北京市|中国|cn,海淀区,北京市,中国,cn
ISFC,India SFC,-,     77.2100 ,   28.6100 ,-,New Delhi||India|in,New Delhi,,India,in
ISIL,ISILAUNCH,-,      4.3600 ,   52.0100 ,ISISBV,Delft|Zuid-Holland|Nederland|nl,Delft,Zuid-Holland,Nederland,nl
ISISBV,ISIS BV,-,      4.3600 ,   52.0100 ,-,Delft|Zuid-Holland|Nederland|nl,Delft,Zuid-Holland,Nederland,nl
ISKRM,MKB Iskra,-,     37.6200 ,   55.7500 ,-,Москва|Москва|Россия|ru,Москва,Москва,Россия,ru
ISKRP,OAO NPO Iskra,-,     56.3200 ,   58.0000 ,-,Пермь|Пермский край|Россия|ru,Пермь,Пермский край,Россия,ru
ISKY,iSky,-,     14.4200 ,   50.0800 ,-,Hlavní město Praha|Praha|Česko|cz,Hlavní město Praha,Praha,Česko,cz
ISOI,ISOI RAN,Institute of Image Processing Systems RAS,     50.1400 ,   53.2000 ,-,Самара|Самарская область|Россия|ru,Самара,Самарская область,Россия,ru
ISPACE,iSpace,-,    139.7700 ,   35.6800 ,-,中央区||日本|jp,中央区,,日本,jp
ISPEUR,iSpace Europe,-,      6.1300 ,   49.6100 ,-,Luxembourg||Lëtzebuerg|lu,Luxembourg,,Lëtzebuerg,lu
ISPUT,Intersputnik,-,     37.6200 ,   55.7500 ,-,Москва|Москва|Россия|ru,Москва,Москва,Россия,ru
ISRA,ISRA,Institute of Space Research and Aerospace,     15.6300 ,   32.5300 ,-,|محافظة بني وليد|ليبيا|ly,,محافظة بني وليد,ليبيا,ly
ISRC,ISRC,Iran Space Research Institute,     51.3900 ,   35.6900 ,-,شهر تهران|استان تهران|ایران|ir,شهر تهران,استان تهران,ایران,ir
ISRO,ISRO,-,     77.5800 ,   12.9800 ,-,Bengaluru|Karnataka|India|in,Bengaluru,Karnataka,India,in
ISROT,ISRO TERLS,-,     76.8700 ,    8.5300 ,-,Thumba|Kerala|India|in,Thumba,Kerala,India,in
IST,Interstellar Tech,-,    143.2800 ,   42.5000 ,-,大樹町||日本|jp,大樹町,,日本,jp
ISTL,IST Lisboa,-,     -9.1400 ,   38.7400 ,-,Lisboa||Portugal|pt,Lisboa,,Portugal,pt
ISTPK,IST,-,     73.0700 ,   33.7200 ,-,بلیو ایریا|وفاقی دارالحکومت اسلام آباد|پاکستان|pk,بلیو ایریا,وفاقی دارالحکومت اسلام آباد,پاکستان,pk
ITA,ITA,-,    -45.8800 ,  -23.1900 ,-,São José dos Campos|São Paulo|Brasil|br,São José dos Campos,São Paulo,Brasil,br
ITBW,IT-AMTBw,-,      7.6000 ,   50.3600 ,BWEHR,Koblenz|Rheinland-Pfalz|Deutschland|de,Koblenz,Rheinland-Pfalz,Deutschland,de
ITCR,TEC Costa Rica,Costa Rica Institute of Technology,    -83.9100 ,    9.8500 ,-,Dulce Nombre||Costa Rica|cr,Dulce Nombre,,Costa Rica,cr
ITRC,ITRC,-,     51.3900 ,   35.6900 ,-,شهر تهران|استان تهران|ایران|ir,شهر تهران,استان تهران,ایران,ir
ITSK,ITs Keldysh,Keldysh Research Center,     37.5000 ,   55.8700 ,-,Москва|Москва|Россия|ru,Москва,Москва,Россия,ru
ITT,ITT,-,    -74.1600 ,   40.8200 ,-,Nutley|New Jersey|United States of America|us,Nutley,New Jersey,United States of America,us
ITTANK,Int.Think Tank,-,    -75.1600 ,   39.9500 ,-,Philadelphia|Pennsylvania|United States of America|us,Philadelphia,Pennsylvania,United States of America,us
ITUTR,ITU SSDTL,Istanbul Technical University,     29.0300 ,   41.1100 ,-,Sarıyer||Türkiye|tr,Sarıyer,,Türkiye,tr
IUST,Elm-o Sanat,Iran University of Science and Technology,     51.3900 ,   35.6900 ,-,شهر تهران|استان تهران|ایران|ir,شهر تهران,استان تهران,ایران,ir
IZM,IZMIRAN,"Inst. of Terrestrial Magnetism, Ionos. and RW Prop.",     37.3100 ,   55.4900 ,-,район Троицк|Москва|Россия|ru,район Троицк,Москва,Россия,ru
J061,061 Jidi,"CASIC Base 061, CASIC 4th Acad?",    106.9000 ,   27.6800 ,CASIC4A,红花岗区|贵州省|中国|cn,红花岗区,贵州省,中国,cn
JACOBS,Jacobs,-,    -96.8000 ,   32.7900 ,-,Dallas|Texas|United States of America|us,Dallas,Texas,United States of America,us
JARL,JARL,-,    139.7200 ,   35.7300 ,-,豊島区||日本|jp,豊島区,,日本,jp
JAXA,JAXA,Japan Aerospace Exploration Agency,    139.5400 ,   35.6500 ,-,調布市||日本|jp,調布市,,日本,jp
JAXAC,JAXA Chofu,Chofu Aerospace Center,    139.5400 ,   35.6500 ,-,調布市||日本|jp,調布市,,日本,jp
JBO,Jodrell,-,     -2.3100 ,   53.2400 ,-,Lower Withington|England|United Kingdom|gb,Lower Withington,England,United Kingdom,gb
JCAB,JCAB,Japan Civil Aviation Bureau (Board),    139.7500 ,   35.6900 ,-,千代田区||日本|jp,千代田区,,日本,jp
JCSAT,JCSAT,-,    139.7500 ,   35.6600 ,-,港区||日本|jp,港区,,日本,jp
JDA,JDA,Japan Defense Agency,    139.7500 ,   35.6600 ,-,港区||日本|jp,港区,,日本,jp
JENA,Jena,-,     11.5900 ,   50.9300 ,-,Jena|Thüringen|Deutschland|de,Jena,Thüringen,Deutschland,de
JENAA,Jena (Astrium),-,     11.5900 ,   50.9300 ,ASTD,Jena|Thüringen|Deutschland|de,Jena,Thüringen,Deutschland,de
JENAU,Uni Jena,Freidrich Schiller University Jena,     11.5900 ,   50.9300 ,-,Jena|Thüringen|Deutschland|de,Jena,Thüringen,Deutschland,de
JGB7,7 Jixie Gon.bu,Seventh Ministry of Machine Building,    116.3800 ,   39.9200 ,CN,西城区|北京市|中国|cn,西城区,北京市,中国,cn
JHB,PLA MSF,Military Aerospace Force,    116.3800 ,   39.9200 ,PLA,西城区|北京市|中国|cn,西城区,北京市,中国,cn
JHQJ,Jianghui Center,Jianghuai Frontier Technology Collaborative Innovation Ctr,    117.2300 ,   31.8200 ,-,蜀山区|安徽省|中国|cn,蜀山区,安徽省,中国,cn
JHU,JHU,-,    -76.6200 ,   39.3300 ,-,Baltimore|Maryland|United States of America|us,Baltimore,Maryland,United States of America,us
JIG,Jigang Jituan,Jigang Group,    117.0500 ,   36.6800 ,-,历城区|山东省|中国|cn,历城区,山东省,中国,cn
JIGU,Jiguang Xingtong,Aurora Star Tech Co. Ltd.,    116.3800 ,   39.9200 ,CN,西城区|北京市|中国|cn,西城区,北京市,中国,cn
JIHUA,Jihua Lab,Jihua Laboratory,    113.0900 ,   23.0200 ,-,禅城区|广东省|中国|cn,禅城区,广东省,中国,cn
JIT,Jeppiaar,-,     79.8700 ,   12.8900 ,-,|Tamil Nadu|India|in,,Tamil Nadu,India,in
JIUT,Jiutian,Beijing Jiutian Satellite Tech Development Co Ltd.,    116.3800 ,   39.9200 ,-,西城区|北京市|中国|cn,西城区,北京市,中国,cn
JIUTS,Jiutian Shanghai,Shanghai Commsat Tech Dev Co Ltd.,    121.1300 ,   31.1500 ,-,青浦区|上海市|中国|cn,青浦区,上海市,中国,cn
JKY,Junshi Kexue YY,PLA Academy of Military Science,    116.3800 ,   39.9200 ,-,西城区|北京市|中国|cn,西城区,北京市,中国,cn
JMA,JMA,Japan Meteorological Agency,    139.7500 ,   35.6900 ,-,千代田区||日本|jp,千代田区,,日本,jp
JMASC,JMA MSC,-,    139.5300 ,   35.7900 ,JMA,清瀬市||日本|jp,清瀬市,,日本,jp
JMSDF,JMSDF,Maritime Self Defense Force,    139.6700 ,   35.2500 ,-,横須賀市||日本|jp,横須賀市,,日本,jp
JMSDMA,JMSDF Maizuru,-,    135.3800 ,   35.4700 ,JMSDF,舞鶴市||日本|jp,舞鶴市,,日本,jp
JMSDSA,JMSDF Sasebo,-,    129.7100 ,   33.1600 ,JMSDF,佐世保市||日本|jp,佐世保市,,日本,jp
JMSDYO,JMSDF Yokosuka,Maritime Self Defense Force,    139.6700 ,   35.2500 ,JMSDF,横須賀市||日本|jp,横須賀市,,日本,jp
JNIC,MDA JNIC,-,   -104.5200 ,   38.8000 ,MDA,|Colorado|United States of America|us,,Colorado,United States of America,us
JNSIC,Jiangnan,China Jiangnan Space Industry Corp. (CASIC 061),   -106.9000 ,   27.6800 ,CASIC,|Chihuahua|México|mx,,Chihuahua,México,mx
JPL,JPL,-,   -118.1700 ,   34.2000 ,NASA,Pasadena|California|United States of America|us,Pasadena,California,United States of America,us
JPLA,JPL,-,   -118.1700 ,   34.2000 ,USA,Pasadena|California|United States of America|us,Pasadena,California,United States of America,us
JRG,NK Missile Div,"Strategic Rocket Division, Korean People's Army",    126.2100 ,   39.2400 ,KPA,성천읍|평안남도|조선민주주의인민공화국|kp,성천읍,평안남도,조선민주주의인민공화국,kp
JSAT,JSAT,-,    139.7500 ,   35.6600 ,-,港区||日本|jp,港区,,日本,jp
JSC,NASA JSC,-,    -95.1200 ,   29.5600 ,NASA,Houston|Texas|United States of America|us,Houston,Texas,United States of America,us
JSCAO,NASA AO,-,    -95.1200 ,   29.5600 ,JSC,Houston|Texas|United States of America|us,Houston,Texas,United States of America,us
JSDO,Space Dev Office,-,    139.6800 ,   35.6800 ,STA,渋谷区||日本|jp,渋谷区,,日本,jp
JSS,J-spacesystems,Japan Space Systems,    139.7500 ,   35.6600 ,-,港区||日本|jp,港区,,日本,jp
JTF7,USN JTF-7,-,    -77.0800 ,   38.8800 ,USN,Arlington|Virginia|United States of America|us,Arlington,Virginia,United States of America,us
JTSPACE,jtSPACE,-,    139.7200 ,   35.7600 ,TISPACE,北区||日本|jp,北区,,日本,jp
JTXZ,Jitian Xingzhou,Jitian Xingzhou Space Tech. Co. Ltd.,    120.6200 ,   31.3000 ,-,姑苏区|江苏省|中国|cn,姑苏区,江苏省,中国,cn
JUNK,Junkers,-,     11.5700 ,   48.1300 ,-,München|Bayern|Deutschland|de,München,Bayern,Deutschland,de
JUNO,Project Juno,-,     -0.0900 ,   51.5200 ,MNB,City of London|England|United Kingdom|gb,City of London,England,United Kingdom,gb
JUNT,Juntian Hangyu,Beijing Joint Aerospace Tech Co. Ltd.,    116.3800 ,   39.9200 ,-,西城区|北京市|中国|cn,西城区,北京市,中国,cn
JUST,JUST,Jordan University of Science and Technology,     35.9900 ,   32.4800 ,-,|إربد|الأردن|jo,,إربد,الأردن,jo
JUSTEK,JUSTEK,JUSTEK Inc.,    127.0800 ,   37.1000 ,-,평택시||대한민국|kr,평택시,,대한민국,kr
JYK,Jianyuan,Beijing Jianyuan Tech Co Ltd. (Space Epoch),    116.3800 ,   39.9200 ,-,西城区|北京市|中国|cn,西城区,北京市,中国,cn
JZYJ,JZYJ,Jiuzhou Yunjian Space Tech Co Ltd.,    116.3800 ,   39.9200 ,-,西城区|北京市|中国|cn,西城区,北京市,中国,cn
KACBS,Kacific,-,    103.8000 ,    1.3000 ,-,Singapore||Singapore|sg,Singapore,,Singapore,sg
KACST,KACST,-,     46.7200 ,   24.6300 ,-,الرياض|منطقة الرياض|السعودية|sa,الرياض,منطقة الرياض,السعودية,sa
KAFA,KAFA,Korean Air Force Academy,    127.4800 ,   36.6300 ,-,청주시||대한민국|kr,청주시,,대한민국,kr
KAGA,Kagawa U,-,    134.0400 ,   34.3400 ,-,高松市||日本|jp,高松市,,日本,jp
KAGO,Kagoshima U,-,    130.5500 ,   31.5700 ,-,鹿児島市||日本|jp,鹿児島市,,日本,jp
KAI,KAI,Kuibyshev Aviation Institute,     50.1400 ,   53.2000 ,-,Самара|Самарская область|Россия|ru,Самара,Самарская область,Россия,ru
KAIK,KAI,Korolev Aviation Institute,     50.1400 ,   53.2000 ,-,Самара|Самарская область|Россия|ru,Самара,Самарская область,Россия,ru
KAIFW,Kaiser-Fleetwings,-,    -74.8500 ,   40.1000 ,-,Bristol|Pennsylvania|United States of America|us,Bristol,Pennsylvania,United States of America,us
KAIRSP,KairoSpace,Kairo Space,    127.1700 ,   37.4300 ,-,성남시||대한민국|kr,성남시,,대한민국,kr
KAISR,KAIST SatRec,KAIST Satellite Research Center (SatRec),    127.3900 ,   36.3500 ,KAIST,대전광역시||대한민국|kr,대전광역시,,대한민국,kr
KAIST,KAIST,Korea Advanced Institute for Space Technology,    127.3900 ,   36.3500 ,-,대전광역시||대한민국|kr,대전광역시,,대한민국,kr
KAIT,KAIT,Kanagawa Institute of Technology,    139.3700 ,   35.4300 ,-,厚木市||日本|jp,厚木市,,日本,jp
KAIYUN,Kaiyun,Kaiyun United Information Tech Group Co Ltd.,    116.4800 ,   39.8700 ,-,朝阳区|北京市|中国|cn,朝阳区,北京市,中国,cn
KANA,Kanazawa U,Kanazawa University,    136.6600 ,   36.5600 ,-,金沢市||日本|jp,金沢市,,日本,jp
KANAT,Kanatta Co,Kanatta Co. Ltd.,    139.7000 ,   35.6400 ,-,目黒区||日本|jp,目黒区,,日本,jp
KANSAI,Kansai U,Kansai University,    135.5100 ,   34.7700 ,-,吹田市||日本|jp,吹田市,,日本,jp
KARI,KARI,Korea Aerospace Research Institute,    127.3900 ,   36.3500 ,-,대전광역시||대한민국|kr,대전광역시,,대한민국,kr
KARIK,KARI,Korea Aerospace Research Institute,    127.3900 ,   36.3500 ,KASA,대전광역시||대한민국|kr,대전광역시,,대한민국,kr
KASA,KASA,Korea Aerospace Administration,    128.0400 ,   35.0500 ,-,사천시||대한민국|kr,사천시,,대한민국,kr
KASH,NICT CRL,"National Inst. Communications Tech., Kashima Space Research",    140.6400 ,   35.9700 ,-,鹿嶋市||日本|jp,鹿嶋市,,日本,jp
KASI,KASI,Korea Astronomy and Space Science Institute,    127.3600 ,   36.3600 ,-,대전광역시||대한민국|kr,대전광역시,,대한민국,kr
KATAL,Katalyst Space,-,   -105.1100 ,   39.9100 ,-,|Colorado|United States of America|us,,Colorado,United States of America,us
KAWA,Kawasaki,Kawasaki Heavy Industries Aerospace Co.,    136.7600 ,   35.4200 ,-,岐阜市||日本|jp,岐阜市,,日本,jp
KAZAF,Kazakh AF,Kazakh Air Defense Forces,     71.4300 ,   51.1700 ,-,Астана|Астана|Қазақстан|kz,Астана,Астана,Қазақстан,kz
KAZAI,Kazan AI,Kazan Aviation Institute,     49.1100 ,   55.8000 ,-,Казань|Татарстан|Россия|ru,Казань,Татарстан,Россия,ru
KAZK,Kazkosmos,Kazakh National Space Agnecy,     71.4300 ,   51.1700 ,-,Астана|Астана|Қазақстан|kz,Астана,Астана,Қазақстан,kz
KAZNU,Al-Farabi KNU,Al-Farabi Kazakh National University,     76.9200 ,   43.2300 ,-,Алматы||Қазақстан|kz,Алматы,,Қазақстан,kz
KAZOKB,Kazan Soyuz,-,     49.1100 ,   55.8000 ,NKE,Казань|Татарстан|Россия|ru,Казань,Татарстан,Россия,ru
KAZSOY,Kazan Soyuz,-,     49.1100 ,   55.8000 ,NKE,Казань|Татарстан|Россия|ru,Казань,Татарстан,Россия,ru
KB1,KB-1,-,     37.6700 ,   55.7200 ,-,Москва|Москва|Россия|ru,Москва,Москва,Россия,ru
KBEM,Energomash,-,     37.4500 ,   55.9000 ,-,Химки|Московская область|Россия|ru,Химки,Московская область,Россия,ru
KBEME,NPOE-Energomash,-,     37.4500 ,   55.9000 ,NPOE,Химки|Московская область|Россия|ru,Химки,Московская область,Россия,ru
KBKHA,KBKhA,-,     39.2100 ,   51.6700 ,-,Воронеж|Воронежская область|Россия|ru,Воронеж,Воронежская область,Россия,ru
KBM,KBM,-,     38.7800 ,   55.0800 ,-,Коломна|Московская область|Россия|ru,Коломна,Московская область,Россия,ru
KBPT,KBP Tula,-,     37.6200 ,   54.2000 ,-,Тула|Тульская область|Россия|ru,Тула,Тульская область,Россия,ru
KBSAL,KB Salyut,-,     37.5000 ,   55.7500 ,-,Москва|Москва|Россия|ru,Москва,Москва,Россия,ru
KCHT,Kechuang Hangtian,Guangdong Aerospace Tech Co Ltd.,    113.2700 ,   23.1300 ,-,越秀区|广东省|中国|cn,越秀区,广东省,中国,cn
KCST,KCST,Korean Committee of Space Technology,    125.7400 ,   39.0200 ,-,평양시||조선민주주의인민공화국|kp,평양시,,조선민주주의인민공화국,kp
KEIO,Keio U,Keio University,    139.7400 ,   35.6500 ,-,港区||日本|jp,港区,,日本,jp
KEPLER,Kepler Comms,-,    -79.4000 ,   43.7000 ,-,Toronto|Ontario|Canada|ca,Toronto,Ontario,Canada,ca
KEPWU,Kepler ST Wuhan,Kepler Satellite Technology (Wuhan) Co. Ltd.,    114.2800 ,   30.5800 ,SECM,江汉区|湖北省|中国|cn,江汉区,湖北省,中国,cn
KESA,Kenya Space,-,     36.8000 ,   -1.2900 ,-,Nairobi|Nairobi|Kenya|ke,Nairobi,Nairobi,Kenya,ke
KGB,KGB,-,     37.6200 ,   55.7500 ,-,Москва|Москва|Россия|ru,Москва,Москва,Россия,ru
KGI,KGI,Kiruna Geophysical Institute,     20.2200 ,   67.8500 ,-,Kiruna||Sverige|se,Kiruna,,Sverige,se
KGO,KGO,Kiruna Geophysical Observatory,     20.2200 ,   67.8500 ,-,Kiruna||Sverige|se,Kiruna,,Sverige,se
KGTU,Kuban GTU,Kuban State Technical University,     39.0000 ,   45.0500 ,-,Краснодар|Краснодарский край|Россия|ru,Краснодар,Краснодарский край,Россия,ru
KHMM,KB Khimmash,-,     37.8200 ,   55.9300 ,-,Королёв|Московская область|Россия|ru,Королёв,Московская область,Россия,ru
KHRO,Khrunichev,Khrunichev State Research and Production Center,     37.5000 ,   55.7500 ,ORKK,Москва|Москва|Россия|ru,Москва,Москва,Россия,ru
KHRR,Khrunichev,Khrunichev State Research and Production Center,     37.5000 ,   55.7500 ,-,Москва|Москва|Россия|ru,Москва,Москва,Россия,ru
KHRS,Khrunichev KB,-,     37.5000 ,   55.7500 ,KHRU,Москва|Москва|Россия|ru,Москва,Москва,Россия,ru
KHRU,Khrunichev,Khrunichev State Research and Production Center,     37.5000 ,   55.7500 ,-,Москва|Москва|Россия|ru,Москва,Москва,Россия,ru
KHUS,Kyung Hee U,Kyung Hee University,    127.0500 ,   37.6000 ,-,서울특별시||대한민국|kr,서울특별시,,대한민국,kr
KIEL,Kiel,Kiel University,     10.1200 ,   54.3400 ,-,Kiel|Schleswig-Holstein|Deutschland|de,Kiel,Schleswig-Holstein,Deutschland,de
KINDAI,Kindai,Kindai University,    135.5900 ,   34.6500 ,-,東大阪市||日本|jp,東大阪市,,日本,jp
KINEIS,Kineis,-,      1.4700 ,   43.5600 ,-,Toulouse|Occitanie|France|fr,Toulouse,Occitanie,France,fr
KLEO,KLEO Connect,-,     13.3100 ,   52.5100 ,-,Berlin||Deutschland|de,Berlin,,Deutschland,de
KLEOS,Kleos Space,-,      6.1300 ,   49.6100 ,-,Luxembourg||Lëtzebuerg|lu,Luxembourg,,Lëtzebuerg,lu
KLIMOV,Klimov,-,     30.3100 ,   59.9400 ,-,Санкт-Петербург|Санкт-Петербург|Россия|ru,Санкт-Петербург,Санкт-Петербург,Россия,ru
KMARQ,Kaiser Marquardt,Kaiser Marquardt,   -118.4300 ,   34.1800 ,-,Los Angeles|California|United States of America|us,Los Angeles,California,United States of America,us
KMIT,Kompleks-MIT,"Complex-MIT, Moscow Inst of Thermal Tech.",     37.6100 ,   55.8500 ,-,Москва|Москва|Россия|ru,Москва,Москва,Россия,ru
KMUTNB,KMUTNB,King Mongkut's University of Technology North Bangkok,    100.5100 ,   13.8200 ,-,กรุงเทพมหานคร||ประเทศไทย|th,กรุงเทพมหานคร,,ประเทศไทย,th
KNITU,KNITU-KAI,Kazan National Research Technical University,     49.1100 ,   55.8000 ,-,Казань|Татарстан|Россия|ru,Казань,Татарстан,Россия,ru
KOBE,Kobe,Kobe University,    135.2300 ,   34.7300 ,-,神戸市||日本|jp,神戸市,,日本,jp
KOBN,Koben,Copenhagen University,     12.5700 ,   55.6800 ,-,København|Region Hovedstaden|Danmark|dk,København,Region Hovedstaden,Danmark,dk
KOCHI,Kochi College,Kochi Technical College,    133.6400 ,   33.5700 ,-,南国市||日本|jp,南国市,,日本,jp
KOLN,Koln,University of Cologne,      6.9500 ,   50.9400 ,-,Köln|Nordrhein-Westfalen|Deutschland|de,Köln,Nordrhein-Westfalen,Deutschland,de
KOMET,Kometa,-,     37.6700 ,   55.7200 ,-,Москва|Москва|Россия|ru,Москва,Москва,Россия,ru
KOMI,Kominfo,Ministry of Communication and Informatics,    106.8200 ,   -6.2000 ,-,Jakarta Pusat||Indonesia|id,Jakarta Pusat,,Indonesia,id
KONK,Konkoly,Konkoly Observatory,     18.9600 ,   47.5000 ,-,Budapest||Magyarország|hu,Budapest,,Magyarország,hu
KOKT,Krasniy Oktyabr,-,     30.3100 ,   59.9400 ,-,Санкт-Петербург|Санкт-Петербург|Россия|ru,Санкт-Петербург,Санкт-Петербург,Россия,ru
KOSMT,Ts Kosmonit,-,     37.6200 ,   55.7500 ,-,Москва|Москва|Россия|ru,Москва,Москва,Россия,ru
KOUKO,Kouko-Kosen,Tokyo Metropolitan Coll. Aero. Eng.,    139.7800 ,   35.7300 ,-,荒川区||日本|jp,荒川区,,日本,jp
KPA,KPA,Korean People's Army,    125.7400 ,   39.0200 ,-,평양시||조선민주주의인민공화국|kp,평양시,,조선민주주의인민공화국,kp
KPAMJ,NK Missile Div,"Strategic Rocket Division, KPA",    126.2100 ,   39.2400 ,KPA,성천읍|평안남도|조선민주주의인민공화국|kp,성천읍,평안남도,조선민주주의인민공화국,kp
KPI,Kyiv Polytechnic,Kyiv Polytechnic Institute,     30.5200 ,   50.4500 ,-,Київ||Україна|ua,Київ,,Україна,ua
KPL,KP Labs,-,     18.6700 ,   50.2800 ,-,Gliwice|województwo śląskie|Polska|pl,Gliwice,województwo śląskie,Polska,pl
KPNO,KPNO,-,   -110.9300 ,   32.2200 ,-,Tucson|Arizona|United States of America|us,Tucson,Arizona,United States of America,us
KQN,Khong quan Nhan,Vietnamese AF,    105.8500 ,   21.0300 ,-,Thành phố Hà Nội||Việt Nam|vn,Thành phố Hà Nội,,Việt Nam,vn
KRAI,KAI,Korea Aerospace Industries,    128.0800 ,   35.0700 ,-,사천시||대한민국|kr,사천시,,대한민국,kr
KRAK,Kraksat,Kraksat,     19.9200 ,   50.0600 ,-,Kraków|województwo małopolskie|Polska|pl,Kraków,województwo małopolskie,Polska,pl
KRAS,KrasMash,-,     93.5300 ,   56.2500 ,-,Железногорск|Красноярский край|Россия|ru,Железногорск,Красноярский край,Россия,ru
KRAT,Kratos,-,   -117.1600 ,   32.7200 ,-,San Diego|California|United States of America|us,San Diego,California,United States of America,us
KRAU,Korea AeU,Korea Aerospace University,    126.8000 ,   37.6500 ,-,고양시||대한민국|kr,고양시,,대한민국,kr
KRLP,KRL,-,     73.3800 ,   33.5800 ,-,کہوٹہ|پنجاب|پاکستان|pk,کہوٹہ,پنجاب,پاکستان,pk
KS,KosSvyaz,Russian Satellite Communications Co.,     37.6200 ,   55.7500 ,-,Москва|Москва|Россия|ru,Москва,Москва,Россия,ru
KSC,KSC,-,    -80.6000 ,   28.3900 ,NASA,Cape Canaveral|Florida|United States of America|us,Cape Canaveral,Florida,United States of America,us
KSU,King Saud U,King Saud University,     46.6300 ,   24.7200 ,-,|منطقة الرياض|السعودية|sa,,منطقة الرياض,السعودية,sa
KTEL,KTEL,-,    127.1200 ,   37.3800 ,-,성남시||대한민국|kr,성남시,,대한민국,kr
KTELT,KT,-,    127.1200 ,   37.3800 ,-,성남시||대한민국|kr,성남시,,대한민국,kr
KTH,KTH,Royal Inst. of Technology,     18.0700 ,   59.3500 ,-,Stockholm||Sverige|se,Stockholm,,Sverige,se
KTHR,Kayser-Threde,-,     11.5700 ,   48.1300 ,-,München|Bayern|Deutschland|de,München,Bayern,Deutschland,de
KTL,KTL,Korea Testing Laboratory,    128.0800 ,   35.2000 ,-,진주시||대한민국|kr,진주시,,대한민국,kr
KTRAS,Kosmotras,-,     37.6200 ,   55.7500 ,-,Москва|Москва|Россия|ru,Москва,Москва,Россия,ru
KTSAT,KT Sat,-,    126.9700 ,   37.5700 ,KTELT,서울특별시||대한민국|kr,서울특별시,,대한민국,kr
KTU,KTU,Kaunas University of Technology,     23.9100 ,   54.9000 ,-,Kaunas|Kauno apskritis|Lietuva|lt,Kaunas,Kauno apskritis,Lietuva,lt
KUBOS,Kubos,-,    -97.1300 ,   33.2200 ,-,Denton|Texas|United States of America|us,Denton,Texas,United States of America,us
KUIP,Kuiper Systems,-,   -122.1200 ,   47.6700 ,AMAZ,Redmond|Washington|United States of America|us,Redmond,Washington,United States of America,us
KUVA,Kuva Space,-,     24.9400 ,   60.1700 ,-,Helsinki|Uusimaa|Suomi / Finland|fi,Helsinki,Uusimaa,Suomi / Finland,fi
KUZ,Kuznetsov,-,     50.1400 ,   53.2000 ,-,Самара|Самарская область|Россия|ru,Самара,Самарская область,Россия,ru
KUZGTU,Kuzbass GTU,Kuzbass State Technical University,     86.0800 ,   55.3500 ,-,Кемерово|Кемеровская область|Россия|ru,Кемерово,Кемеровская область,Россия,ru
KVR,KVR,Russian Space Forces,     36.9800 ,   56.1800 ,MORF,Солнечногорск|Московская область|Россия|ru,Солнечногорск,Московская область,Россия,ru
KWU,Kuwait U.,Kuwait University,     47.9800 ,   29.3700 ,-,المرقاب|محافظة العاصمة|الكويت|kw,المرقاب,محافظة العاصمة,الكويت,kw
KYO,Kyoto,Kyoto University,    135.7800 ,   35.0300 ,-,京都市||日本|jp,京都市,,日本,jp
KYSP,Kentucky Space,-,    -84.4900 ,   38.0300 ,-,Lexington|Kentucky|United States of America|us,Lexington,Kentucky,United States of America,us
KYUD,Kyushu U.,Kyushu University,    130.4200 ,   33.6300 ,-,福岡市||日本|jp,福岡市,,日本,jp
KYUT,Kyutech,Kyushu Instiute of Technology,    130.8400 ,   33.8900 ,-,北九州市||日本|jp,北九州市,,日本,jp
L3EDD,L3 EDD,-,   -118.3400 ,   33.8300 ,-,Torrance|California|United States of America|us,Torrance,California,United States of America,us
L3ETI,L3 ETI,-,   -118.3400 ,   33.8300 ,-,Torrance|California|United States of America|us,Torrance,California,United States of America,us
L3HED,L3H ED,-,   -118.3400 ,   33.8300 ,-,Torrance|California|United States of America|us,Torrance,California,United States of America,us
LAC,Lockheed,-,   -118.3300 ,   34.1800 ,-,Burbank|California|United States of America|us,Burbank,California,United States of America,us
LACMA,LACMA,-,   -118.3600 ,   34.0600 ,-,Los Angeles|California|United States of America|us,Los Angeles,California,United States of America,us
LACU,Lacuna Space,-,     -1.3100 ,   51.5800 ,-,Vale of White Horse|England|United Kingdom|gb,Vale of White Horse,England,United Kingdom,gb
LAGRAP,Lagrapo,Lagrapo Co. Ltd.,    139.7700 ,   35.6700 ,-,中央区||日本|jp,中央区,,日本,jp
LAMBDA,Lambda Team,-,   -121.9000 ,   37.3300 ,-,San Jose|California|United States of America|us,San Jose,California,United States of America,us
LANAST,Lao NAST,"National Authority for Science and Technology, Laos",    102.6000 ,   17.9700 ,-,ວຽງຈັນ|ນະຄອນຫຼວງວຽງຈັນ|ປະເທດລາວ|la,ວຽງຈັນ,ນະຄອນຫຼວງວຽງຈັນ,ປະເທດລາວ,la
LAND,Land Group,-,    116.3800 ,   39.9200 ,-,西城区|北京市|中国|cn,西城区,北京市,中国,cn
LANDSP,Lanjian Hangtian,LandSpace Technology,    116.3800 ,   39.9200 ,-,西城区|北京市|中国|cn,西城区,北京市,中国,cn
LANL,LANL,-,   -106.3200 ,   35.8800 ,DOE,Los Alamos|New Mexico|United States of America|us,Los Alamos,New Mexico,United States of America,us
LANT,Lanteris,-,   -122.1400 ,   37.4300 ,-,Palo Alto|California|United States of America|us,Palo Alto,California,United States of America,us
LANTSJ,Lanteris SJ,-,   -121.9000 ,   37.3300 ,LANT,San Jose|California|United States of America|us,San Jose,California,United States of America,us
LAOJV,LaoSat JVC,-,    102.6000 ,   17.9700 ,LANAST,ວຽງຈັນ|ນະຄອນຫຼວງວຽງຈັນ|ປະເທດລາວ|la,ວຽງຈັນ,ນະຄອນຫຼວງວຽງຈັນ,ປະເທດລາວ,la
LAPAN,LAPAN,-,    106.8200 ,   -6.2000 ,-,Jakarta Pusat||Indonesia|id,Jakarta Pusat,,Indonesia,id
LAPANR,LAPAN RML,-,    107.8900 ,   -7.2100 ,-,Garut|Jawa Barat|Indonesia|id,Garut,Jawa Barat,Indonesia,id
LARC,NACA LaRC,-,    -76.3800 ,   37.0900 ,NACA,Hampton|Virginia|United States of America|us,Hampton,Virginia,United States of America,us
LARCN,NASA LaRC,-,    -76.3800 ,   37.0900 ,NASA,Hampton|Virginia|United States of America|us,Hampton,Virginia,United States of America,us
LARCNE,NASA NESC,-,    -76.3800 ,   37.0900 ,NASA,Hampton|Virginia|United States of America|us,Hampton,Virginia,United States of America,us
LAS,LAS,-,      5.3700 ,   43.3000 ,CNRS,Marseille|Provence-Alpes-Côte d'Azur|France|fr,Marseille,Provence-Alpes-Côte d'Azur,France,fr
LASAR,LASAR,Lasar Team,     16.5800 ,   49.2300 ,-,Brno|Jihovýchod|Česko|cz,Brno,Jihovýchod,Česko,cz
LASL,LASL,-,   -106.3200 ,   35.8800 ,DOE,Los Alamos|New Mexico|United States of America|us,Los Alamos,New Mexico,United States of America,us
LATMOS,LATMOS,"Aeronomy Service, CNRS",      2.2700 ,   48.7500 ,CNRS,Verrières-le-Buisson|Île-de-France|France|fr,Verrières-le-Buisson,Île-de-France,France,fr
LAUN,Launcher Inc,-,   -118.3500 ,   33.9200 ,-,Hawthorne|California|United States of America|us,Hawthorne,California,United States of America,us
LAUNV,Launcher Inc,-,   -118.3500 ,   33.9200 ,VASTSP,Hawthorne|California|United States of America|us,Hawthorne,California,United States of America,us
LCFE,LCF,-,   -117.0100 ,   47.7000 ,-,Post Falls|Idaho|United States of America|us,Post Falls,Idaho,United States of America,us
LCT,LCT,-,      2.3000 ,   48.8600 ,-,Paris|Île-de-France|France|fr,Paris,Île-de-France,France,fr
LDSE,LDSE,Key Lab of Lunar and Deep Space Exploration,    116.3800 ,   39.9200 ,-,西城区|北京市|中国|cn,西城区,北京市,中国,cn
LEEDS,Leeds,-,     -1.5500 ,   53.8100 ,-,Leeds|England|United Kingdom|gb,Leeds,England,United Kingdom,gb
LEESM,Leesona-Moos,-,    -73.7900 ,   40.7000 ,-,City of New York|New York|United States of America|us,City of New York,New York,United States of America,us
LEID,Leiden,-,      4.4900 ,   52.1600 ,-,Leiden|Zuid-Holland|Nederland|nl,Leiden,Zuid-Holland,Nederland,nl
LEIDOS,Leidos,-,    -77.3500 ,   38.9500 ,-,Reston|Virginia|United States of America|us,Reston,Virginia,United States of America,us
LEMU,Lemu,-,    -73.0600 ,  -41.1200 ,-,Frutillar|Región de Los Lagos|Chile|cl,Frutillar,Región de Los Lagos,Chile,cl
LEOS,Loral EOS,-,   -118.1300 ,   34.1600 ,LORC,Pasadena|California|United States of America|us,Pasadena,California,United States of America,us
LEOSTL,LeoStella,-,   -122.2600 ,   47.4700 ,SFLIN,Tukwila|Washington|United States of America|us,Tukwila,Washington,United States of America,us
LERC,NASA LeRC,-,    -81.8600 ,   41.4100 ,NASA,Cleveland|Ohio|United States of America|us,Cleveland,Ohio,United States of America,us
LFLT,LaserFleet,Aerospace Sat Optical Network Space Tech Co Ltd,    114.1000 ,   22.5500 ,-,罗湖区|广东省|中国|cn,罗湖区,广东省,中国,cn
LGAR,L'Garde,-,   -117.8100 ,   33.7400 ,-,Tustin|California|United States of America|us,Tustin,California,United States of America,us
LIANT,Liantong,"China United Network Communications Group Co., Ltd.",    116.3800 ,   39.9200 ,-,西城区|北京市|中国|cn,西城区,北京市,中国,cn
LIBRE,LSF,-,     23.7300 ,   37.9800 ,-,Αθήνα|Αποκεντρωμένη Διοίκηση Αττικής|Ελλάς|gr,Αθήνα,Αποκεντρωμένη Διοίκηση Αττικής,Ελλάς,gr
LIDA,Lida,Li Da Education Technology Group YG,    121.4700 ,   31.2300 ,-,上海市|上海市|中国|cn,上海市,上海市,中国,cn
LIEGE,Liege,-,      5.5700 ,   50.6400 ,-,Liège|Liège|België / Belgique / Belgien|be,Liège,Liège,België / Belgique / Belgien,be
LIFTE,Liftero,-,     19.9200 ,   50.0600 ,-,Kraków|województwo małopolskie|Polska|pl,Kraków,województwo małopolskie,Polska,pl
LIGA,Ligado,-,    -77.3500 ,   38.9500 ,-,Reston|Virginia|United States of America|us,Reston,Virginia,United States of America,us
LIGACA,Ligado,-,    -75.6100 ,   45.4400 ,LIGA,Ottawa|Ontario|Canada|ca,Ottawa,Ontario,Canada,ca
LII,LII,-,     38.2200 ,   55.5700 ,-,Раменское|Московская область|Россия|ru,Раменское,Московская область,Россия,ru
LINA,LinaSpace,-,    -77.3000 ,   38.8500 ,-,Fairfax|Virginia|United States of America|us,Fairfax,Virginia,United States of America,us
LINAO,Lindenberg,-,     14.1200 ,   52.2100 ,-,Lindenberg|Brandenburg|Deutschland|de,Lindenberg,Brandenburg,Deutschland,de
LINGZ,Ling Zhong,Beijing Zero Gravity Lab,    116.5200 ,   39.7900 ,-,大兴区|北京市|中国|cn,大兴区,北京市,中国,cn
LINK,Link Space,Link Space Aerospace Technology,    116.3800 ,   39.9200 ,-,西城区|北京市|中国|cn,西城区,北京市,中国,cn
LIZH,Lizheng Sat,Lizheng Satellite Application Technology Co. Ltd.,    121.4700 ,   31.2300 ,-,上海市|上海市|中国|cn,上海市,上海市,中国,cn
LKA,Lit. Space Assoc.,Lithuanian Space Association,     25.2800 ,   54.6800 ,-,Vilnius|Vilniaus apskritis|Lietuva|lt,Vilnius,Vilniaus apskritis,Lietuva,lt
LLL,LLL,-,   -121.7700 ,   37.6800 ,DOE,Livermore|California|United States of America|us,Livermore,California,United States of America,us
LLNL,LLNL,-,   -121.7700 ,   37.6800 ,DOE,Livermore|California|United States of America|us,Livermore,California,United States of America,us
LM,LM,-,   -122.0400 ,   37.3700 ,-,Sunnyvale|California|United States of America|us,Sunnyvale,California,United States of America,us
LMA,LMA,-,   -105.0100 ,   39.6000 ,LMMS,Littleton|Colorado|United States of America|us,Littleton,Colorado,United States of America,us
LMASD,LMA/San Diego,-,   -117.1400 ,   32.8300 ,LM,San Diego|California|United States of America|us,San Diego,California,United States of America,us
LMATC,LMATC,-,   -122.1400 ,   37.4300 ,LM,Palo Alto|California|United States of America|us,Palo Alto,California,United States of America,us
LMCO,LM/Courtland,-,    -87.3100 ,   34.6700 ,LM,Courtland|Alabama|United States of America|us,Courtland,Alabama,United States of America,us
LMCOM,Comsat,-,    -77.0200 ,   38.9000 ,LM,Washington|District of Columbia|United States of America|us,Washington,District of Columbia,United States of America,us
LMCAM,LM Camden,-,    -92.8400 ,   33.5700 ,LM,Camden|Arkansas|United States of America|us,Camden,Arkansas,United States of America,us
LMCLS,LMCLS,-,    -77.1800 ,   38.9300 ,LM,McLean|Virginia|United States of America|us,McLean,Virginia,United States of America,us
LMCSS,LMCSS,-,   -122.0400 ,   37.3700 ,LM,Sunnyvale|California|United States of America|us,Sunnyvale,California,United States of America,us
LMEW,LM/EW,-,    -74.5300 ,   40.2600 ,LM,Hightstown|New Jersey|United States of America|us,Hightstown,New Jersey,United States of America,us
LMGT,LMGT,-,   -122.0400 ,   37.3700 ,LM,Sunnyvale|California|United States of America|us,Sunnyvale,California,United States of America,us
LMKSC,LM KSC,-,    -80.6000 ,   28.6100 ,LM,|Florida|United States of America|us,,Florida,United States of America,us
LMI,LMI,-,     -0.1100 ,   51.5100 ,LMGT,City of London|England|United Kingdom|gb,City of London,England,United Kingdom,gb
LMINS,LM INSYS,-,     -0.4900 ,   52.0300 ,LM,Ampthill|England|United Kingdom|gb,Ampthill,England,United Kingdom,gb
LMMI,LM/Michoud,-,    -89.9200 ,   30.0200 ,LM,New Orleans|Louisiana|United States of America|us,New Orleans,Louisiana,United States of America,us
LMMF,LM MFC,-,    -97.0200 ,   32.7200 ,LM,Grand Prairie|Texas|United States of America|us,Grand Prairie,Texas,United States of America,us
LMMS,LMMS/Sunnyvale,-,   -122.0400 ,   37.3700 ,LM,Sunnyvale|California|United States of America|us,Sunnyvale,California,United States of America,us
LMN,LM/Newtown,-,    -74.9000 ,   40.2300 ,LM,Newtown Township|Pennsylvania|United States of America|us,Newtown Township,Pennsylvania,United States of America,us
LMO,LM/Orlando,-,    -81.3800 ,   28.5400 ,LM,Orlando|Florida|United States of America|us,Orlando,Florida,United States of America,us
LMPCO,LM Pike Co,-,    -85.9700 ,   31.8100 ,LM,Troy|Alabama|United States of America|us,Troy,Alabama,United States of America,us
LMPLM,LM/Palmdale,-,   -118.1000 ,   34.5800 ,-,Palmdale|California|United States of America|us,Palmdale,California,United States of America,us
LMSAL,LMSAL,-,   -122.1400 ,   37.4300 ,LMATC,Palo Alto|California|United States of America|us,Palo Alto,California,United States of America,us
LMSAN,LMAES/NH,-,    -71.4600 ,   42.7600 ,-,Nashua|New Hampshire|United States of America|us,Nashua,New Hampshire,United States of America,us
LMSC,LMSC,-,   -122.0400 ,   37.3700 ,LAC,Sunnyvale|California|United States of America|us,Sunnyvale,California,United States of America,us
LMSCV,LMSCV,-,   -122.0400 ,   37.3700 ,LM,Sunnyvale|California|United States of America|us,Sunnyvale,California,United States of America,us
LMSD,LMSD/Sunnyvale,-,   -122.0400 ,   37.3700 ,LAC,Sunnyvale|California|United States of America|us,Sunnyvale,California,United States of America,us
LMSO,LM Astrotech?,-,    -80.8200 ,   28.5900 ,SHAB,Titusville|Florida|United States of America|us,Titusville,Florida,United States of America,us
LMSS,LMSS,-,   -122.0400 ,   37.3700 ,LAC,Sunnyvale|California|United States of America|us,Sunnyvale,California,United States of America,us
LMSSD,LMSS Denver,-,   -105.0100 ,   39.6000 ,LM,Littleton|Colorado|United States of America|us,Littleton,Colorado,United States of America,us
LMT,LMT/Sunnyvale,-,   -122.0400 ,   37.3700 ,LM,Sunnyvale|California|United States of America|us,Sunnyvale,California,United States of America,us
LMTEW,LMT/EW,-,    -74.5300 ,   40.2600 ,LM,Hightstown|New Jersey|United States of America|us,Hightstown,New Jersey,United States of America,us
LMV,LM Vought,-,    -97.0200 ,   32.7200 ,-,Grand Prairie|Texas|United States of America|us,Grand Prairie,Texas,United States of America,us
LMVF,LM/Valley Forge,-,    -75.4700 ,   40.1000 ,LM,Schuylkill Township|Pennsylvania|United States of America|us,Schuylkill Township,Pennsylvania,United States of America,us
LOFT,Loft Orbital,-,   -122.4200 ,   37.7800 ,-,San Francisco|California|United States of America|us,San Francisco,California,United States of America,us
LOR,SS/Loral,-,   -122.1400 ,   37.4300 ,LORC,Palo Alto|California|United States of America|us,Palo Alto,California,United States of America,us
LORC,Loral Corp,-,    -74.0100 ,   40.7100 ,-,City of New York|New York|United States of America|us,City of New York,New York,United States of America,us
LORI,Loral Orion,-,    -77.1500 ,   39.0800 ,LORC,Rockville|Maryland|United States of America|us,Rockville,Maryland,United States of America,us
LORS,Loral Space,-,    -74.0100 ,   40.7100 ,-,City of New York|New York|United States of America|us,City of New York,New York,United States of America,us
LPA,LPA,-,      2.3000 ,   48.8600 ,-,Paris|Île-de-France|France|fr,Paris,Île-de-France,France,fr
LPARL,LPARL,-,   -122.1400 ,   37.4300 ,LAC,Palo Alto|California|United States of America|us,Palo Alto,California,United States of America,us
LPC,LPC,-,   -117.1800 ,   34.0500 ,-,Redlands|California|United States of America|us,Redlands,California,United States of America,us
LPCE,LPC2E,-,      1.9300 ,   47.8500 ,-,Olivet|Centre-Val de Loire|France|fr,Olivet,Centre-Val de Loire,France,fr
LPI,LPI (LSI),-,    -95.3800 ,   29.7600 ,-,Houston|Texas|United States of America|us,Houston,Texas,United States of America,us
LPSC,VSSC/LPSC,-,     76.8700 ,    8.5300 ,-,Thumba|Kerala|India|in,Thumba,Kerala,India,in
LPSCM,LPSC (LMF),-,     77.5200 ,    8.3900 ,-,|Tamil Nadu|India|in,,Tamil Nadu,India,in
LPSP,LPSP,-,      2.2700 ,   48.7500 ,CNRS,Verrières-le-Buisson|Île-de-France|France|fr,Verrières-le-Buisson,Île-de-France,France,fr
LRBA,LRBA,-,      1.4900 ,   49.0900 ,DGA,Vernon|Normandie|France|fr,Vernon,Normandie,France,fr
LRL,LRL,-,   -121.7700 ,   37.6800 ,DOE,Livermore|California|United States of America|us,Livermore,California,United States of America,us
LRPG,LRPG,-,    -80.5400 ,   28.4700 ,-,|Florida|United States of America|us,,Florida,United States of America,us
LRRC,LRRC,-,   -118.0600 ,   33.8000 ,-,Los Alamitos|California|United States of America|us,Los Alamitos,California,United States of America,us
LRS,LRS,Lebanon Rocket Society,     35.5800 ,   33.9000 ,-,زلقا|محافظة جبل لبنان|لبنان|lb,زلقا,محافظة جبل لبنان,لبنان,lb
LRWE,LRWE,-,    138.6400 ,  -34.7600 ,-,Adelaide|South Australia|Australia|au,Adelaide,South Australia,Australia,au
LSK,Luftstreitkrafte,Air Forces of the National People's Army,     52.5800 ,   13.8800 ,-,,,,,
LSKY,Loral Skynet,-,    -74.6900 ,   40.6700 ,LORC,Bedminster Township|New Jersey|United States of America|us,Bedminster Township,New Jersey,United States of America,us
LSKYB,Loral Sky Brazil,-,    -43.2000 ,  -22.9100 ,LSKY,Rio de Janeiro|Rio de Janeiro|Brasil|br,Rio de Janeiro,Rio de Janeiro,Brasil,br
LSPHZ,Lanjian Hangtian,"LandSpace Technology, Huzhou Factory",    120.1000 ,   30.8700 ,LANDSP,吴兴区|浙江省|中国|cn,吴兴区,浙江省,中国,cn
LSQ,LightSquared,-,    -74.0100 ,   40.7100 ,-,City of New York|New York|United States of America|us,City of New York,New York,United States of America,us
LSQCA,LightSquared,-,    -75.6100 ,   45.4400 ,MSV,Ottawa|Ontario|Canada|ca,Ottawa,Ontario,Canada,ca
LTU,Lulea UT,Lulea Technical University,     22.1400 ,   65.6200 ,-,Luleå||Sverige|se,Luleå,,Sverige,se
LTV,LTV,-,    -97.0200 ,   32.7200 ,-,Grand Prairie|Texas|United States of America|us,Grand Prairie,Texas,United States of America,us
LTVCAM,LTV Camden,-,    -92.8400 ,   33.5700 ,LTV,Camden|Arkansas|United States of America|us,Camden,Arkansas,United States of America,us
LTVE,LTV ESD,-,    -96.6400 ,   32.9100 ,-,Garland|Texas|United States of America|us,Garland,Texas,United States of America,us
LTVM,LTV MAMP,-,    -83.0300 ,   42.5800 ,-,Sterling Heights|Michigan|United States of America|us,Sterling Heights,Michigan,United States of America,us
LTVV,Vought Corp,-,    -97.0200 ,   32.7200 ,-,Grand Prairie|Texas|United States of America|us,Grand Prairie,Texas,United States of America,us
LUCPT,Luchtcomponent,Belgian Air Component,      4.3500 ,   50.8500 ,-,Bruxelles - Brussel||België / Belgique / Belgien|be,Bruxelles - Brussel,,België / Belgique / Belgien,be
LUHAI,Luhai Xinxi,Land and Sea Space (Yantai) Info. Tech. Co. Ltd.,    121.4300 ,   37.4400 ,-,莱山区|山东省|中国|cn,莱山区,山东省,中国,cn
LUHAN,Luhan,Luhan Studio,    126.9700 ,   37.5700 ,-,서울특별시||대한민국|kr,서울특별시,,대한민국,kr
LULRZ,Luliang SRZ,Luliang Municipal People's Government,    111.1500 ,   37.5200 ,-,离石区|山西省|中国|cn,离石区,山西省,中国,cn
LUMIR,Lumir Inc.,Lumir Inc.,    127.0400 ,   37.5500 ,-,서울특별시||대한민국|kr,서울특별시,,대한민국,kr
LUNASD,Lunasonde,Lund University,   -111.0900 ,   32.3600 ,-,Marana|Arizona|United States of America|us,Marana,Arizona,United States of America,us
LUND,Lund,Lund University,     13.1900 ,   55.7100 ,-,Lund||Sverige|se,Lund,,Sverige,se
LUOUT,Lunar Outpost,-,   -105.2100 ,   39.7500 ,-,Golden|Colorado|United States of America|us,Golden,Colorado,United States of America,us
LUSO,LusoSpace,-,     -9.1400 ,   38.7400 ,-,Lisboa||Portugal|pt,Lisboa,,Portugal,pt
LUX,LUX,-,     -1.1200 ,   52.6200 ,-,Leicester|England|United Kingdom|gb,Leicester,England,United Kingdom,gb
LUXDD,Dir. Defence,-,      6.1300 ,   49.8100 ,-,Cruchten||Lëtzebuerg|lu,Cruchten,,Lëtzebuerg,lu
LUXEO,LuxEOPs,-,      6.3500 ,   49.9600 ,OHB,Burg|Rheinland-Pfalz|Deutschland|de,Burg,Rheinland-Pfalz,Deutschland,de
LUXG,LuxGovSat,-,      6.3500 ,   49.9600 ,SES,Burg|Rheinland-Pfalz|Deutschland|de,Burg,Rheinland-Pfalz,Deutschland,de
LUXS,LuxSpace,-,      6.3500 ,   49.9600 ,OHB,Burg|Rheinland-Pfalz|Deutschland|de,Burg,Rheinland-Pfalz,Deutschland,de
LVMS,Loral Vought,-,    -97.0200 ,   32.7200 ,LORC,Grand Prairie|Texas|United States of America|us,Grand Prairie,Texas,United States of America,us
LVN,Lockheed/Van Nuys,-,   -118.4300 ,   34.1800 ,LAC,Los Angeles|California|United States of America|us,Los Angeles,California,United States of America,us
LW,Luftwaffe,German Air Force,      6.9500 ,   50.9400 ,-,Köln|Nordrhein-Westfalen|Deutschland|de,Köln,Nordrhein-Westfalen,Deutschland,de
LYK,Lingyi Kongjian,OneSpace,    106.5700 ,   29.6400 ,-,两江新区|重庆市|中国|cn,两江新区,重庆市,中国,cn
LYNK,Lynk,-,    -77.1700 ,   38.8900 ,-,Falls Church|Virginia|United States of America|us,Falls Church,Virginia,United States of America,us
M42,M42 Tech,-,   -122.3300 ,   47.6100 ,-,Seattle|Washington|United States of America|us,Seattle,Washington,United States of America,us
MAEU,MAEU,Myanmar Aerospace Engineering University,     95.8900 ,   20.8900 ,-,သဲကုန်း|မန္တလေးတိုင်း|မြန်မာ|mm,သဲကုန်း,မန္တလေးတိုင်း,မြန်မာ,mm
MAGL,Magyar Legiero,Hungarian Air Force,     19.0500 ,   47.4900 ,-,Budapest||Magyarország|hu,Budapest,,Magyarország,hu
MAI,MAI,Ministry of Astronautics Industry,    116.3800 ,   39.9200 ,-,西城区|北京市|中国|cn,西城区,北京市,中国,cn
MAI2,MAI,Ministry of Aerospace Industry,    116.3800 ,   39.9200 ,-,西城区|北京市|中国|cn,西城区,北京市,中国,cn
MAIMD,MD Aero,-,    -76.6800 ,   39.0000 ,-,Crofton|Maryland|United States of America|us,Crofton,Maryland,United States of America,us
MAIO,MAI Moskva,"Moscow Aviation Institute, Student KB Iskra",     37.6200 ,   55.7500 ,-,Москва|Москва|Россия|ru,Москва,Москва,Россия,ru
MAK,Makeev,Makeev Design Bureau,     60.1000 ,   55.0000 ,-,Миасс|Челябинская область|Россия|ru,Миасс,Челябинская область,Россия,ru
MANU,U Man,-,     -2.2400 ,   53.4600 ,-,Manchester|England|United Kingdom|gb,Manchester,England,United Kingdom,gb
MAOW,Maowang,Elvis Radio,    116.3800 ,   39.9200 ,-,西城区|北京市|中国|cn,西城区,北京市,中国,cn
MARCO,Marconi,-,     -1.0800 ,   50.8200 ,-,Portsmouth|England|United Kingdom|gb,Portsmouth,England,United Kingdom,gb
MARINT,Marshall Intech,-,     55.3000 ,   25.2600 ,-,ديرة|دبي|الإمارات العربية المتحدة|ae,ديرة,دبي,الإمارات العربية المتحدة,ae
MARQ,Marquardt,-,   -118.4300 ,   34.1800 ,-,Los Angeles|California|United States of America|us,Los Angeles,California,United States of America,us
MARQO,Marquardt/Ogden,-,   -111.9400 ,   41.1900 ,-,Ogden|Utah|United States of America|us,Ogden,Utah,United States of America,us
MARTB,Martin-Bal,-,    -76.6200 ,   39.2800 ,-,Baltimore|Maryland|United States of America|us,Baltimore,Maryland,United States of America,us
MARTD,Martin-Denver,-,   -105.0100 ,   39.6000 ,-,Littleton|Colorado|United States of America|us,Littleton,Colorado,United States of America,us
MARTO,Martin/Orlando,-,    -81.3800 ,   28.5400 ,-,Orlando|Florida|United States of America|us,Orlando,Florida,United States of America,us
MASDST,Masdar IST,-,     54.6100 ,   24.4100 ,-,أبو ظبي|أبو ظبي|الإمارات العربية المتحدة|ae,أبو ظبي,أبو ظبي,الإمارات العربية المتحدة,ae
MASDAR,Khalifa Masdar,-,     54.6100 ,   24.4100 ,-,أبو ظبي|أبو ظبي|الإمارات العربية المتحدة|ae,أبو ظبي,أبو ظبي,الإمارات العربية المتحدة,ae
MASTEN,Masten,-,   -118.1700 ,   35.0500 ,-,Mojave|California|United States of America|us,Mojave,California,United States of America,us
MATRA,MATRA,MATRA Space,      2.1800 ,   48.7800 ,-,Vélizy-Villacoublay|Île-de-France|France|fr,Vélizy-Villacoublay,Île-de-France,France,fr
MATT,MATRA,MATRA Space,      1.4700 ,   43.5600 ,-,Toulouse|Occitanie|France|fr,Toulouse,Occitanie,France,fr
MATV,MATRA/Velizy,MATRA Space,      2.1800 ,   48.7800 ,-,Vélizy-Villacoublay|Île-de-France|France|fr,Vélizy-Villacoublay,Île-de-France,France,fr
MAV,Maverick,-,   -120.6600 ,   35.2700 ,-,San Luis Obispo|California|United States of America|us,San Luis Obispo,California,United States of America,us
MAXAR,Maxar Tech,-,   -123.1300 ,   49.1700 ,-,Richmond|British Columbia|Canada|ca,Richmond,British Columbia,Canada,ca
MAXARB,Maxar Robotics,MDA Robotics,    -79.7700 ,   43.6800 ,MAXAR,Brampton|Ontario|Canada|ca,Brampton,Ontario,Canada,ca
MAXARD,Maxar DG,-,   -105.1100 ,   40.1700 ,-,Longmont|Colorado|United States of America|us,Longmont,Colorado,United States of America,us
MAXARI,Maxar Intel,-,   -105.1100 ,   40.1700 ,-,Longmont|Colorado|United States of America|us,Longmont,Colorado,United States of America,us
MAXARM,MAXAR Satellite,-,    -73.9500 ,   45.4000 ,MAXAR,L'Île-Perrot|Québec|Canada|ca,L'Île-Perrot,Québec,Canada,ca
MAXSI,Maxar Space Inf,-,   -122.1400 ,   37.4300 ,MAXAR,Palo Alto|California|United States of America|us,Palo Alto,California,United States of America,us
MAXSJ,MAXAR San Jose,-,   -121.9000 ,   37.3300 ,MAXAR,San Jose|California|United States of America|us,San Jose,California,United States of America,us
MAXSS,Maxar Space Sol,-,   -122.1400 ,   37.4300 ,MAXAR,Palo Alto|California|United States of America|us,Palo Alto,California,United States of America,us
MBAK,Martin-Baker,-,     -0.5000 ,   51.5600 ,-,Denham|England|United Kingdom|gb,Denham,England,United Kingdom,gb
MBB,MBB,MBB,     11.6700 ,   48.0700 ,-,Neubiberg|Bayern|Deutschland|de,Neubiberg,Bayern,Deutschland,de
MBBA,Bayern-Chemie,-,     12.3600 ,   48.2000 ,-,Aschau am Inn|Bayern|Deutschland|de,Aschau am Inn,Bayern,Deutschland,de
MBBE,MBB-ERNO,MBB-ERNO,      8.3000 ,   53.0800 ,MBB,Sandtange|Niedersachsen|Deutschland|de,Sandtange,Niedersachsen,Deutschland,de
MBBM,MBB Munchen,-,     11.5700 ,   48.1300 ,-,München|Bayern|Deutschland|de,München,Bayern,Deutschland,de
MBCO,MBCO,Mobile Broadcasting Corp,    139.7300 ,   35.6000 ,-,品川区||日本|jp,品川区,,日本,jp
MBRSC,Rashid Space Ctr,-,     55.3000 ,   25.2600 ,EIAST,ديرة|دبي|الإمارات العربية المتحدة|ae,ديرة,دبي,الإمارات العربية المتحدة,ae
MBS,MBS,-,      8.5400 ,   50.3300 ,-,Usingen|Hessen|Deutschland|de,Usingen,Hessen,Deutschland,de
MCDA,McDonnell,-,    -90.2000 ,   38.6300 ,-,Saint Louis|Missouri|United States of America|us,Saint Louis,Missouri,United States of America,us
MCI,MCI,-,    -77.0200 ,   38.9000 ,-,Washington|District of Columbia|United States of America|us,Washington,District of Columbia,United States of America,us
MCI2,MCI,-,    -77.0200 ,   38.9000 ,-,Washington|District of Columbia|United States of America|us,Washington,District of Columbia,United States of America,us
MCIW,MCI,-,    -77.0200 ,   38.9000 ,-,Washington|District of Columbia|United States of America|us,Washington,District of Columbia,United States of America,us
MCMU,McMaster U,-,    -79.9200 ,   43.2600 ,-,Hamilton|Ontario|Canada|ca,Hamilton,Ontario,Canada,ca
MCON,Mission Control,-,    -75.7200 ,   45.4100 ,-,Ottawa|Ontario|Canada|ca,Ottawa,Ontario,Canada,ca
MCSW,USSF MCSW,-,   -118.4100 ,   33.9200 ,AFSMC,El Segundo|California|United States of America|us,El Segundo,California,United States of America,us
MDA,MDA,-,    -77.0600 ,   38.8700 ,DOD,Arlington|Virginia|United States of America|us,Arlington,Virginia,United States of America,us
MDAC,MDAC-HB,McDonnell Douglas Astronautics/HB,   -118.0000 ,   33.6900 ,MDC,Huntington Beach|California|United States of America|us,Huntington Beach,California,United States of America,us
MDAIOC,MDA IOC,-,   -104.5200 ,   38.8000 ,MDA,|Colorado|United States of America|us,,Colorado,United States of America,us
MDAM,MDA Satellite,-,    -73.9500 ,   45.4000 ,MDABC,L'Île-Perrot|Québec|Canada|ca,L'Île-Perrot,Québec,Canada,ca
MDABC,MDA,-,   -123.1300 ,   49.1700 ,-,Richmond|British Columbia|Canada|ca,Richmond,British Columbia,Canada,ca
MDABC2,MDA,-,   -123.1300 ,   49.1700 ,-,Richmond|British Columbia|Canada|ca,Richmond,British Columbia,Canada,ca
MDARM,MDA Satellite,-,    -73.9500 ,   45.4000 ,MDASP,L'Île-Perrot|Québec|Canada|ca,L'Île-Perrot,Québec,Canada,ca
MDASL,MDA/St Louis,-,    -90.2000 ,   38.6300 ,MDC,Saint Louis|Missouri|United States of America|us,Saint Louis,Missouri,United States of America,us
MDASP,MDA,MDA Space,    -79.7700 ,   43.6800 ,-,Brampton|Ontario|Canada|ca,Brampton,Ontario,Canada,ca
MDATH,MDA/HSV,-,    -86.5900 ,   34.7300 ,MDA,Huntsville|Alabama|United States of America|us,Huntsville,Alabama,United States of America,us
MDAUK,MDA/UK,-,     -1.3100 ,   51.5800 ,MDAM,Vale of White Horse|England|United Kingdom|gb,Vale of White Horse,England,United Kingdom,gb
MDC,McDonnell Douglas,-,    -90.2000 ,   38.6300 ,-,Saint Louis|Missouri|United States of America|us,Saint Louis,Missouri,United States of America,us
MDD,MetD,Met Service of the DDR,     13.0700 ,   52.4000 ,-,Potsdam|Brandenburg|Deutschland|de,Potsdam,Brandenburg,Deutschland,de
MDDI,M.d. Difesa,Italian Defense Administration,     12.4900 ,   41.8900 ,-,Roma|Lazio|Italia|it,Roma,Lazio,Italia,it
MDHSV,MDA Huntsville,McDonnell Douglas/Huntsville,    -86.5900 ,   34.7300 ,MDC,Huntsville|Alabama|United States of America|us,Huntsville,Alabama,United States of America,us
MDPE,MOD Peru,Ministry of Defense of Peru,    -77.0300 ,  -12.0400 ,-,Lima|Lima|Perú|pe,Lima,Lima,Perú,pe
MDR,MDA Robotics,MDA Robotics,    -79.7700 ,   43.6800 ,MDABC,Brampton|Ontario|Canada|ca,Brampton,Ontario,Canada,ca
MDSSC,MDSSC,McDonnell Douglas/HB,   -118.0000 ,   33.6900 ,MDC,Huntington Beach|California|United States of America|us,Huntington Beach,California,United States of America,us
MEAS,Measat,Measat,    101.6600 ,    2.9200 ,-,Sepang|Selangor|Malaysia|my,Sepang,Selangor,Malaysia,my
MEGS,MegSat,Meggiorin Group,     10.2200 ,   45.5400 ,-,Brescia|Lombardia|Italia|it,Brescia,Lombardia,Italia,it
MEI,MEI,Moscow Power Engineering Institute,     37.6200 ,   55.7500 ,-,Москва|Москва|Россия|ru,Москва,Москва,Россия,ru
MEIHUA,Meishan Huantian,Meishan Huantian Smart Tech Co Ltd,    104.0500 ,   30.2500 ,-,视高街道|四川省|中国|cn,视高街道,四川省,中国,cn
MEISEI,Meisei Electric,Meisei Electric Co. Ltd,    139.6800 ,   35.6800 ,-,渋谷区||日本|jp,渋谷区,,日本,jp
MEIT,MEI Tech,-,    -95.3800 ,   29.7600 ,-,Houston|Texas|United States of America|us,Houston,Texas,United States of America,us
MEITAE,Aegis Aerospace,-,    -95.3800 ,   29.7600 ,AEGAE,Houston|Texas|United States of America|us,Houston,Texas,United States of America,us
MELB,U Melb.,Melbourne Uni./Australis,    144.9600 ,   37.7900 ,-,,,,,
MELCO,MELCO,Mitsubishi Electric Co.,    139.5500 ,   35.3200 ,-,鎌倉市||日本|jp,鎌倉市,,日本,jp
MELSP,Melbourne SP,Melbourne Space Program,    144.9600 ,   37.7900 ,MELB,,,,,
MESH,MESH,-,      2.2700 ,   48.8300 ,-,Paris|Île-de-France|France|fr,Paris,Île-de-France,France,fr
MESOS,Project MESOS,-,   -119.1100 ,   40.8700 ,-,|Nevada|United States of America|us,,Nevada,United States of America,us
METCA,Met Serv Ca,-,    -79.4900 ,   43.7300 ,-,Toronto|Ontario|Canada|ca,Toronto,Ontario,Canada,ca
METHS,MethaneSAT,-,    -74.0100 ,   40.7100 ,-,City of New York|New York|United States of America|us,City of New York,New York,United States of America,us
METI,METI,"Ministry of Economy, Trade and Industry",    139.7500 ,   35.6700 ,J,港区||日本|jp,港区,,日本,jp
METP,METP,Ministry of the Electrotechnical Industry,     37.6200 ,   55.7500 ,-,Москва|Москва|Россия|ru,Москва,Москва,Россия,ru
MEWTA,MEWTA,White Sands/MEWTA,   -106.3800 ,   32.4000 ,WSMR,|New Mexico|United States of America|us,,New Mexico,United States of America,us
MGON,MGON,Ministry of Geology and Conservation,     37.6200 ,   55.7500 ,-,Москва|Москва|Россия|ru,Москва,Москва,Россия,ru
MGONRU,MGON Russia,"Ministry of Geology and Conservation, Russia",     37.6200 ,   55.7500 ,-,Москва|Москва|Россия|ru,Москва,Москва,Россия,ru
MGU,MGU,Moscow State University,     37.6200 ,   55.7500 ,-,Москва|Москва|Россия|ru,Москва,Москва,Россия,ru
MGUS,MGU-Standart,MGU-Standard Company,     37.6200 ,   55.7500 ,-,Москва|Москва|Россия|ru,Москва,Москва,Россия,ru
MHB,MHB,Israeli Ministry of Defense,     34.7900 ,   32.0800 ,-,תל־אביב–יפו|מחוז תל אביב|ישראל|il,תל־אביב–יפו,מחוז תל אביב,ישראל,il
MHI,MHI,Mitsubishi Heavy Industries (Launch Services),    139.7500 ,   35.6600 ,-,港区||日本|jp,港区,,日本,jp
MHIKO,MHI Komaki,"MHI Aerospace Systems, Komaki Minami Plant",    136.9200 ,   35.2600 ,-,豊山町||日本|jp,豊山町,,日本,jp
MHIME,MHI Meiyu,MHI Guidance and Propulsion (Meiyo),    136.9200 ,   35.2600 ,-,豊山町||日本|jp,豊山町,,日本,jp
MHITO,MHI Tobishima,"MHI Aerospace Systems, Tobishima Plant",    136.7900 ,   35.0800 ,-,飛島村||日本|jp,飛島村,,日本,jp
MIAO,Miaoyue,"Zhejiang Miaoyue Aerospace Application Technology Co., Ltd.",    121.5300 ,   28.6400 ,-,椒江区|浙江省|中国|cn,椒江区,浙江省,中国,cn
MICOM,USAMICOM,-,    -86.6500 ,   34.6800 ,USA,|Alabama|United States of America|us,,Alabama,United States of America,us
MICORB,Micro Orbiter,Micro Orbiter Inc.,    139.7600 ,   35.6800 ,-,千代田区||日本|jp,千代田区,,日本,jp
MICRC,MicroCraft,-,    -86.2100 ,   35.3700 ,-,Tullahoma|Tennessee|United States of America|us,Tullahoma,Tennessee,United States of America,us
MICRCA,MicroCraft,-,    -86.2100 ,   35.3700 ,-,Tullahoma|Tennessee|United States of America|us,Tullahoma,Tennessee,United States of America,us
MICRC2,MicroCraft,-,    -86.2100 ,   35.3700 ,-,Tullahoma|Tennessee|United States of America|us,Tullahoma,Tennessee,United States of America,us
MICRL,MicroSat Ltd,-,     34.7800 ,   32.0700 ,-,תל־אביב–יפו|מחוז תל אביב|ישראל|il,תל־אביב–יפו,מחוז תל אביב,ישראל,il
MICROC,Microcosm Inc.,-,   -118.3500 ,   33.9200 ,-,Hawthorne|California|United States of America|us,Hawthorne,California,United States of America,us
MICSG,MicroSpace Rapid,-,    103.8000 ,    1.3000 ,-,Singapore||Singapore|sg,Singapore,,Singapore,sg
MICSP,Microspace,-,   -104.8800 ,   39.7600 ,-,Denver|Colorado|United States of America|us,Denver,Colorado,United States of America,us
MICSY,MicrosatSystems,-,   -105.0100 ,   39.6000 ,SIENV,Littleton|Colorado|United States of America|us,Littleton,Colorado,United States of America,us
MIEM,MIEM,Moscow Institute of Electronics and Mathematics,     37.6500 ,   55.7600 ,-,Москва|Москва|Россия|ru,Москва,Москва,Россия,ru
MIET,MIET,Moscow Institute of Electronic Technology,     37.2100 ,   55.9800 ,-,Зеленоград|Москва|Россия|ru,Зеленоград,Москва,Россия,ru
MIG,MiG,-,     37.5800 ,   55.7900 ,-,Москва|Москва|Россия|ru,Москва,Москва,Россия,ru
MIHS,Merritt I HS,-,    -80.7000 ,   28.3800 ,-,Merritt Island|Florida|United States of America|us,Merritt Island,Florida,United States of America,us
MILAN,Milano,University of Milan,      9.1900 ,   45.4600 ,-,Milano|Lombardia|Italia|it,Milano,Lombardia,Italia,it
MILANP,PoliMi,Polytechnic University of Milan,      9.2300 ,   45.4800 ,-,Milano|Lombardia|Italia|it,Milano,Lombardia,Italia,it
MILES,Miles Space,-,    -82.4800 ,   27.9700 ,-,Tampa|Florida|United States of America|us,Tampa,Florida,United States of America,us
MILJPO,Milsatcom,-,   -118.4100 ,   33.9200 ,AFSMC,El Segundo|California|United States of America|us,El Segundo,California,United States of America,us
MILLEI,Millenium EI,-,    -77.0800 ,   38.8800 ,-,Arlington|Virginia|United States of America|us,Arlington,Virginia,United States of America,us
MILLEN,Millenium SpSys,-,   -118.3400 ,   33.8300 ,-,Torrance|California|United States of America|us,Torrance,California,United States of America,us
MILLES,Millenium  ES,-,   -118.4100 ,   33.9200 ,MILLEN,El Segundo|California|United States of America|us,El Segundo,California,United States of America,us
MILTEC,Miltec,-,    -86.5900 ,   34.7300 ,-,Huntsville|Alabama|United States of America|us,Huntsville,Alabama,United States of America,us
MINCYT,MinCyT,Ministry of Science Technology and Productive Innovation,    -58.3800 ,  -34.6000 ,-,Buenos Aires|Ciudad Autónoma de Buenos Aires|Argentina|ar,Buenos Aires,Ciudad Autónoma de Buenos Aires,Argentina,ar
MINES,Mines ParisTech,-,      2.3000 ,   48.8600 ,-,Paris|Île-de-France|France|fr,Paris,Île-de-France,France,fr
MINHO,Minho U,University of Minho,     -8.4000 ,   41.5600 ,-,Braga||Portugal|pt,Braga,,Portugal,pt
MINICU,Quub,-,    -76.2000 ,   40.1600 ,-,Akron|Pennsylvania|United States of America|us,Akron,Pennsylvania,United States of America,us
MIRC,MissionRC,-,    -71.4600 ,   42.7600 ,-,Nashua|New Hampshire|United States of America|us,Nashua,New Hampshire,United States of America,us
MIRCO,MirCorp,-,      4.9000 ,   52.3700 ,-,Amsterdam|Noord-Holland|Nederland|nl,Amsterdam,Noord-Holland,Nederland,nl
MIREA,MIREA-RTU,MIREA Russian Technological University,     37.4800 ,   55.6700 ,-,Москва|Москва|Россия|ru,Москва,Москва,Россия,ru
MISIS,MISiS,National Univ. of Science and Tech. MISiS,     37.5800 ,   55.7900 ,-,Москва|Москва|Россия|ru,Москва,Москва,Россия,ru
MISU,MISU,Meteorological Institute Stockholm Univ.,     18.0600 ,   59.3700 ,STO,Stockholm||Sverige|se,Stockholm,,Sverige,se
MISUF,MISU,Meteorological Institute Stockholm Univ.,     18.0500 ,   59.3700 ,STO,Stockholm||Sverige|se,Stockholm,,Sverige,se
MIT,MIT,-,    -71.0900 ,   42.3600 ,-,Cambridge|Massachusetts|United States of America|us,Cambridge,Massachusetts,United States of America,us
MITLL,MIT-LL,-,    -71.2700 ,   42.4600 ,-,Lexington|Massachusetts|United States of America|us,Lexington,Massachusetts,United States of America,us
MITRE,MITRE,-,    -71.2800 ,   42.4900 ,-,Bedford|Massachusetts|United States of America|us,Bedford,Massachusetts,United States of America,us
MITSUI,Mitsui Bussan,Mitsui Bussan Aerospace Co. Ltd.,    139.7700 ,   35.6800 ,-,中央区||日本|jp,中央区,,日本,jp
MITT,MITT,Moscow Inst of Thermal Technology,     37.6000 ,   55.8600 ,-,Москва|Москва|Россия|ru,Москва,Москва,Россия,ru
MKA,NTTs MKA,NTTs Small Satellites,     93.5300 ,   56.2500 ,-,Железногорск|Красноярский край|Россия|ru,Железногорск,Красноярский край,Россия,ru
MKS,MKS,TinySat,     37.6200 ,   55.7500 ,-,Москва|Москва|Россия|ru,Москва,Москва,Россия,ru
MLS,MLS,-,    -60.9800 ,   45.3000 ,-,Dover|Nova Scotia|Canada|ca,Dover,Nova Scotia,Canada,ca
MM,Martin Marietta,-,   -104.8800 ,   39.7600 ,-,Denver|Colorado|United States of America|us,Denver,Colorado,United States of America,us
MMA,MMA,-,   -104.8800 ,   39.7600 ,MMD,Denver|Colorado|United States of America|us,Denver,Colorado,United States of America,us
MMAS,MM/East Windsor,-,    -74.5300 ,   40.2600 ,MM,Hightstown|New Jersey|United States of America|us,Hightstown,New Jersey,United States of America,us
MMCLS,MMCLS,-,   -117.1600 ,   32.7200 ,MM,San Diego|California|United States of America|us,San Diego,California,United States of America,us
MMD,MM/Denver,-,   -105.0100 ,   39.6000 ,MM,Littleton|Colorado|United States of America|us,Littleton,Colorado,United States of America,us
MMEW,MM/East Windsor,-,    -74.5300 ,   40.2600 ,MM,Hightstown|New Jersey|United States of America|us,Hightstown,New Jersey,United States of America,us
MMMI,MM/Michoud,-,    -89.9200 ,   30.0200 ,MM,New Orleans|Louisiana|United States of America|us,New Orleans,Louisiana,United States of America,us
MMO,MM/Orlando,-,    -81.3800 ,   28.5400 ,-,Orlando|Florida|United States of America|us,Orlando,Florida,United States of America,us
MMPCO,MM Pike Co,-,    -85.9700 ,   31.8100 ,LM,Troy|Alabama|United States of America|us,Troy,Alabama,United States of America,us
MMSD,MM/San Diego,-,   -117.1400 ,   32.8300 ,MM,San Diego|California|United States of America|us,San Diego,California,United States of America,us
MMSS,MMS/Stevenage,-,     -0.2000 ,   51.9000 ,-,Stevenage|England|United Kingdom|gb,Stevenage,England,United Kingdom,gb
MMST,MMS/Toulouse,-,      1.4700 ,   43.5600 ,-,Toulouse|Occitanie|France|fr,Toulouse,Occitanie,France,fr
MMSV,MMS/Velizy,-,      2.1800 ,   48.7800 ,-,Vélizy-Villacoublay|Île-de-France|France|fr,Vélizy-Villacoublay,Île-de-France,France,fr
MMVF,MM/Valley Forge,-,    -75.4700 ,   40.1000 ,MM,Schuylkill Township|Pennsylvania|United States of America|us,Schuylkill Township,Pennsylvania,United States of America,us
MNB,Moscow Narod.,-,     -0.0900 ,   51.5200 ,-,City of London|England|United Kingdom|gb,City of London,England,United Kingdom,gb
MNF,MeteoNat,-,      2.3000 ,   48.8600 ,-,Paris|Île-de-France|France|fr,Paris,Île-de-France,France,fr
MO,MO SSSR,USSR Ministry of Defense,     37.6200 ,   55.7500 ,-,Москва|Москва|Россия|ru,Москва,Москва,Россия,ru
MOD,UK MoD,-,     -0.1300 ,   51.5000 ,-,City of Westminster|England|United Kingdom|gb,City of Westminster,England,United Kingdom,gb
MOL,MOL,-,   -118.4100 ,   33.9200 ,AFSSD,El Segundo|California|United States of America|us,El Segundo,California,United States of America,us
MOLN,Molniya/Tushino,-,     37.4400 ,   55.8300 ,-,Москва|Москва|Россия|ru,Москва,Москва,Россия,ru
MOM,MOM,Ministry of General Machine Building,     37.6200 ,   55.7500 ,-,Москва|Москва|Россия|ru,Москва,Москва,Россия,ru
MOMENT,Momentus,-,   -121.9700 ,   37.3500 ,-,Santa Clara|California|United States of America|us,Santa Clara,California,United States of America,us
MOMR,MOM,Ministry of General Machine Building,     37.6200 ,   55.7500 ,-,Москва|Москва|Россия|ru,Москва,Москва,Россия,ru
MON,MON,Ministry of National Defence,     21.0300 ,   52.2100 ,-,Warszawa|województwo mazowieckie|Polska|pl,Warszawa,województwo mazowieckie,Polska,pl
MONBU,MONBUSHO,"Ministry of Education, Science and Culture",    139.7500 ,   35.6700 ,J,港区||日本|jp,港区,,日本,jp
MONKA,Monkasho (MEXT),"Ministry of Education, Culture, Sports, Science and Tech.",    139.7500 ,   35.6700 ,J,港区||日本|jp,港区,,日本,jp
MONTP,Montpellier,Montpellier University,      3.8600 ,   43.6300 ,-,Montpellier|Occitanie|France|fr,Montpellier,Occitanie,France,fr
MONTP2,Montpellier 2,Montpellier 2 University,      3.8600 ,   43.6300 ,-,Montpellier|Occitanie|France|fr,Montpellier,Occitanie,France,fr
MOOG,Moog,-,    -78.6200 ,   42.7700 ,-,East Aurora|New York|United States of America|us,East Aurora,New York,United States of America,us
MOOGC,Moog CSA,-,   -122.0800 ,   37.3900 ,MOOG,Mountain View|California|United States of America|us,Mountain View,California,United States of America,us
MOOGNF,Moog-ISP,-,    -79.0200 ,   43.1000 ,MOOG,City of Niagara Falls|New York|United States of America|us,City of Niagara Falls,New York,United States of America,us
MOOGW,Moog-ISP UK,-,     -0.9600 ,   51.8500 ,MOOG,Westcott|England|United Kingdom|gb,Westcott,England,United Kingdom,gb
MOOREF,Moore Fdn,-,   -122.1400 ,   37.4300 ,-,Palo Alto|California|United States of America|us,Palo Alto,California,United States of America,us
MORF,MO RF,Russian Ministry of Defense,     37.6200 ,   55.7500 ,-,Москва|Москва|Россия|ru,Москва,Москва,Россия,ru
MOTI,Motient,-,    -77.3500 ,   38.9500 ,-,Reston|Virginia|United States of America|us,Reston,Virginia,United States of America,us
MOTO,Motorola,-,   -111.8300 ,   33.3000 ,-,Chandler|Arizona|United States of America|us,Chandler,Arizona,United States of America,us
MOTOS,Motorostroitel,Motor Construction,     50.1400 ,   53.2000 ,-,Самара|Самарская область|Россия|ru,Самара,Самарская область,Россия,ru
MOZH,Mozhaiskiy,Mozhaiskiy Red Banner Military Space Engineering Institute,     30.3100 ,   59.9400 ,-,Санкт-Петербург|Санкт-Петербург|Россия|ru,Санкт-Петербург,Санкт-Петербург,Россия,ru
MOZHA,Mozhaiskiy,Mozhaiskiy Military Space Academy,     30.3100 ,   59.9400 ,-,Санкт-Петербург|Санкт-Петербург|Россия|ru,Санкт-Петербург,Санкт-Петербург,Россия,ru
MPA,Mongol. PA,Mongolian People's Army,    106.9200 ,   47.9200 ,-,Улан-Батор||Монгол улс ᠮᠤᠩᠭᠤᠯ ᠤᠯᠤᠰ|mn,Улан-Батор,,Монгол улс ᠮᠤᠩᠭᠤᠯ ᠤᠯᠤᠰ,mn
MPAE,MPAe,MPI Aeronomy,      9.6800 ,   47.5500 ,-,Lindau (Bodensee)|Bayern|Deutschland|de,Lindau (Bodensee),Bayern,Deutschland,de
MPE,MPE,-,     11.6500 ,   48.2500 ,-,Garching bei München|Bayern|Deutschland|de,Garching bei München,Bayern,Deutschland,de
MPIH,MPIH,-,      8.7200 ,   49.4200 ,-,Heidelberg|Baden-Württemberg|Deutschland|de,Heidelberg,Baden-Württemberg,Deutschland,de
MPIK,MPIK,-,      8.7200 ,   49.4200 ,-,Heidelberg|Baden-Württemberg|Deutschland|de,Heidelberg,Baden-Württemberg,Deutschland,de
MPIS,MPI-S,-,      9.6800 ,   47.5500 ,-,Lindau (Bodensee)|Bayern|Deutschland|de,Lindau (Bodensee),Bayern,Deutschland,de
MPRRU,MPR Russia,"Ministry of Natural Resources, Russia",     37.6200 ,   55.7500 ,-,Москва|Москва|Россия|ru,Москва,Москва,Россия,ru
MPRERU,MPRE Russia,"Ministry of Natural Resources and Ecology, Russia",     37.6200 ,   55.7500 ,-,Москва|Москва|Россия|ru,Москва,Москва,Россия,ru
MPSC,MPSC,-,    120.2300 ,   14.7900 ,-,Morong|Bataan|Philippines|ph,Morong,Bataan,Philippines,ph
MPSC1,MPSC,-,    120.2300 ,   14.7900 ,ABS,Morong|Bataan|Philippines|ph,Morong,Bataan,Philippines,ph
MPU,Moscow Polytech,Moscow Polytechnic University,     37.6200 ,   55.7500 ,-,Москва|Москва|Россия|ru,Москва,Москва,Россия,ru
MRI,MRI,-,    139.6200 ,   35.6800 ,JMA,杉並区||日本|jp,杉並区,,日本,jp
MRIC,MRIC,-,     57.8800 ,  -20.2400 ,-,||Mauritius / Maurice|mu,,,Mauritius / Maurice,mu
MRITS,MRI/Tsukuba,-,    140.0800 ,   36.0800 ,JMA,つくば市||日本|jp,つくば市,,日本,jp
MRN,MRN,-,   -106.3800 ,   32.4000 ,AWS,|New Mexico|United States of America|us,,New Mexico,United States of America,us
MSBTR,MSB,Turkish Ministry of National Defense,     32.8700 ,   39.9300 ,-,Ankara|Ankara|Türkiye|tr,Ankara,Ankara,Türkiye,tr
MSC,MSC,-,    -95.1200 ,   29.5600 ,NASA,Houston|Texas|United States of America|us,Houston,Texas,United States of America,us
MSCI,MSCI,-,    -79.6500 ,   43.6000 ,-,Mississauga|Ontario|Canada|ca,Mississauga,Ontario,Canada,ca
MSE,MSE,-,   -118.4100 ,   33.9200 ,AFSD,El Segundo|California|United States of America|us,El Segundo,California,United States of America,us
MSFC,NASA MSFC,-,    -86.6500 ,   34.6800 ,NASA,|Alabama|United States of America|us,,Alabama,United States of America,us
MSGC,Montana SGC,-,   -111.0500 ,   45.6700 ,MSU,Bozeman|Montana|United States of America|us,Bozeman,Montana,United States of America,us
MSSL,MSSL,-,     -0.3300 ,   51.2300 ,UCL,Mole Valley|England|United Kingdom|gb,Mole Valley,England,United Kingdom,gb
MSTIU,MSTI Uganda,-,     32.6100 ,    0.3500 ,-,Kampala Capital City|Central Region|Uganda|ug,Kampala Capital City,Central Region,Uganda,ug
MSU,MSU,-,   -111.0500 ,   45.6700 ,-,Bozeman|Montana|United States of America|us,Bozeman,Montana,United States of America,us
MSUKY,Morehead,-,    -83.4300 ,   38.1900 ,-,Morehead|Kentucky|United States of America|us,Morehead,Kentucky,United States of America,us
MSV,MSV,-,    -77.3500 ,   38.9500 ,MOTI/TMI,Reston|Virginia|United States of America|us,Reston,Virginia,United States of America,us
MSVCA,MSV Canada,-,    -75.6100 ,   45.4400 ,MSV,Ottawa|Ontario|Canada|ca,Ottawa,Ontario,Canada,ca
MSVYAZ,MSvyaz,Ministry of Comms. Union Radio Comms.,     37.6200 ,   55.7500 ,-,Москва|Москва|Россия|ru,Москва,Москва,Россия,ru
MTCIT,MTCIT Oman,-,     58.5500 ,   23.6000 ,-,|محافظة مسقط|عمان|om,,محافظة مسقط,عمان,om
MTF,NASA MTF,-,    -89.6000 ,   30.6200 ,NASA,|Mississippi|United States of America|us,,Mississippi,United States of America,us
MTHK,MTI,-,    -87.6800 ,   41.8400 ,-,Chicago|Illinois|United States of America|us,Chicago,Illinois,United States of America,us
MTU,MTU AE,-,    -88.5500 ,   47.1200 ,-,Houghton|Michigan|United States of America|us,Houghton,Michigan,United States of America,us
MTUSI,MTUSI,Moscow Tech. Univ. of Communications and Informatics,     37.7000 ,   55.7500 ,-,Москва|Москва|Россия|ru,Москва,Москва,Россия,ru
MUI,MUI,Hungarian Space Research Office,     19.0500 ,   47.4900 ,-,Budapest||Magyarország|hu,Budapest,,Magyarország,hu
MUKD,Muroran kodai,Muroran Institute of Tech,    141.0300 ,   42.3800 ,-,室蘭市||日本|jp,室蘭市,,日本,jp
MUMEI,Mumei Xingkong,Mumei Star Technology,    116.3000 ,   39.9600 ,-,海淀区|北京市|中国|cn,海淀区,北京市,中国,cn
MUNF,MU Newfoundland,-,    -52.7300 ,   47.5700 ,-,St. John's|Newfoundland and Labrador|Canada|ca,St. John's,Newfoundland and Labrador,Canada,ca
MUNIZ,Muniz Eng,-,    -95.3800 ,   29.7600 ,-,Houston|Texas|United States of America|us,Houston,Texas,United States of America,us
MUON,Muon Space,-,   -122.0800 ,   37.3900 ,-,Mountain View|California|United States of America|us,Mountain View,California,United States of America,us
MUST,MUST,Macau University of Science and Technology,    113.5700 ,   22.1500 ,-,澳門 Macau|澳門 Macau|中国|cn,澳門 Macau,澳門 Macau,中国,cn
MV7,MV 4U,Miinistry of Armaments 7th Directorate,     37.6200 ,   55.7500 ,-,Москва|Москва|Россия|ru,Москва,Москва,Россия,ru
MVD,MVD,Ministry of Internal Affairs,     37.6200 ,   55.7500 ,-,Москва|Москва|Россия|ru,Москва,Москва,Россия,ru
MVS,MVS,Miinistry of the Armed Forces,     37.6200 ,   55.7500 ,-,Москва|Москва|Россия|ru,Москва,Москва,Россия,ru
MVSM,VMS,-,     37.6200 ,   55.7500 ,-,Москва|Москва|Россия|ru,Москва,Москва,Россия,ru
MYA,Myasishchev,-,     38.1200 ,   55.6000 ,-,Жуковский|Московская область|Россия|ru,Жуковский,Московская область,Россия,ru
MYRI,Myriota,-,    138.6000 ,  -34.9300 ,-,Adelaide|South Australia|Australia|au,Adelaide,South Australia,Australia,au
MYRIC,Myriota Canada,-,    -79.3700 ,   43.7400 ,MYRI,Toronto|Ontario|Canada|ca,Toronto,Ontario,Canada,ca
MYSA,MYSA,Malaysian Space Agency,    101.6800 ,    3.1300 ,-,Sentral|Kuala Lumpur|Malaysia|my,Sentral,Kuala Lumpur,Malaysia,my
NAA,North American,-,   -118.3500 ,   33.9600 ,-,Inglewood|California|United States of America|us,Inglewood,California,United States of America,us
NAAA,NAA Aerophysics,-,   -118.3500 ,   33.9600 ,NAA,Inglewood|California|United States of America|us,Inglewood,California,United States of America,us
NAAD,NAA/Downey,-,   -118.1300 ,   33.9400 ,NAA,Downey|California|United States of America|us,Downey,California,United States of America,us
NAADR,NAA Propulsion,-,   -118.1300 ,   33.9400 ,NAAD,Downey|California|United States of America|us,Downey,California,United States of America,us
NAASB,NAA/Seal Beach,-,   -118.0800 ,   33.7600 ,NAA,Seal Beach|California|United States of America|us,Seal Beach,California,United States of America,us
NACA,NACA,-,    -77.0200 ,   38.9000 ,-,Washington|District of Columbia|United States of America|us,Washington,District of Columbia,United States of America,us
NACI,NACISA,-,      4.4200 ,   50.8900 ,NATO,Bruxelles - Brussel||België / Belgique / Belgien|be,Bruxelles - Brussel,,België / Belgique / Belgien,be
NADA,NADA,National Aerospace Development Administration,    125.7400 ,   39.0200 ,-,평양시||조선민주주의인민공화국|kp,평양시,,조선민주주의인민공화국,kp
NAFI,NAFI,-,    -86.1500 ,   39.7900 ,USN,Indianapolis|Indiana|United States of America|us,Indianapolis,Indiana,United States of America,us
NAG,Nagoya,Nagoya University,    136.9700 ,   35.1500 ,-,名古屋市||日本|jp,名古屋市,,日本,jp
NAHU,Nahuelsat,-,    -58.3800 ,  -34.6000 ,-,Buenos Aires|Ciudad Autónoma de Buenos Aires|Argentina|ar,Buenos Aires,Ciudad Autónoma de Buenos Aires,Argentina,ar
NAHUAR,AR-SAT (Nahuel),-,    -58.3800 ,  -34.6000 ,ARSAT,Buenos Aires|Ciudad Autónoma de Buenos Aires|Argentina|ar,Buenos Aires,Ciudad Autónoma de Buenos Aires,Argentina,ar
NAIC,USAF NAIC,-,    -84.0500 ,   39.8200 ,USAF,|Ohio|United States of America|us,,Ohio,United States of America,us
NAIR,U. Nairobi,-,     38.8200 ,   -1.2800 ,-,|Kitui|Kenya|ke,,Kitui,Kenya,ke
NAKA,Nakashimada Eng,Nakashimada Engineering Works Ltd.,    130.5500 ,   33.2300 ,-,八女市||日本|jp,八女市,,日本,jp
NAKD,NAKD,National Agency for Space Research,     27.5700 ,   53.9000 ,ANBEL,Мінск||Беларусь|by,Мінск,,Беларусь,by
NAMFI,NAMFI,-,     24.0200 ,   35.5200 ,NATO,Χανιά|Αποκεντρωμένη Διοίκηση Κρήτης|Ελλάς|gr,Χανιά,Αποκεντρωμένη Διοίκηση Κρήτης,Ελλάς,gr
NAMMO,Nammo,-,     10.6200 ,   60.7200 ,-,Raufoss||Norge|no,Raufoss,,Norge,no
NAMTC,NAMTC,-,   -119.1200 ,   34.1200 ,USN,|California|United States of America|us,,California,United States of America,us
NAL,NAL,-,    139.5400 ,   35.6500 ,-,調布市||日本|jp,調布市,,日本,jp
NANAV,NanoAvionics,-,     25.2700 ,   54.7500 ,-,Vilnius|Vilniaus apskritis|Lietuva|lt,Vilnius,Vilniaus apskritis,Lietuva,lt
NANAVU,NanoAvionics US,-,   -102.2100 ,   31.9400 ,NANAV,Midland|Texas|United States of America|us,Midland,Texas,United States of America,us
NANJID,Nanjing Jidian,Nanjing Institute of Mechatronic Technology,    120.8900 ,   31.9800 ,-,崇川区|江苏省|中国|cn,崇川区,江苏省,中国,cn
NANR,NanoRacks,-,    -95.3800 ,   29.7600 ,-,Houston|Texas|United States of America|us,Houston,Texas,United States of America,us
NANSFI,NanoSatisfi,-,   -122.4200 ,   37.7800 ,-,San Francisco|California|United States of America|us,San Francisco,California,United States of America,us
NANXI,Nanxinda,Nanjing Xinda Sat. Applications Research Inst.,    118.8100 ,   32.0400 ,-,秦淮区|江苏省|中国|cn,秦淮区,江苏省,中国,cn
NANYUE,Nanyue,Nanyue Aerospace Sci. and Tech Innovation Research Inst.,   -113.2600 ,   23.1300 ,-,,,,,
NANZ,Nantong ZH,Nantong Middle School,    120.8900 ,   31.9800 ,-,崇川区|江苏省|中国|cn,崇川区,江苏省,中国,cn
NAOJ,NAO,-,    139.5600 ,   35.6800 ,-,調布市||日本|jp,調布市,,日本,jp
NARAST,Nara Space,Nara Space Tech,    126.9700 ,   37.5700 ,-,서울특별시||대한민국|kr,서울특별시,,대한민국,kr
NARFU,NArFU,Lomonosov Northern (Arctic) Federal University,     40.5492 ,   64.5289 ,-,Архангельск|Архангельская область|Россия|ru,Архангельск,Архангельская область,Россия,ru
NARSS,NARSS,-,     31.2300 ,   30.0300 ,-,القاهرة|القاهرة|مصر|eg,القاهرة,القاهرة,مصر,eg
NASA,NASA,-,    -77.0200 ,   38.9000 ,-,Washington|District of Columbia|United States of America|us,Washington,District of Columbia,United States of America,us
NASAHQ,NASA HQ,-,    -77.0200 ,   38.9000 ,NASA,Washington|District of Columbia|United States of America|us,Washington,District of Columbia,United States of America,us
NASCOM,NASCOM,-,     58.5500 ,   23.6000 ,MTCIT,|محافظة مسقط|عمان|om,,محافظة مسقط,عمان,om
NASDA,NASDA,National Space Development Adminstration,    139.6800 ,   35.6900 ,-,中野区||日本|jp,中野区,,日本,jp
NASDM,NASDA MSSL,-,    139.6800 ,   35.6900 ,NASDA,中野区||日本|jp,中野区,,日本,jp
NASIC,NASIC,-,    -84.0500 ,   39.8200 ,USAF,|Ohio|United States of America|us,,Ohio,United States of America,us
NAST,NAST,-,     85.3200 ,   27.6500 ,-,ललितपुर|बागमती प्रदेश|नेपाल|np,ललितपुर,बागमती प्रदेश,नेपाल,np
NATC,NATC,-,    -76.4200 ,   38.3100 ,USN,Lexington Park|Maryland|United States of America|us,Lexington Park,Maryland,United States of America,us
NATO,NATO,-,      4.4200 ,   50.8900 ,-,Bruxelles - Brussel||België / Belgique / Belgien|be,Bruxelles - Brussel,,België / Belgique / Belgien,be
NAVAIR,USN NAVAIR,-,    -76.4200 ,   38.3100 ,USN,Lexington Park|Maryland|United States of America|us,Lexington Park,Maryland,United States of America,us
NAVAST,USN NAVASTROGRU,-,   -119.1200 ,   34.1200 ,USN,|California|United States of America|us,,California,United States of America,us
NAVIBD,Navi Beidou,Navi Beidou Info. Tech Co. Ltd.,    108.9400 ,   34.2600 ,-,碑林区|陕西省|中国|cn,碑林区,陕西省,中国,cn
NAVMAT,USN NAVMAT,-,    -77.0200 ,   38.9000 ,USN,Washington|District of Columbia|United States of America|us,Washington,District of Columbia,United States of America,us
NAVSEA,USN NAVSEA,-,    -77.0200 ,   38.9000 ,USN,Washington|District of Columbia|United States of America|us,Washington,District of Columbia,United States of America,us
NAVSPA,USN NAVSPACECOM,-,    -77.0500 ,   38.3400 ,USN,Dahlgren Center|Virginia|United States of America|us,Dahlgren Center,Virginia,United States of America,us
NAVSOC,USN NAVSOC,-,   -119.1200 ,   34.1200 ,NAVSPA,|California|United States of America|us,,California,United States of America,us
NAVSPOC,NAVSPOC,-,    -77.0500 ,   38.3400 ,NAVSPA,Dahlgren Center|Virginia|United States of America|us,Dahlgren Center,Virginia,United States of America,us
NAWC,NAWC,-,   -117.6900 ,   35.6900 ,USN,|California|United States of America|us,,California,United States of America,us
NAXS,NASA HQ-XS,-,    -77.0200 ,   38.9000 ,NASA,Washington|District of Columbia|United States of America|us,Washington,District of Columbia,United States of America,us
NBN,NBN,-,    144.9600 ,  -37.8100 ,AU,Melbourne|Victoria|Australia|au,Melbourne,Victoria,Australia,au
NBS,NBS,-,    -77.2300 ,   39.1300 ,DOC,Gaithersburg|Maryland|United States of America|us,Gaithersburg,Maryland,United States of America,us
NBSC,NBS,-,   -105.2700 ,   40.0100 ,NBS,Boulder|Colorado|United States of America|us,Boulder,Colorado,United States of America,us
NC3A,NC3A,-,      4.4200 ,   50.8900 ,NATO,Bruxelles - Brussel||België / Belgique / Belgien|be,Bruxelles - Brussel,,België / Belgique / Belgien,be
NCAR,NCAR,-,   -105.2700 ,   40.0100 ,NSF,Boulder|Colorado|United States of America|us,Boulder,Colorado,United States of America,us
NCHU,NCHU,Nanchang Hangkong (Aeronautics) Univ.,    115.8600 ,   28.6800 ,-,南昌市|江西省|中国|cn,南昌市,江西省,中国,cn
NCKU,NCKU,National Cheng Kung University,    120.2200 ,   23.0000 ,-,臺南市||臺灣|tw,臺南市,,臺灣,tw
NCSC,New Cairo,-,     31.5000 ,   30.0000 ,EGYSA,القاهرة|القاهرة|مصر|eg,القاهرة,القاهرة,مصر,eg
NCSIST,NCSIST,National Chung-Shan Institute of Science and Technology,    121.3100 ,   24.9900 ,-,桃園市||臺灣|tw,桃園市,,臺灣,tw
NCST,NCST,-,    -77.0200 ,   38.9000 ,NRL,Washington|District of Columbia|United States of America|us,Washington,District of Columbia,United States of America,us
NCU,NCU,-,    121.1900 ,   24.9700 ,-,桃園市||臺灣|tw,桃園市,,臺灣,tw
NDAWN,New Dawn,-,     57.5000 ,  -20.1600 ,INTELS,Port Louis|Port Louis|Mauritius / Maurice|mu,Port Louis,Port Louis,Mauritius / Maurice,mu
NDRE,NDRE,Norwegian Defense Research Establishment,     11.0300 ,   59.9800 ,-,Lillestrøm||Norge|no,Lillestrøm,,Norge,no
NEC,NEC,-,    139.5700 ,   35.5100 ,-,横浜市||日本|jp,横浜市,,日本,jp
NECST,NEC Space Tech,NEC Space Technology Co. Ltd.,    139.7000 ,   35.5200 ,-,川崎市||日本|jp,川崎市,,日本,jp
NECT,NEC Toshiba,NEC Toshiba Space,    139.7000 ,   35.5200 ,-,川崎市||日本|jp,川崎市,,日本,jp
NECTF,NEC Toshiba/Fuchu,-,    139.4800 ,   35.6700 ,NECT,府中市||日本|jp,府中市,,日本,jp
NECTKA,NEC Toshiba/Kamoi,-,    139.5700 ,   35.5100 ,NECT,横浜市||日本|jp,横浜市,,日本,jp
NECTKE,NEC Toshiba/Kei.,-,    139.7000 ,   35.5200 ,NECT,川崎市||日本|jp,川崎市,,日本,jp
NESC,ESSA NESC,-,    -76.9200 ,   38.8500 ,ESSA,Suitland|Maryland|United States of America|us,Suitland,Maryland,United States of America,us
NESCOM,NESCOM,-,     73.0700 ,   33.7200 ,-,بلیو ایریا|وفاقی دارالحکومت اسلام آباد|پاکستان|pk,بلیو ایریا,وفاقی دارالحکومت اسلام آباد,پاکستان,pk
NESCOMN,NESCOM-NDC,-,     72.6400 ,   33.5700 ,NESCOM,فتح جنگ|پنجاب|پاکستان|pk,فتح جنگ,پنجاب,پاکستان,pk
NESCOMP,NESCOM PMO,-,     70.6800 ,   28.6500 ,NESCOM,خانپور|پنجاب|پاکستان|pk,خانپور,پنجاب,پاکستان,pk
NESD,NOAA NESDIS,-,    -76.9200 ,   38.8500 ,NOAA,Suitland|Maryland|United States of America|us,Suitland,Maryland,United States of America,us
NESS,NOAA NESS,-,    -76.9200 ,   38.8500 ,NOAA,Suitland|Maryland|United States of America|us,Suitland,Maryland,United States of America,us
NETAA,Network Access,Network Access Associates Ltd.,      0.1300 ,   51.5000 ,ONEWEB,Greater London|England|United Kingdom|gb,Greater London,England,United Kingdom,gb
NEU,NEU,-,    -71.0900 ,   42.3400 ,-,Boston|Massachusetts|United States of America|us,Boston,Massachusetts,United States of America,us
NEWSAT,NewSat-USA,-,    -74.1300 ,   41.0300 ,-,Allendale|New Jersey|United States of America|us,Allendale,New Jersey,United States of America,us
NEWSAU,NewSat Australia,-,    144.9600 ,  -37.8100 ,-,Melbourne|Victoria|Australia|au,Melbourne,Victoria,Australia,au
NEXEYA,Nexeya,-,      1.4700 ,   43.5600 ,-,Toulouse|Occitanie|France|fr,Toulouse,Occitanie,France,fr
NEYRO,Neyro-Master,Neuro-Master,     39.9500 ,   43.4100 ,-,Сириус|Краснодарский край|Россия|ru,Сириус,Краснодарский край,Россия,ru
NFD,NFD,"Ministry of Trade, Industry and Fisheries",     10.7300 ,   59.9200 ,N,Oslo||Norge|no,Oslo,,Norge,no
NFU,NFU,National Formosa University,    120.4300 ,   23.7200 ,-,虎尾鎮||臺灣|tw,虎尾鎮,,臺灣,tw
NGA,NGA,-,    -77.1500 ,   38.7200 ,DOD,Fort Belvoir|Virginia|United States of America|us,Fort Belvoir,Virginia,United States of America,us
NGA1,NGA,-,    -77.1100 ,   38.9800 ,DOD,Bethesda|Maryland|United States of America|us,Bethesda,Maryland,United States of America,us
NGAA,NG AstroA,-,   -119.5200 ,   34.4000 ,NGST,Carpinteria|California|United States of America|us,Carpinteria,California,United States of America,us
NGAS,NGAS,-,   -118.3800 ,   33.8600 ,-,Redondo Beach|California|United States of America|us,Redondo Beach,California,United States of America,us
NGAZU,NG Azusa,-,   -117.9100 ,   34.1300 ,GTRC,Azusa|California|United States of America|us,Azusa,California,United States of America,us
NGCOM,Nigcomsat,-,      7.4800 ,    9.0700 ,-,Abuja|Federal Capital Territory|Nigeria|ng,Abuja,Federal Capital Territory,Nigeria,ng
NGIS,NGIS,-,    -77.4300 ,   39.0100 ,-,Sterling|Virginia|United States of America|us,Sterling,Virginia,United States of America,us
NGISABL,NGIS DSG WV,-,    -78.8300 ,   39.5600 ,OATK,|West Virginia|United States of America|us,,West Virginia,United States of America,us
NGISB,NGIS DSG,-,    -76.6200 ,   39.2800 ,OATK,Baltimore|Maryland|United States of America|us,Baltimore,Maryland,United States of America,us
NGISC,NGIS FSG,-,   -111.8300 ,   33.3000 ,OATK,Chandler|Arizona|United States of America|us,Chandler,Arizona,United States of America,us
NGISD,NGIS SSG,-,    -77.4300 ,   39.0100 ,NGIS,Sterling|Virginia|United States of America|us,Sterling,Virginia,United States of America,us
NGISE,NGIS DSG/Elkton,-,    -75.8300 ,   39.6100 ,NGIS,Elkton|Maryland|United States of America|us,Elkton,Maryland,United States of America,us
NGISG,NGIS DSG GASL,-,    -73.1300 ,   40.8100 ,NGIS,Brentwood|New York|United States of America|us,Brentwood,New York,United States of America,us
NGISGA,NGIS SSG Gilbert,-,   -111.7900 ,   33.3500 ,NGIS,Gilbert|Arizona|United States of America|us,Gilbert,Arizona,United States of America,us
NGISGO,NGIS SSG Goleta,-,   -119.8100 ,   34.4400 ,NGIS,Goleta|California|United States of America|us,Goleta,California,United States of America,us
NGISH,NGIS FSG Utah,-,   -111.9900 ,   40.6900 ,NGIS,West Valley City|Utah|United States of America|us,West Valley City,Utah,United States of America,us
NGISP,NGIS/Promonotory,-,   -112.5500 ,   41.6200 ,NGIS,|Utah|United States of America|us,,Utah,United States of America,us
NGISS,NGIS SSG Belt.,-,    -76.9200 ,   39.0400 ,NGIS,Beltsville|Maryland|United States of America|us,Beltsville,Maryland,United States of America,us
NGISW,NGIS Launch Sys,-,    -75.4900 ,   37.8400 ,NGIS,|Virginia|United States of America|us,,Virginia,United States of America,us
NGNW,NG NovaWorks,-,   -118.3800 ,   33.8600 ,NGST,Redondo Beach|California|United States of America|us,Redondo Beach,California,United States of America,us
NGST,NGST,-,   -118.3800 ,   33.8600 ,-,Redondo Beach|California|United States of America|us,Redondo Beach,California,United States of America,us
NHK,NHK,Japan Broadcasting Corp.,    139.6800 ,   35.6800 ,-,渋谷区||日本|jp,渋谷区,,日本,jp
NICP,NICP,Norwegian Institute for Cosmic Physics,     18.9400 ,   69.6800 ,-,Tromsø||Norge|no,Tromsø,,Norge,no
NICS,NICSMA,-,      4.4200 ,   50.8900 ,NATO,Bruxelles - Brussel||België / Belgique / Belgien|be,Bruxelles - Brussel,,België / Belgique / Belgien,be
NIHON,Nihon,-,    139.7400 ,   35.6900 ,-,千代田区||日本|jp,千代田区,,日本,jp
NII1,NII-1,-,     37.5000 ,   55.8700 ,-,Москва|Москва|Россия|ru,Москва,Москва,Россия,ru
NII1M,NII-1 Fil.,-,     60.7200 ,   58.0700 ,-,Нижняя Салда|Свердловская область|Россия|ru,Нижняя Салда,Свердловская область,Россия,ru
NII125,NII-125,-,     37.9300 ,   55.6700 ,-,Люберцы|Московская область|Россия|ru,Люберцы,Московская область,Россия,ru
NII6,NII-6,-,     37.6200 ,   55.6800 ,-,Москва|Москва|Россия|ru,Москва,Москва,Россия,ru
NII88,NII-88,-,     37.8200 ,   55.9300 ,-,Королёв|Московская область|Россия|ru,Королёв,Московская область,Россия,ru
NII88A,NII-88,-,     37.8200 ,   55.9300 ,-,Королёв|Московская область|Россия|ru,Королёв,Московская область,Россия,ru
NIIEM,NII EM,-,     36.8700 ,   55.9200 ,VNIEM,Истра|Московская область|Россия|ru,Истра,Московская область,Россия,ru
NIIKP,NII KP,Russian Institute for Space Device Engineering,     37.6900 ,   55.7700 ,-,Москва|Москва|Россия|ru,Москва,Москва,Россия,ru
NIIM,NIIMash,-,     60.7200 ,   58.0700 ,-,Нижняя Салда|Свердловская область|Россия|ru,Нижняя Салда,Свердловская область,Россия,ru
NIIP,NII P,Instute for Instrument Building,     37.6900 ,   55.7700 ,-,Москва|Москва|Россия|ru,Москва,Москва,Россия,ru
NIIPP,NIIPP,Institute for Precision Instrument Engineering,     37.6200 ,   55.7500 ,-,Москва|Москва|Россия|ru,Москва,Москва,Россия,ru
NPKSPP,AO NPK SPP,Institute for Precision Instrument Engineering,     37.6200 ,   55.7500 ,-,Москва|Москва|Россия|ru,Москва,Москва,Россия,ru
NIIRP,NIIRP,-,     37.5000 ,   55.8000 ,-,Москва|Москва|Россия|ru,Москва,Москва,Россия,ru
NIITP,NIITP,-,     37.5000 ,   55.8700 ,-,Москва|Москва|Россия|ru,Москва,Москва,Россия,ru
NIKEX,NIKE-X PO,-,    -86.6500 ,   34.6800 ,USA,|Alabama|United States of America|us,,Alabama,United States of America,us
NIKEZ,Nike-Zeus PO,-,    -86.6500 ,   34.6800 ,USAMC,|Alabama|United States of America|us,,Alabama,United States of America,us
NIKUS,Nikon,-,    -73.4100 ,   40.7900 ,-,Melville|New York|United States of America|us,Melville,New York,United States of America,us
NILE,Nilesat,-,     30.9100 ,   29.9400 ,ERTU,السادس من أكتوبر|الجيزة|مصر|eg,السادس من أكتوبر,الجيزة,مصر,eg
NIMA,NIMA,-,    -77.1100 ,   38.9800 ,DOD,Bethesda|Maryland|United States of America|us,Bethesda,Maryland,United States of America,us
NIMHB,-,"National Institute of Meteorology and Hydrology, Bulgarian A",     27.9500 ,   42.1000 ,-,Ахтопол|Бургас|България|bg,Ахтопол,Бургас,България,bg
NINGX,Ningxia Jingui,Ningxia Jingui Information Technology Co. Ltd.,    105.1800 ,   37.5100 ,-,沙坡头区|宁夏回族自治区|中国|cn,沙坡头区,宁夏回族自治区,中国,cn
NIPR,NIPR,National Institute for Polar Research,    139.6800 ,   35.7700 ,MONBU,板橋区||日本|jp,板橋区,,日本,jp
NIRFI,NIRFI,Research Radio Institute (Radiophysical Research Inst.),     44.0100 ,   56.3300 ,-,Нижний Новгород|Нижегородская область|Россия|ru,Нижний Новгород,Нижегородская область,Россия,ru
NISCA,NI Stem Charter,-,   -116.8800 ,   47.8100 ,-,Rathdrum|Idaho|United States of America|us,Rathdrum,Idaho,United States of America,us
NISS,Nissan Motor,-,    139.6200 ,   35.6800 ,NISSY,杉並区||日本|jp,杉並区,,日本,jp
NISST,Nissan,-,    138.8900 ,   36.2600 ,NISSY,富岡市||日本|jp,富岡市,,日本,jp
NISSY,Nissan,-,    139.6300 ,   35.4400 ,-,横浜市||日本|jp,横浜市,,日本,jp
NIST,NIST,-,    -77.2300 ,   39.1300 ,DOC,Gaithersburg|Maryland|United States of America|us,Gaithersburg,Maryland,United States of America,us
NISYS,OOO NIS,OOO New Intellectual Systems,     37.6700 ,   55.7300 ,-,Москва|Москва|Россия|ru,Москва,Москва,Россия,ru
NIUTN,Noorul Islam U,-,     77.5400 ,    8.0800 ,-,Kanyakumari|Tamil Nadu|India|in,Kanyakumari,Tamil Nadu,India,in
NIVR,NIVR,Netherlands Institute for Aeronautics and Spaceflight,      4.3600 ,   52.0100 ,-,Delft|Zuid-Holland|Nederland|nl,Delft,Zuid-Holland,Nederland,nl
NIWCP,NIWC Pacific,-,   -117.1600 ,   32.7200 ,SPAWAR,San Diego|California|United States of America|us,San Diego,California,United States of America,us
NJU,NJU,Nanjing University,    118.8500 ,   32.0300 ,-,玄武区|江苏省|中国|cn,玄武区,江苏省,中国,cn
NJUST,NJUST,Nanjing University of Science and Technology,    118.8500 ,   32.0300 ,-,玄武区|江苏省|中国|cn,玄武区,江苏省,中国,cn
NKAU,NKAU,Ukranian National Space Agency,     30.5200 ,   50.4500 ,-,Київ||Україна|ua,Київ,,Україна,ua
NKDSI,NK DSI,Defense Science Institute,    125.7400 ,   39.0200 ,-,평양시||조선민주주의인민공화국|kp,평양시,,조선민주주의인민공화국,kp
NKE,Dvigateli NK,NK Engines,     50.1400 ,   53.2000 ,-,Самара|Самарская область|Россия|ru,Самара,Самарская область,Россия,ru
NKO,NKO,People's Commissariat of Defense of the USSR,     37.6200 ,   55.7500 ,-,Москва|Москва|Россия|ru,Москва,Москва,Россия,ru
NLR,NLR,National Aerospace Lab,      4.9000 ,   52.3700 ,-,Amsterdam|Noord-Holland|Nederland|nl,Amsterdam,Noord-Holland,Nederland,nl
NMC,NMC,-,   -119.1200 ,   34.1200 ,USN,|California|United States of America|us,,California,United States of America,us
NMCOL,New Mex. Coll.,-,   -106.7500 ,   32.2800 ,-,|New Mexico|United States of America|us,,New Mexico,United States of America,us
NMIC,NMIC,-,     -1.0900 ,   50.8600 ,-,Winchester|England|United Kingdom|gb,Winchester,England,United Kingdom,gb
NMIT,NMIT Bangalore,-,     77.5900 ,   13.1300 ,-,Bengaluru|Karnataka|India|in,Bengaluru,Karnataka,India,in
NMOL,USN MOL FO,-,   -118.4100 ,   33.9200 ,USN,El Segundo|California|United States of America|us,El Segundo,California,United States of America,us
NMSA,NMSA,National Meteorological Service,    -66.8500 ,  -29.4100 ,-,La Rioja|La Rioja|Argentina|ar,La Rioja,La Rioja,Argentina,ar
NMSPA,NM Spaceport,-,   -106.7500 ,   32.2800 ,-,|New Mexico|United States of America|us,,New Mexico,United States of America,us
NMSU,NMSU,-,   -106.7500 ,   32.2800 ,-,|New Mexico|United States of America|us,,New Mexico,United States of America,us
NMTECH,New Mexico Tech,-,   -106.9100 ,   34.0700 ,-,Socorro|New Mexico|United States of America|us,Socorro,New Mexico,United States of America,us
NOAA,NOAA,-,    -76.9200 ,   38.8500 ,DOC,Suitland|Maryland|United States of America|us,Suitland,Maryland,United States of America,us
NOBY,Nobeyama,-,    138.4800 ,   35.9400 ,-,南牧村||日本|jp,南牧村,,日本,jp
NOL,NOL,-,    -76.9900 ,   39.0400 ,USN,White Oak|Maryland|United States of America|us,White Oak,Maryland,United States of America,us
NONAN,NovaNano,-,      4.8000 ,   45.8100 ,-,Saint-Didier-au-Mont-d'Or|Auvergne-Rhône-Alpes|France|fr,Saint-Didier-au-Mont-d'Or,Auvergne-Rhône-Alpes,France,fr
NORD,Nord,-,      2.4000 ,   47.0800 ,-,Bourges|Centre-Val de Loire|France|fr,Bourges,Centre-Val de Loire,France,fr
NORDS,SNCAN,-,      2.4000 ,   47.0800 ,-,Bourges|Centre-Val de Loire|France|fr,Bourges,Centre-Val de Loire,France,fr
NORDSP,NordSpace,-,    -79.2600 ,   43.8800 ,-,Markham|Ontario|Canada|ca,Markham,Ontario,Canada,ca
NORLM,Nord/LesM,-,      1.9200 ,   48.9900 ,NORD,Les Mureaux|Île-de-France|France|fr,Les Mureaux,Île-de-France,France,fr
NORSM,Nord/St-Medard,-,     -0.7200 ,   44.9000 ,SAFRAN,Saint-Médard-en-Jalles|Nouvelle-Aquitaine|France|fr,Saint-Médard-en-Jalles,Nouvelle-Aquitaine,France,fr
NORTH,Northrop,-,   -118.3500 ,   33.9200 ,-,Hawthorne|California|United States of America|us,Hawthorne,California,United States of America,us
NORTHC,Northrop Carolina,-,    -82.3900 ,   35.6000 ,NORTH,Swannanoa|North Carolina|United States of America|us,Swannanoa,North Carolina,United States of America,us
NORTHS,Northrop,-,   -118.3500 ,   33.9200 ,-,Hawthorne|California|United States of America|us,Hawthorne,California,United States of America,us
NOTS,NOTS,-,   -117.6900 ,   35.6900 ,USN,|California|United States of America|us,,California,United States of America,us
NOTT,U Nottingham,-,     -1.2000 ,   52.9400 ,-,City of Nottingham|England|United Kingdom|gb,City of Nottingham,England,United Kingdom,gb
NOVI,NOVI,-,    -77.0800 ,   38.8800 ,NRO,Arlington|Virginia|United States of America|us,Arlington,Virginia,United States of America,us
NOVSU,Novosibirsk SU,Novosibirsk State University,     83.0900 ,   54.8500 ,-,городской округ Новосибирск|Новосибирская область|Россия|ru,городской округ Новосибирск,Новосибирская область,Россия,ru
NOVTR,Novator,-,     60.5800 ,   56.8300 ,-,Екатеринбург|Свердловская область|Россия|ru,Екатеринбург,Свердловская область,Россия,ru
NPL,NPL,-,     77.2100 ,   28.6100 ,-,New Delhi||India|in,New Delhi,,India,in
NPOE,NPO Energiya,-,     37.8200 ,   55.9300 ,-,Королёв|Московская область|Россия|ru,Королёв,Московская область,Россия,ru
NPOL,Lavochkin,-,     37.4500 ,   55.9000 ,-,Химки|Московская область|Россия|ru,Химки,Московская область,Россия,ru
NPOLO,Lavochkin,-,     37.4500 ,   55.9000 ,ORKK,Химки|Московская область|Россия|ru,Химки,Московская область,Россия,ru
NPOMA,NPO Mash,-,     37.8700 ,   55.7500 ,-,Реутов|Московская область|Россия|ru,Реутов,Московская область,Россия,ru
NPOMAO,NPO Mash,-,     37.8700 ,   55.7500 ,ORKK,Реутов|Московская область|Россия|ru,Реутов,Московская область,Россия,ru
NPOPM,NPO PM,NPO Applied Mechanics,     93.5300 ,   56.2500 ,MOM,Железногорск|Красноярский край|Россия|ru,Железногорск,Красноярский край,Россия,ru
NPOPMR,NPO PM,NPO Applied Mechanics,     93.5300 ,   56.2500 ,FKA,Железногорск|Красноярский край|Россия|ru,Железногорск,Красноярский край,Россия,ru
NPOT,NPO Trud,-,     50.1400 ,   53.2000 ,-,Самара|Самарская область|Россия|ru,Самара,Самарская область,Россия,ru
NPUA,NPU Armenia,-,     44.5100 ,   40.1800 ,-,Երևան||Հայաստան|am,Երևան,,Հայաստան,am
NRCC,NRC,-,    -75.6800 ,   45.4200 ,-,Ottawa|Ontario|Canada|ca,Ottawa,Ontario,Canada,ca
NRL,NRL,-,    -77.0200 ,   38.9000 ,USN,Washington|District of Columbia|United States of America|us,Washington,District of Columbia,United States of America,us
NRLC,NRL/NRO Prog C,-,    -77.0200 ,   38.9000 ,USN,Washington|District of Columbia|United States of America|us,Washington,District of Columbia,United States of America,us
NRO,NRO,-,    -77.0200 ,   38.9000 ,-,Washington|District of Columbia|United States of America|us,Washington,District of Columbia,United States of America,us
NROC,NRO,-,    -77.4000 ,   38.8800 ,-,Greenbriar|Virginia|United States of America|us,Greenbriar,Virginia,United States of America,us
NROD,NRO Prog D,-,    -77.0800 ,   38.8800 ,NRO,Arlington|Virginia|United States of America|us,Arlington,Virginia,United States of America,us
NSA,NSA,-,    -76.7400 ,   39.1100 ,DOD,Fort Meade|Maryland|United States of America|us,Fort Meade,Maryland,United States of America,us
NSAB,NSAB,-,     18.0000 ,   59.3500 ,-,||Sverige|se,,,Sverige,se
NSC,NSC,Norwegian Space Agency,     10.7300 ,   59.9200 ,-,Oslo||Norge|no,Oslo,,Norge,no
NSDC,NSDC,-,    139.6800 ,   35.6900 ,STA,中野区||日本|jp,中野区,,日本,jp
NSF,NSF,-,    -77.0800 ,   38.8800 ,-,Arlington|Virginia|United States of America|us,Arlington,Virginia,United States of America,us
NSIL,New Space India,New Space India Ltd,     77.5800 ,   12.9800 ,-,Bengaluru|Karnataka|India|in,Bengaluru,Karnataka,India,in
NSL,NearSpaceLaunch,-,    -85.5000 ,   40.4700 ,-,Upland|Indiana|United States of America|us,Upland,Indiana,United States of America,us
NSLC,NSLComm,-,     34.9100 ,   31.9900 ,-,|מחוז המרכז|ישראל|il,,מחוז המרכז,ישראל,il
NSMC,CNMSC,National Satellite Meteorological Center,    116.3800 ,   39.9200 ,CMA,西城区|北京市|中国|cn,西城区,北京市,中国,cn
NSO,NSO,-,      4.3200 ,   52.0800 ,-,Den Haag|Zuid-Holland|Nederland|nl,Den Haag,Zuid-Holland,Nederland,nl
NSPO,NSPO,National Space Organization,    120.9800 ,   24.8200 ,-,新竹市||臺灣|tw,新竹市,,臺灣,tw
NSPT,NSPO,National Space Program Office,    120.9800 ,   24.8200 ,-,新竹市||臺灣|tw,新竹市,,臺灣,tw
NSRDA,NASRDA,-,      7.4800 ,    9.0700 ,-,Abuja|Federal Capital Territory|Nigeria|ng,Abuja,Federal Capital Territory,Nigeria,ng
NSROC,NSROC,-,    -75.4900 ,   37.8400 ,NASA,|Virginia|United States of America|us,,Virginia,United States of America,us
NSS,New Skies,-,      4.3200 ,   52.0800 ,-,Den Haag|Zuid-Holland|Nederland|nl,Den Haag,Zuid-Holland,Nederland,nl
NSSA,NSSA,-,   -118.4100 ,   33.9200 ,USN,El Segundo|California|United States of America|us,El Segundo,California,United States of America,us
NSTAR,NorthStar,-,    -73.9500 ,   45.4000 ,-,L'Île-Perrot|Québec|Canada|ca,L'Île-Perrot,Québec,Canada,ca
NSWCCR,NSWC Crane,-,    -86.8300 ,   38.8700 ,USN,|Indiana|United States of America|us,,Indiana,United States of America,us
NSWCPH,NSWC PHD,-,   -119.1900 ,   34.1600 ,USN,Port Hueneme|California|United States of America|us,Port Hueneme,California,United States of America,us
NSWCWS,NSWC PHD-WS,-,   -106.3800 ,   32.4000 ,USN,|New Mexico|United States of America|us,,New Mexico,United States of America,us
NTNF,NTNF,Norwegian Technical Research Council,     10.7300 ,   59.9200 ,-,Oslo||Norge|no,Oslo,,Norge,no
NTNU,NTNU,Norwegian U of Science and Technology,     10.4000 ,   63.4200 ,-,Trondheim||Norge|no,Trondheim,,Norge,no
NTOU,NTOU,National Taiwan Ocean University,    121.7800 ,   25.1500 ,-,基隆市||臺灣|tw,基隆市,,臺灣,tw
NTSOMZ,NTs OMZ,Research Center for Earth Operative Monitoring,     37.6200 ,   55.7500 ,FKA,Москва|Москва|Россия|ru,Москва,Москва,Россия,ru
NTT,NTT,Nippon Telephone and Telegraph Corp,    139.7500 ,   35.6900 ,-,千代田区||日本|jp,千代田区,,日本,jp
NTTP,NTT,Nippon Telephone and Telegraph Public Corp,    139.7500 ,   35.6900 ,NTT,千代田区||日本|jp,千代田区,,日本,jp
NTTDM,NTT DoMoCo,Nippon Telepone and Telegraph DoMoCo,    139.7500 ,   35.6900 ,NTT,千代田区||日本|jp,千代田区,,日本,jp
NTU,NTU,-,    103.6800 ,    1.3400 ,-,Singapore||Singapore|sg,Singapore,,Singapore,sg
NUAA,NUAA,Nanjing University of Aeronautics and Astronautics,    118.8100 ,   32.0400 ,-,秦淮区|江苏省|中国|cn,秦淮区,江苏省,中国,cn
NUC,NUC,North University of China,    112.4400 ,   38.0100 ,-,太原市|山西省|中国|cn,太原市,山西省,中国,cn
NUDTC,NUDT Changsha,National University of Defense Technology,    112.9400 ,   28.2300 ,-,岳麓区|湖南省|中国|cn,岳麓区,湖南省,中国,cn
NUM,NU Mongolia,National University of Mongolia,    106.9200 ,   47.9200 ,-,Улан-Батор||Монгол улс ᠮᠤᠩᠭᠤᠯ ᠤᠯᠤᠰ|mn,Улан-Батор,,Монгол улс ᠮᠤᠩᠭᠤᠯ ᠤᠯᠤᠰ,mn
NUS,NUS,National University of Singapore,    103.7800 ,    1.3000 ,-,Singapore||Singapore|sg,Singapore,,Singapore,sg
NUSC,NUSC,-,    -72.1000 ,   41.3600 ,USN,New London|Connecticut|United States of America|us,New London,Connecticut,United States of America,us
NUSHS,NUS High School,-,    103.7800 ,    1.3000 ,-,Singapore||Singapore|sg,Singapore,,Singapore,sg
NUSP,NuSpace,-,    103.8000 ,    1.3000 ,-,Singapore||Singapore|sg,Singapore,,Singapore,sg
NUSS,NUSS,Cabinet Space Strategy Office,    139.6800 ,   35.6800 ,-,渋谷区||日本|jp,渋谷区,,日本,jp
NVART,Nevada Mus Art,-,   -119.8200 ,   39.5300 ,-,Reno|Nevada|United States of America|us,Reno,Nevada,United States of America,us
NWC,NWC,-,   -117.6900 ,   35.6900 ,USN,|California|United States of America|us,,California,United States of America,us
NWNAZ,NW Nazarene,-,   -116.5700 ,   43.5600 ,-,Nampa|Idaho|United States of America|us,Nampa,Idaho,United States of America,us
NWO,NWO,Netherlands Organization for Scientific Research,      4.3200 ,   52.0800 ,-,Den Haag|Zuid-Holland|Nederland|nl,Den Haag,Zuid-Holland,Nederland,nl
NWPU,Xibei Gongda,Northwestern Polytechnical University,    108.9200 ,   34.2400 ,-,碑林区|陕西省|中国|cn,碑林区,陕西省,中国,cn
NWU,Northwestern,-,    -87.6700 ,   42.0500 ,-,Evanston|Illinois|United States of America|us,Evanston,Illinois,United States of America,us
NWURKS,NovaWurks,-,   -118.0600 ,   33.8000 ,-,Los Alamitos|California|United States of America|us,Los Alamitos,California,United States of America,us
NYBB2,NYBB II,-,    -74.0100 ,   40.7100 ,-,City of New York|New York|United States of America|us,City of New York,New York,United States of America,us
NYSH,NY Sat Holdings,-,    -73.8700 ,   40.7500 ,NYBB2,City of New York|New York|United States of America|us,City of New York,New York,United States of America,us
NYSI,NYSI,-,    -76.8900 ,   38.9900 ,-,Greenbelt|Maryland|United States of America|us,Greenbelt,Maryland,United States of America,us
NYU,NYU,-,    -74.0000 ,   40.7300 ,-,City of New York|New York|United States of America|us,City of New York,New York,United States of America,us
NYUAD,NYU Abu Dhabi,New York University Abu Dhabi,     54.4300 ,   24.5200 ,NYU,أبو ظبي|أبو ظبي|الإمارات العربية المتحدة|ae,أبو ظبي,أبو ظبي,الإمارات العربية المتحدة,ae
NZRA,NZRA,-,    175.0000 ,   37.6000 ,-,,,,,
O3B,O3B,-,     -2.1300 ,   49.2400 ,-,St John||Jersey|je,St John,,Jersey,je
O3BS,O3B SES,-,     -2.1300 ,   49.2400 ,SES,St John||Jersey|je,St John,,Jersey,je
OAKAE,Oakman,-,   -105.0100 ,   39.6000 ,-,Littleton|Colorado|United States of America|us,Littleton,Colorado,United States of America,us
OAR,USAF OAR,-,    -77.0200 ,   38.9000 ,USAF,Washington|District of Columbia|United States of America|us,Washington,District of Columbia,United States of America,us
OAR2,AFSC OAR,-,    -77.0200 ,   38.9000 ,AFSC,Washington|District of Columbia|United States of America|us,Washington,District of Columbia,United States of America,us
OAR3,AFSC,-,   -118.4100 ,   33.9200 ,AFSC,El Segundo|California|United States of America|us,El Segundo,California,United States of America,us
OAR4,AFSMC,-,   -118.4100 ,   33.9200 ,AFSMC,El Segundo|California|United States of America|us,El Segundo,California,United States of America,us
OATK,OATK,-,    -77.4300 ,   39.0100 ,-,Sterling|Virginia|United States of America|us,Sterling,Virginia,United States of America,us
OATKABL,OATK DSG WV,-,    -78.8300 ,   39.5600 ,OATK,|West Virginia|United States of America|us,,West Virginia,United States of America,us
OATKB,OATK DSG,-,    -76.6200 ,   39.2800 ,OATK,Baltimore|Maryland|United States of America|us,Baltimore,Maryland,United States of America,us
OATKC,OATK FSG,-,   -111.8300 ,   33.3000 ,OATK,Chandler|Arizona|United States of America|us,Chandler,Arizona,United States of America,us
OATKD,OATK SSG,-,    -77.4500 ,   38.9500 ,OATK,|Virginia|United States of America|us,,Virginia,United States of America,us
OATKE,OATK DSG/Elkton,-,    -75.8300 ,   39.6100 ,OATK,Elkton|Maryland|United States of America|us,Elkton,Maryland,United States of America,us
OATKG,OATK DSG GASL,-,    -73.1300 ,   40.1800 ,OATK,,,,,
OATKGA,OATK SSG Gilbert,-,   -111.7900 ,   33.3500 ,OATK,Gilbert|Arizona|United States of America|us,Gilbert,Arizona,United States of America,us
OATKGO,OATK SSG Goleta,-,   -119.8100 ,   34.4400 ,OATK,Goleta|California|United States of America|us,Goleta,California,United States of America,us
OATKH,OATK FSG Utah,-,   -111.9900 ,   40.6900 ,OATK,West Valley City|Utah|United States of America|us,West Valley City,Utah,United States of America,us
OATKP,OATK/Promonotory,-,   -112.5500 ,   41.6200 ,OATK,|Utah|United States of America|us,,Utah,United States of America,us
OATKS,OATK SSG Belt.,-,    -76.9200 ,   39.0400 ,OATK,Beltsville|Maryland|United States of America|us,Beltsville,Maryland,United States of America,us
OATKW,OATK Launch Sys,-,    -75.4800 ,   37.8300 ,OATK,|Virginia|United States of America|us,,Virginia,United States of America,us
OAZ,Omsk Av. Zav.,Omsk Aviation Plant,     73.3700 ,   54.9800 ,-,Омск|Омская область|Россия|ru,Омск,Омская область,Россия,ru
OCO,OCO,-,    -77.0200 ,   38.9000 ,USA,Washington|District of Columbia|United States of America|us,Washington,District of Columbia,United States of America,us
OCOS,Open Cosmos,-,     -1.2400 ,   51.6100 ,-,South Oxfordshire|England|United Kingdom|gb,South Oxfordshire,England,United Kingdom,gb
OCOSB,Open Cosmos,-,      2.1800 ,   41.3900 ,OCOS,Barcelona|Catalunya|España|es,Barcelona,Catalunya,España,es
ODU,ODU,-,    -76.3000 ,   36.8900 ,-,Norfolk|Virginia|United States of America|us,Norfolk,Virginia,United States of America,us
ODYSS,Odyssey SW,-,    -73.9500 ,   40.6800 ,-,City of New York|New York|United States of America|us,City of New York,New York,United States of America,us
OERL,Oerlikon Space,-,      8.5500 ,   47.3700 ,CONTR,Zürich|Zürich|Schweiz/Suisse/Svizzera/Svizra|ch,Zürich,Zürich,Schweiz/Suisse/Svizzera/Svizra,ch
OEWF,OeWF,Austrian Space Forum,     11.4300 ,   47.2700 ,-,Innsbruck|Tirol|Österreich|at,Innsbruck,Tirol,Österreich,at
OFAB,Orbit Fab,-,   -122.4200 ,   37.7800 ,-,San Francisco|California|United States of America|us,San Francisco,California,United States of America,us
OFO,OFO Bicycle,OFO Bicycle,    116.3800 ,   39.9200 ,-,西城区|北京市|中国|cn,西城区,北京市,中国,cn
OFX,Orbital Effects,-,    -83.7500 ,   42.2800 ,-,Ann Arbor|Michigan|United States of America|us,Ann Arbor,Michigan,United States of America,us
OGU,OGU,I.S. Turgenev Oryol State University,     36.0600 ,   52.9500 ,-,Орёл|Орловская область|Россия|ru,Орёл,Орловская область,Россия,ru
OHB,OHB,-,      8.8000 ,   53.0800 ,FUCHS,Bremen|Bremen|Deutschland|de,Bremen,Bremen,Deutschland,de
OHBSE,OHB-SE,-,     18.0000 ,   59.3500 ,OHB,||Sverige|se,,,Sverige,se
OHBI,OHB-I,-,      9.1800 ,   45.4700 ,OHB,Milano|Lombardia|Italia|it,Milano,Lombardia,Italia,it
OHIOU,Ohio U,-,    -82.1000 ,   39.3200 ,-,Athens|Ohio|United States of America|us,Athens,Ohio,United States of America,us
OIT,Osaka Inst.Tech,Osaka Inst. of Technology,    135.5400 ,   34.7300 ,-,大阪市||日本|jp,大阪市,,日本,jp
OKB1,OKB-1,-,     37.8200 ,   55.9300 ,-,Королёв|Московская область|Россия|ru,Королёв,Московская область,Россия,ru
OKB1F2,OKB-1 Fil. 2,-,     93.5300 ,   56.2500 ,-,Железногорск|Красноярский край|Россия|ru,Железногорск,Красноярский край,Россия,ru
OKB1F3,OKB-1 Fil. 3,-,     50.1400 ,   53.2000 ,-,Самара|Самарская область|Россия|ru,Самара,Самарская область,Россия,ru
OKB10,OKB-10,-,     93.5300 ,   56.2500 ,-,Железногорск|Красноярский край|Россия|ru,Железногорск,Красноярский край,Россия,ru
OKB16,Kazan OKB-16,-,     49.1100 ,   55.8000 ,NKE,Казань|Татарстан|Россия|ru,Казань,Татарстан,Россия,ru
OKB117,OKB-117,-,     30.3100 ,   59.9400 ,-,Санкт-Петербург|Санкт-Петербург|Россия|ru,Санкт-Петербург,Санкт-Петербург,Россия,ru
OKB154,OKB-154,Design Bureau No. 154,     39.2100 ,   51.6700 ,-,Воронеж|Воронежская область|Россия|ru,Воронеж,Воронежская область,Россия,ru
OKB2,OKB-2 Isaev,-,     37.8200 ,   55.9300 ,-,Королёв|Московская область|Россия|ru,Королёв,Московская область,Россия,ru
OKB23,OKB-23,-,     37.5000 ,   55.7500 ,-,Москва|Москва|Россия|ru,Москва,Москва,Россия,ru
OKB276,OKB-276,-,     50.1400 ,   53.2000 ,-,Самара|Самарская область|Россия|ru,Самара,Самарская область,Россия,ru
OKB456,OKB-456,-,     37.4500 ,   55.9000 ,-,Химки|Московская область|Россия|ru,Химки,Московская область,Россия,ru
OKB52,OKB-52,-,     37.8700 ,   55.7500 ,-,Реутов|Московская область|Россия|ru,Реутов,Московская область,Россия,ru
OKB52F1,OKB-52 Fil. 1,-,     37.5000 ,   55.7500 ,-,Москва|Москва|Россия|ru,Москва,Москва,Россия,ru
OKB586,OKB-586,Yangel KB,     34.9800 ,   48.4500 ,-,Дніпро|Дніпропетровська область|Україна|ua,Дніпро,Дніпропетровська область,Україна,ua
OKB586F1,OKB-586 Fil. 1,-,     73.3700 ,   54.9800 ,-,Омск|Омская область|Россия|ru,Омск,Омская область,Россия,ru
OKB9,OKB-9,-,     60.5800 ,   56.8300 ,-,Екатеринбург|Свердловская область|Россия|ru,Екатеринбург,Свердловская область,Россия,ru
OKBZ154,OKB Zav 154,Factory No. 154 Design Bureau,     39.2100 ,   51.6700 ,-,Воронеж|Воронежская область|Россия|ru,Воронеж,Воронежская область,Россия,ru
OKSU,OkSU,-,    -97.0600 ,   36.1200 ,-,Stillwater|Oklahoma|United States of America|us,Stillwater,Oklahoma,United States of America,us
OLIN,Olin,-,   -122.1200 ,   47.6700 ,-,Redmond|Washington|United States of America|us,Redmond,Washington,United States of America,us
OMID,Omid-e-Faza,SpaceOMID Co. LLC,     51.3900 ,   35.6900 ,-,شهر تهران|استان تهران|ایران|ir,شهر تهران,استان تهران,ایران,ir
OMLGM,RSA OML,-,    -86.6500 ,   34.6800 ,ORDRSA,|Alabama|United States of America|us,,Alabama,United States of America,us
OMNIE,OmniEarth,-,    -77.0600 ,   38.8700 ,-,Arlington|Virginia|United States of America|us,Arlington,Virginia,United States of America,us
OMNISP,OmniSpace,-,    -77.2300 ,   38.9200 ,-,Tysons|Virginia|United States of America|us,Tysons,Virginia,United States of America,us
OMNITQ,OmniTeq,-,    -97.9500 ,   30.3100 ,-,Bee Cave|Texas|United States of America|us,Bee Cave,Texas,United States of America,us
OMS,OMS,-,   -105.2200 ,   40.0200 ,-,Boulder|Colorado|United States of America|us,Boulder,Colorado,United States of America,us
OMSUK,OMS Harwell,-,     -1.3100 ,   51.5800 ,OMS,Vale of White Horse|England|United Kingdom|gb,Vale of White Horse,England,United Kingdom,gb
ONAFS,Onizuka AFS,-,   -122.0288 ,   37.4049 ,USAF,Sunnyvale|California|United States of America|us,Sunnyvale,California,United States of America,us
ONDAS,Ondas,-,     -3.7200 ,   40.3800 ,-,Madrid|Comunidad de Madrid|España|es,Madrid,Comunidad de Madrid,España,es
ONDO,ONDO Space,-,    106.9200 ,   47.9200 ,-,Улан-Батор||Монгол улс ᠮᠤᠩᠭᠤᠯ ᠤᠯᠤᠰ|mn,Улан-Батор,,Монгол улс ᠮᠤᠩᠭᠤᠯ ᠤᠯᠤᠰ,mn
ONERA,ONERA,-,      2.2900 ,   48.8000 ,-,Châtillon|Île-de-France|France|fr,Châtillon,Île-de-France,France,fr
ONEWEB,One Web,-,     -0.1300 ,   51.5000 ,-,City of Westminster|England|United Kingdom|gb,City of Westminster,England,United Kingdom,gb
ONEWEBE,Eut. One Web,-,     -0.1300 ,   51.5000 ,EUTSA,City of Westminster|England|United Kingdom|gb,City of Westminster,England,United Kingdom,gb
ONEWEBN,One Web (NAA),-,     -0.1300 ,   51.5000 ,-,City of Westminster|England|United Kingdom|gb,City of Westminster,England,United Kingdom,gb
ONEWUS,One Web,-,    -80.6000 ,   28.3900 ,-,Cape Canaveral|Florida|United States of America|us,Cape Canaveral,Florida,United States of America,us
ONI,ONI,-,    149.1300 ,  -35.2900 ,-,Canberra||Australia|au,Canberra,,Australia,au
ONM,USN ONM,-,    -77.0200 ,   38.9000 ,USN,Washington|District of Columbia|United States of America|us,Washington,District of Columbia,United States of America,us
ONR,ONR,-,    -77.0800 ,   38.8800 ,USN,Arlington|Virginia|United States of America|us,Arlington,Virginia,United States of America,us
ONRS,ONR SIO,-,   -117.2800 ,   32.8500 ,ONR,San Diego|California|United States of America|us,San Diego,California,United States of America,us
ONTNU,OrbitNTNU,-,     10.4000 ,   63.4200 ,NTNU,Trondheim||Norge|no,Trondheim,,Norge,no
ONUSJ,UN Cuyo-SanJuan,"Cuyo National Univ., San Juan",    -68.5800 ,  -31.5400 ,-,|San Juan|Argentina|ar,,San Juan,Argentina,ar
OPM,Meudon,-,      2.2400 ,   48.8100 ,-,Meudon||France|fr,Meudon,,France,fr
OPNAV,OPNAV,-,    -77.0200 ,   38.9000 ,USN,Washington|District of Columbia|United States of America|us,Washington,District of Columbia,United States of America,us
OPT,Optus,-,    151.2100 ,  -33.8700 ,-,Sydney|New South Wales|Australia|au,Sydney,New South Wales,Australia,au
OPTEVD,USN OPDEVFOR,-,    -76.3100 ,   36.9500 ,USN,Norfolk|Virginia|United States of America|us,Norfolk,Virginia,United States of America,us
OPTEV,USN OPTEVFOR,-,    -76.3100 ,   36.9500 ,USN,Norfolk|Virginia|United States of America|us,Norfolk,Virginia,United States of America,us
OPTS,SingTel Optus,-,    151.2100 ,  -33.8700 ,-,Sydney|New South Wales|Australia|au,Sydney,New South Wales,Australia,au
OPU,Osaka Pref. U.,Osaka Prefectural University,    135.5100 ,   34.5500 ,-,堺市||日本|jp,堺市,,日本,jp
OQT,OQ Tech,-,      6.5000 ,   49.7100 ,-,Oberbillig|Rheinland-Pfalz|Deutschland|de,Oberbillig,Rheinland-Pfalz,Deutschland,de
OQTR,OQ Tech Rwanda,-,     30.0600 ,   -1.9400 ,OQT,Kigali|Umujyi wa Kigali|Rwanda|rw,Kigali,Umujyi wa Kigali,Rwanda,rw
ORANGE,Orange S.A.,-,      2.3000 ,   48.8600 ,-,Paris|Île-de-France|France|fr,Paris,Île-de-France,France,fr
ORBAS,OrbAstro,-,     -1.3100 ,   51.5800 ,-,Vale of White Horse|England|United Kingdom|gb,Vale of White Horse,England,United Kingdom,gb
ORBC,Orbcomm,-,    -73.9700 ,   40.8500 ,-,Fort Lee|New Jersey|United States of America|us,Fort Lee,New Jersey,United States of America,us
ORBI,Orbimage,-,    -77.4300 ,   39.0100 ,-,Sterling|Virginia|United States of America|us,Sterling,Virginia,United States of America,us
ORBMAT,Orbital Matter,-,     21.0200 ,   52.2300 ,-,Warszawa|województwo mazowieckie|Polska|pl,Warszawa,województwo mazowieckie,Polska,pl
ORBSK,Orbital Sidekick,-,   -122.4200 ,   37.7800 ,-,San Francisco|California|United States of America|us,San Francisco,California,United States of America,us
ORBSKW,Orbital Space KW,-,     47.9800 ,   29.3700 ,-,المرقاب|محافظة العاصمة|الكويت|kw,المرقاب,محافظة العاصمة,الكويت,kw
ORBSP,Orbital Space,-,     55.3000 ,   25.2600 ,ORBSKW,ديرة|دبي|الإمارات العربية المتحدة|ae,ديرة,دبي,الإمارات العربية المتحدة,ae
ORBTEC,Orbitec,-,    -89.4000 ,   43.0700 ,-,Madison|Wisconsin|United States of America|us,Madison,Wisconsin,United States of America,us
OREN,Orenburg MZ,-,     55.1000 ,   51.7800 ,-,Оренбург|Оренбургская область|Россия|ru,Оренбург,Оренбургская область,Россия,ru
ORL,Orleans,-,      1.9300 ,   47.8500 ,-,Orléans|Centre-Val de Loire|France|fr,Orléans,Centre-Val de Loire,France,fr
ORD,USA OR,-,   -106.3800 ,   32.4000 ,OCO,|New Mexico|United States of America|us,,New Mexico,United States of America,us
ORDRSA,RSA OML,-,    -86.6500 ,   34.6800 ,OCO,|Alabama|United States of America|us,,Alabama,United States of America,us
ORI,Orion,-,    -77.1500 ,   39.0800 ,-,Rockville|Maryland|United States of America|us,Rockville,Maryland,United States of America,us
ORIAS,Orsay-IAS,-,      2.1900 ,   48.7000 ,-,Orsay|Île-de-France|France|fr,Orsay,Île-de-France,France,fr
ORISP,Orion Space,-,     85.4300 ,   27.6800 ,-,भक्तपुर|बागमती प्रदेश|नेपाल|np,भक्तपुर,बागमती प्रदेश,नेपाल,np
ORISS,Orion Space Sol.,-,   -105.1400 ,   39.9800 ,-,Louisville|Colorado|United States of America|us,Louisville,Colorado,United States of America,us
ORKK,ORKK,United Rocket-Space Corporation,     37.6200 ,   55.7500 ,-,Москва|Москва|Россия|ru,Москва,Москва,Россия,ru
ORORA,OroraTech,-,     11.5700 ,   48.1300 ,-,München|Bayern|Deutschland|de,München,Bayern,Deutschland,de
ORPA,ORPA,Aeronautics and Space Research Organization,    106.8200 ,   -6.2000 ,BRIN,Jakarta Pusat||Indonesia|id,Jakarta Pusat,,Indonesia,id
ORPH,Orbits Corp,-,    121.0500 ,   14.3800 ,-,Muntinlupa||Philippines|ph,Muntinlupa,,Philippines,ph
OSAKA,Osaka,Osaka University,    135.5300 ,   34.8200 ,-,茨木市||日本|jp,茨木市,,日本,jp
OSC,OSC-Fairfax,-,    -77.3000 ,   38.8500 ,-,Fairfax|Virginia|United States of America|us,Fairfax,Virginia,United States of America,us
OSCAR,OSCAR,-,   -121.9000 ,   37.3300 ,-,San Jose|California|United States of America|us,San Jose,California,United States of America,us
OSCC,OSC Chandler,-,   -111.8300 ,   33.3000 ,OSC,Chandler|Arizona|United States of America|us,Chandler,Arizona,United States of America,us
OSCD,OSC,-,    -77.4300 ,   39.0100 ,-,Sterling|Virginia|United States of America|us,Sterling,Virginia,United States of America,us
OSCG,OSC-Germantown,-,    -77.2700 ,   39.1800 ,OSC,Germantown|Maryland|United States of America|us,Germantown,Maryland,United States of America,us
OSCGA,OSC-Gilbert,-,   -111.7900 ,   33.3500 ,OSC,Gilbert|Arizona|United States of America|us,Gilbert,Arizona,United States of America,us
OSCM,OSC-McLean,-,    -77.1800 ,   38.9300 ,OSC,McLean|Virginia|United States of America|us,McLean,Virginia,United States of America,us
OSCV,OSC-Vienna,-,    -77.2700 ,   38.9000 ,OSC,Vienna|Virginia|United States of America|us,Vienna,Virginia,United States of America,us
OSCW,OSC Wallops,-,    -75.4900 ,   37.8400 ,OSC,|Virginia|United States of America|us,,Virginia,United States of America,us
OSLO,Oslo,Oslo University,     10.7200 ,   59.9400 ,-,Oslo||Norge|no,Oslo,,Norge,no
OSM,OSM,-,      7.4100 ,   43.7300 ,-,Monaco||Monaco|mc,Monaco,,Monaco,mc
OSN,OSN,-,   -122.0800 ,   37.3900 ,-,Mountain View|California|United States of America|us,Mountain View,California,United States of America,us
OSSI,OSSI,-,    126.9700 ,   37.5700 ,-,서울특별시||대한민국|kr,서울특별시,,대한민국,kr
OSSS,OSSS,-,   -111.9400 ,   41.1900 ,WEB,Ogden|Utah|United States of America|us,Ogden,Utah,United States of America,us
OSU,OSU,-,    -83.0100 ,   40.0000 ,-,Columbus|Ohio|United States of America|us,Columbus,Ohio,United States of America,us
OTEAM,OneTeam,-,    139.6800 ,   35.6600 ,-,目黒区||日本|jp,目黒区,,日本,jp
OTR,OTRAG,-,      9.1800 ,   48.7800 ,-,Stuttgart|Baden-Württemberg|Deutschland|de,Stuttgart,Baden-Württemberg,Deutschland,de
OTRG,OTRAG,-,     11.6500 ,   48.2500 ,-,Garching bei München|Bayern|Deutschland|de,Garching bei München,Bayern,Deutschland,de
OUTP,Outpost Tech,-,    -86.6500 ,   34.6800 ,-,|Alabama|United States of America|us,,Alabama,United States of America,us
OVHO,OverHorizon,-,     18.0000 ,   59.3500 ,-,Solna||Sverige|se,Solna,,Sverige,se
OVZON,Ovzon,-,     18.0000 ,   59.3500 ,-,Solna||Sverige|se,Solna,,Sverige,se
OX,Oxford,-,     -1.2500 ,   51.7600 ,-,Oxford|England|United Kingdom|gb,Oxford,England,United Kingdom,gb
PACSCI,PacSciEMC,-,   -111.8300 ,   33.3000 ,-,Chandler|Arizona|United States of America|us,Chandler,Arizona,United States of America,us
PAEC,PAEC,-,     73.0700 ,   33.7200 ,-,بلیو ایریا|وفاقی دارالحکومت اسلام آباد|پاکستان|pk,بلیو ایریا,وفاقی دارالحکومت اسلام آباد,پاکستان,pk
PAI,PAI,Polish Aviation Institute,     21.0200 ,   52.2300 ,-,Warszawa|województwo mazowieckie|Polska|pl,Warszawa,województwo mazowieckie,Polska,pl
PAN,Panamsat,-,    -73.4300 ,   41.2000 ,-,Wilton|Connecticut|United States of America|us,Wilton,Connecticut,United States of America,us
PANI,Panamsat,-,    -73.4300 ,   41.2000 ,INTELD,Wilton|Connecticut|United States of America|us,Wilton,Connecticut,United States of America,us
PARA,Paradigm,-,     -2.1900 ,   51.4300 ,-,Corsham|England|United Kingdom|gb,Corsham,England,United Kingdom,gb
PARAC,Paracom SA,-,    -58.3800 ,  -34.6000 ,-,Buenos Aires|Ciudad Autónoma de Buenos Aires|Argentina|ar,Buenos Aires,Ciudad Autónoma de Buenos Aires,Argentina,ar
PARD,PARD,-,    -75.4900 ,   37.8400 ,NACA,|Virginia|United States of America|us,,Virginia,United States of America,us
PARIS,Paris,-,      2.3000 ,   48.8600 ,-,Paris|Île-de-France|France|fr,Paris,Île-de-France,France,fr
PARST,Parsons Corp,-,   -118.3400 ,   33.8300 ,-,Torrance|California|United States of America|us,Torrance,California,United States of America,us
PASI,PASI,-,    121.0000 ,   14.5800 ,-,Manila||Philippines|ph,Manila,,Philippines,ph
PATIN,Patriot Info,-,    100.5200 ,   13.8500 ,-,เทศบาลนครนนทบุรี||ประเทศไทย|th,เทศบาลนครนนทบุรี,,ประเทศไทย,th
PATRAS,U Patras,University of Patras,     21.7300 ,   38.2500 ,-,"Δημοτική Ενότητα Πατρέων|Αποκεντρωμένη Διοίκηση Πελοποννήσου, Δυτικής Ελλάδας και Ιονίου|Ελλάς|gr",Δημοτική Ενότητα Πατρέων,"Αποκεντρωμένη Διοίκηση Πελοποννήσου, Δυτικής Ελλάδας και Ιονίου",Ελλάς,gr
PAU,Air University,-,     73.0200 ,   33.7100 ,-,اسلام آباد|وفاقی دارالحکومت اسلام آباد|پاکستان|pk,اسلام آباد,وفاقی دارالحکومت اسلام آباد,پاکستان,pk
PAVKH,Pavlograd,-,     35.8700 ,   48.5200 ,-,Павлоград|Дніпропетровська область|Україна|ua,Павлоград,Дніпропетровська область,Україна,ua
PEND,Pendrell,-,   -122.1900 ,   47.6900 ,-,Kirkland|Washington|United States of America|us,Kirkland,Washington,United States of America,us
PEOSS,USN PEO SS,-,   -117.1600 ,   32.7200 ,SPAWAR,San Diego|California|United States of America|us,San Diego,California,United States of America,us
PER,Perumtel,-,    106.8200 ,   -6.2000 ,-,Jakarta Pusat||Indonesia|id,Jakarta Pusat,,Indonesia,id
PERC,Chiba PERC,Planetary Exploration Research Center,    140.0300 ,   35.6800 ,CHIBA,習志野市||日本|jp,習志野市,,日本,jp
PERI,Perigee Aerospace,-,    127.4100 ,   36.3700 ,-,대전광역시||대한민국|kr,대전광역시,,대한민국,kr
PERM,KB Perm,-,     56.3200 ,   58.0000 ,-,Пермь|Пермский край|Россия|ru,Пермь,Пермский край,Россия,ru
PERM2,KB Perm,-,     56.3200 ,   58.0000 ,-,Пермь|Пермский край|Россия|ru,Пермь,Пермский край,Россия,ru
PERME,RPE,-,     -0.9600 ,   51.8500 ,MOD,Westcott|England|United Kingdom|gb,Westcott,England,United Kingdom,gb
PERVK,1-y Kanal,Channel One,     37.6100 ,   55.8200 ,-,Москва|Москва|Россия|ru,Москва,Москва,Россия,ru
PESU,PES Univ.,-,     77.5300 ,   12.9300 ,-,Bengaluru|Karnataka|India|in,Bengaluru,Karnataka,India,in
PFAB,Process Fab,-,   -118.0700 ,   33.9400 ,-,Santa Fe Springs|California|United States of America|us,Santa Fe Springs,California,United States of America,us
PFRR,PFRR,-,   -147.4700 ,   65.1200 ,UAF,|Alaska|United States of America|us,,Alaska,United States of America,us
PH4,Phase Four,-,   -118.4100 ,   33.9200 ,-,El Segundo|California|United States of America|us,El Segundo,California,United States of America,us
PHFO,Philco-Ford,-,   -117.9000 ,   33.6200 ,-,Newport Beach|California|United States of America|us,Newport Beach,California,United States of America,us
PHFP,Philco-Ford WDL,-,   -122.1400 ,   37.4300 ,PHFO,Palo Alto|California|United States of America|us,Palo Alto,California,United States of America,us
PHIL,Phillips,-,      5.4800 ,   51.4300 ,-,Eindhoven|Noord-Brabant|Nederland|nl,Eindhoven,Noord-Brabant,Nederland,nl
PHILR,Philips Rocket,-,    -97.4200 ,   31.4300 ,-,McGregor|Texas|United States of America|us,McGregor,Texas,United States of America,us
PHLO,Philco,-,   -117.9000 ,   33.6200 ,-,Newport Beach|California|United States of America|us,Newport Beach,California,United States of America,us
PHLP,Philco WDL,-,   -122.1400 ,   37.4300 ,PHLO,Palo Alto|California|United States of America|us,Palo Alto,California,United States of America,us
PICA,Picatinny Arsenal,-,    -74.5400 ,   40.9600 ,USA,Rockaway Township|New Jersey|United States of America|us,Rockaway Township,New Jersey,United States of America,us
PICO,Picosats,-,     13.7900 ,   45.6600 ,-,Trieste|Friuli-Venezia Giulia|Italia|it,Trieste,Friuli-Venezia Giulia,Italia,it
PIESAT,Hangtian Hongtu,PIESAT Information Technology Co. Ltd.,    116.3800 ,   39.9200 ,-,西城区|北京市|中国|cn,西城区,北京市,中国,cn
PIHM,PIHM,National Institute of Hydrology and Meteorology,     21.0200 ,   52.2300 ,-,Warszawa|województwo mazowieckie|Polska|pl,Warszawa,województwo mazowieckie,Polska,pl
PION,Pion,-,    -46.6300 ,  -23.5500 ,-,São Paulo|São Paulo|Brasil|br,São Paulo,São Paulo,Brasil,br
PITT,Pittsburgh,-,    -79.9500 ,   40.4400 ,-,Pittsburgh|Pennsylvania|United States of America|us,Pittsburgh,Pennsylvania,United States of America,us
PIXX,Pixxel,-,     77.5300 ,   12.9300 ,-,Bengaluru|Karnataka|India|in,Bengaluru,Karnataka,India,in
PKAFSC,PK ASAF,-,     73.0700 ,   33.7200 ,-,بلیو ایریا|وفاقی دارالحکومت اسلام آباد|پاکستان|pk,بلیو ایریا,وفاقی دارالحکومت اسلام آباد,پاکستان,pk
PKEL,Perkin-Elmer,-,    -73.4700 ,   41.4000 ,-,Danbury|Connecticut|United States of America|us,Danbury,Connecticut,United States of America,us
PKNDC,PK NDC,-,     72.6400 ,   33.5700 ,PAEC,فتح جنگ|پنجاب|پاکستان|pk,فتح جنگ,پنجاب,پاکستان,pk
PKPMO,PK PMO,-,     70.6800 ,   28.6500 ,PAEC,خانپور|پنجاب|پاکستان|pk,خانپور,پنجاب,پاکستان,pk
PKO,PKO,"Space Defence Force, USSR Armed Forces",     37.6200 ,   55.7500 ,PVO,Москва|Москва|Россия|ru,Москва,Москва,Россия,ru
PKU,Beijing Daxue,Peking University,    116.3000 ,   39.9900 ,-,海淀区|北京市|中国|cn,海淀区,北京市,中国,cn
PLA,PLA,Chinese People's Liberation Army,    116.3800 ,   39.9200 ,-,西城区|北京市|中国|cn,西城区,北京市,中国,cn
PLA2AC,PLA SAC,PLA Second Artillery Corps,    116.3800 ,   39.9200 ,PLA,西城区|北京市|中国|cn,西城区,北京市,中国,cn
PLAAF,PLA AF,PLA Air Force,    116.3800 ,   39.9200 ,-,西城区|北京市|中国|cn,西城区,北京市,中国,cn
PLABS,Planet Labs,-,   -122.4200 ,   37.7800 ,-,San Francisco|California|United States of America|us,San Francisco,California,United States of America,us
PLABSB,PlanetLabs Berlin,-,     12.5300 ,   52.4200 ,PLABS,Brandenburg an der Havel|Brandenburg|Deutschland|de,Brandenburg an der Havel,Brandenburg,Deutschland,de
PLABST,Terra Bella,-,   -122.0800 ,   37.3900 ,PLABS,Mountain View|California|United States of America|us,Mountain View,California,United States of America,us
PLAN,Planet,-,   -122.4200 ,   37.7800 ,-,San Francisco|California|United States of America|us,San Francisco,California,United States of America,us
PLANQ,PlanetiQ,-,    -77.1100 ,   38.9800 ,-,Bethesda|Maryland|United States of America|us,Bethesda,Maryland,United States of America,us
PLANS,PLA NSF,-,    120.3800 ,   36.0700 ,PLA,市南区|山东省|中国|cn,市南区,山东省,中国,cn
PLARF,PLA RF,PLA Rocket Forces,    116.3800 ,   39.9200 ,-,西城区|北京市|中国|cn,西城区,北京市,中国,cn
PLATZ,Platzi,-,   -122.4200 ,   37.7800 ,-,San Francisco|California|United States of America|us,San Francisco,California,United States of America,us
PLDS,PLD Space,-,     -0.6900 ,   38.2700 ,-,Elx / Elche|Comunitat Valenciana|España|es,Elx / Elche,Comunitat Valenciana,España,es
PLNSST,Plan-S,Plan-S Satellite and Space Technologies,     32.8700 ,   39.9300 ,-,Ankara|Ankara|Türkiye|tr,Ankara,Ankara,Türkiye,tr
PLNTM,Planetum,-,     14.4200 ,   50.0800 ,-,Hlavní město Praha|Praha|Česko|cz,Hlavní město Praha,Praha,Česko,cz
PLRES,Plan. Resources,-,   -122.1200 ,   47.6700 ,-,Redmond|Washington|United States of America|us,Redmond,Washington,United States of America,us
PLSYS,Payload Systems,-,    -71.0800 ,   42.3700 ,-,Cambridge|Massachusetts|United States of America|us,Cambridge,Massachusetts,United States of America,us
PMOD,PMOD,World Radiation Center,      9.8300 ,   46.8000 ,-,Davos|Graubünden/Grischun/Grigioni|Schweiz/Suisse/Svizzera/Svizra|ch,Davos,Graubünden/Grischun/Grigioni,Schweiz/Suisse/Svizzera/Svizra,ch
PMOOS,Patterson-Moos,-,    -73.7900 ,   40.7000 ,-,City of New York|New York|United States of America|us,City of New York,New York,United States of America,us
PMR,PMR,-,   -119.1200 ,   34.1200 ,USN,|California|United States of America|us,,California,United States of America,us
PMTC,PMTC,-,   -119.1200 ,   34.1200 ,USN,|California|United States of America|us,,California,United States of America,us
PMW146,USN PMW 146,-,   -117.1600 ,   32.7200 ,PEOSS,San Diego|California|United States of America|us,San Diego,California,United States of America,us
PNTV,PointView Tech,-,    -75.5500 ,   39.7500 ,FBK,Wilmington|Delaware|United States of America|us,Wilmington,Delaware,United States of America,us
POL,Polyot,-,     73.3700 ,   54.9800 ,FKA,Омск|Омская область|Россия|ru,Омск,Омская область,Россия,ru
POLA,Polaris,-,   -118.3500 ,   33.9200 ,-,Hawthorne|California|United States of America|us,Hawthorne,California,United States of America,us
POLK,Polyot,-,     73.3700 ,   54.9800 ,FKA,Омск|Омская область|Россия|ru,Омск,Омская область,Россия,ru
POLY,E.Polytechnique,-,      2.1700 ,   48.7300 ,-,Saclay||France|fr,Saclay,,France,fr
POUDR,POUDR,-,     -0.7200 ,   44.9000 ,-,Saint-Médard-en-Jalles|Nouvelle-Aquitaine|France|fr,Saint-Médard-en-Jalles,Nouvelle-Aquitaine,France,fr
POPACS,POPACS,-,   -104.8600 ,   39.0800 ,-,Monument|Colorado|United States of America|us,Monument,Colorado,United States of America,us
PORTO,U. Porto,University of Porto,     -8.6200 ,   41.1500 ,-,Porto||Portugal|pt,Porto,,Portugal,pt
PPARC,PPARC,-,     -1.7800 ,   51.5600 ,-,Swindon|England|United Kingdom|gb,Swindon,England,United Kingdom,gb
PRIMX,Primex,-,   -122.1200 ,   47.6700 ,-,Redmond|Washington|United States of America|us,Redmond,Washington,United States of America,us
PRIMVN,Primex (VN),-,   -118.4300 ,   34.1800 ,-,Los Angeles|California|United States of America|us,Los Angeles,California,United States of America,us
PRIN,Princeton,-,    -74.6600 ,   40.3500 ,-,Princeton|New Jersey|United States of America|us,Princeton,New Jersey,United States of America,us
PRINCE,Prince Motor,-,    139.6200 ,   35.6800 ,-,杉並区||日本|jp,杉並区,,日本,jp
PRIR,Priroda,-,     37.6200 ,   55.7500 ,GUGK,Москва|Москва|Россия|ru,Москва,Москва,Россия,ru
PRISMA,Prisma Elec.,Prisma Electronics,     25.8800 ,   40.8400 ,-,Αλεξανδρούπολη|Περιφέρεια Ανατολικής Μακεδονίας και Θράκης|Ελλάς|gr,Αλεξανδρούπολη,Περιφέρεια Ανατολικής Μακεδονίας και Θράκης,Ελλάς,gr
PRL,PRL,-,     72.5800 ,   23.0300 ,-,Ahmedabad|Gujarat|India|in,Ahmedabad,Gujarat,India,in
PRO,PRO,Missile Defense Force,     37.6200 ,   55.7500 ,PVO,Москва|Москва|Россия|ru,Москва,Москва,Россия,ru
PROG,Progress,Progress Factory,     50.1400 ,   53.2000 ,-,Самара|Самарская область|Россия|ru,Самара,Самарская область,Россия,ru
PROGT,TsSKB-Progress,CSDB-Progress Factory,     50.1400 ,   53.2000 ,TSSKBP,Самара|Самарская область|Россия|ru,Самара,Самарская область,Россия,ru
PROM,Promethee,-,      2.3000 ,   48.8600 ,-,Paris|Île-de-France|France|fr,Paris,Île-de-France,France,fr
PROTE,Proteus Space,-,   -118.2400 ,   34.0300 ,-,Los Angeles|California|United States of America|us,Los Angeles,California,United States of America,us
PROTO,ProtostarLtd,-,    -64.7800 ,   32.9300 ,-,,,,,
PROTS,Protostar,-,   -122.4200 ,   37.7800 ,PROTO,San Francisco|California|United States of America|us,San Francisco,California,United States of America,us
PSAS,Portland State,-,   -122.6900 ,   45.5100 ,-,Portland|Oregon|United States of America|us,Portland,Oregon,United States of America,us
PSC,PSC,-,    -77.0300 ,   39.0000 ,-,Silver Spring|Maryland|United States of America|us,Silver Spring,Maryland,United States of America,us
PSCI,PSI,-,    -71.1400 ,   42.6600 ,-,Andover|Massachusetts|United States of America|us,Andover,Massachusetts,United States of America,us
PSCR,PSC/RocketLab,-,    -77.0300 ,   39.0000 ,RLABU,Silver Spring|Maryland|United States of America|us,Silver Spring,Maryland,United States of America,us
PSN,PSN,-,    106.9900 ,   -6.2300 ,-,Bekasi|Jawa Barat|Indonesia|id,Bekasi,Jawa Barat,Indonesia,id
PSNS,PSNS,-,    106.9900 ,   -6.2300 ,PSN,Bekasi|Jawa Barat|Indonesia|id,Bekasi,Jawa Barat,Indonesia,id
PSNT,SNT,-,    106.9900 ,   -6.2300 ,PSN,Bekasi|Jawa Barat|Indonesia|id,Bekasi,Jawa Barat,Indonesia,id
PSRC,Pacific Sierra,-,    118.2500 ,   34.0500 ,-,宿豫区|江苏省|中国|cn,宿豫区,江苏省,中国,cn
PSU,PSU,-,    -77.8600 ,   40.7900 ,-,State College|Pennsylvania|United States of America|us,State College,Pennsylvania,United States of America,us
PSUA,Povitryani Sili,Ukrainian Air Force,     28.4800 ,   49.2300 ,-,Вінниця|Вінницька область|Україна|ua,Вінниця,Вінницька область,Україна,ua
PSYN,Physical Synth.,-,    -73.9900 ,   40.6900 ,-,City of New York|New York|United States of America|us,City of New York,New York,United States of America,us
PTS,Plan. Tr. Sys,-,     13.2000 ,   52.4000 ,-,Kleinmachnow|Brandenburg|Deutschland|de,Kleinmachnow,Brandenburg,Deutschland,de
PU,Puskovie Uslugi,-,     37.6200 ,   55.7500 ,-,Москва|Москва|Россия|ru,Москва,Москва,Россия,ru
PUCP,PUCP,Pontifical Catholic University of Peru,    -77.0800 ,  -12.0700 ,-,Lima|Lima|Perú|pe,Lima,Lima,Perú,pe
PUMPK,Pumpkin,-,   -122.4200 ,   37.7800 ,-,San Francisco|California|United States of America|us,San Francisco,California,United States of America,us
PURDUE,Purdue,-,    -86.9300 ,   40.4200 ,-,West Lafayette|Indiana|United States of America|us,West Lafayette,Indiana,United States of America,us
PUSTEK,PUSTEK,Center for Electronics Technology Aerospace Indonesia,    106.8200 ,   -6.2000 ,-,Jakarta Pusat||Indonesia|id,Jakarta Pusat,,Indonesia,id
PVO,PVO,-,     37.6200 ,   55.7500 ,-,Москва|Москва|Россия|ru,Москва,Москва,Россия,ru
PWAR,Pol. Warszawska,Warsaw University of Technology,     21.0200 ,   52.2300 ,-,Warszawa|województwo mazowieckie|Polska|pl,Warszawa,województwo mazowieckie,Polska,pl
PWCSD,PW CSD,-,   -121.9000 ,   37.3300 ,UTC2,San Jose|California|United States of America|us,San Jose,California,United States of America,us
PWFL,Pratt&Whitney,-,    -80.0600 ,   26.7100 ,UAC,West Palm Beach|Florida|United States of America|us,West Palm Beach,Florida,United States of America,us
PWRD,PW/Rocketdyne,-,   -118.6000 ,   34.2000 ,UTC2,Los Angeles|California|United States of America|us,Los Angeles,California,United States of America,us
PYRAS,Pyras Tech,-,    121.6400 ,   25.0600 ,-,新北市||臺灣|tw,新北市,,臺灣,tw
QB50,QB50,-,      4.3500 ,   50.7500 ,-,Alsemberg|Vlaams-Brabant|België / Belgique / Belgien|be,Alsemberg,Vlaams-Brabant,België / Belgique / Belgien,be
QBUS,QBUS,-,    -76.9000 ,   39.1700 ,-,|Maryland|United States of America|us,,Maryland,United States of America,us
QIANC,Qiandao Tansuo,Beijing Qiansheng Exploration Tech Co Ltd.,    116.3000 ,   39.9600 ,-,海淀区|北京市|中国|cn,海淀区,北京市,中国,cn
QILIAN,Qilian Reserve,Qilian Mountain National Nature Reserve Management Center,    100.4500 ,   39.9300 ,-,阿拉腾朝格苏木 ᠠᠯᠲᠠᠨᠴᠣᠭ ᠰᠤᠮᠤ|内蒙古自治区 ᠦᠪᠦᠷ ᠮᠣᠩᠭᠤᠯ ᠤᠨ ᠥᠪᠡᠷᠲᠡᠭᠡᠨ ᠵᠠᠰᠠᠬᠣ ᠣᠷᠣᠨ|中国|cn,阿拉腾朝格苏木 ᠠᠯᠲᠠᠨᠴᠣᠭ ᠰᠤᠮᠤ,内蒙古自治区 ᠦᠪᠦᠷ ᠮᠣᠩᠭᠤᠯ ᠤᠨ ᠥᠪᠡᠷᠲᠡᠭᠡᠨ ᠵᠠᠰᠠᠬᠣ ᠣᠷᠣᠨ,中国,cn
QINGSH,Qingshen Keji,Tsing Shen,    121.9200 ,   30.9000 ,-,浦东新区||中国|cn,浦东新区,,中国,cn
QINQ,Qinetiq,-,     -0.7500 ,   51.2900 ,-,Rushmoor|England|United Kingdom|gb,Rushmoor,England,United Kingdom,gb
QINS,Qinetiq Space,-,      4.3000 ,   51.1700 ,QINQ,Kruibeke|Oost-Vlaanderen|België / Belgique / Belgien|be,Kruibeke,Oost-Vlaanderen,België / Belgique / Belgien,be
QIZH,Qizhou Group,Qizhong Group,    116.3800 ,   39.9200 ,-,西城区|北京市|中国|cn,西城区,北京市,中国,cn
QMW,QMW,-,     -0.0400 ,   51.5200 ,-,Greater London|England|United Kingdom|gb,Greater London,England,United Kingdom,gb
QOSMO,Qosmosys,-,    103.7800 ,    1.3000 ,-,Singapore||Singapore|sg,Singapore,,Singapore,sg
QPS,QPS Labs,"QPS Laboratories Co, Ltd.",    130.4000 ,   33.5800 ,-,福岡市||日本|jp,福岡市,,日本,jp
QSP,QSpace,QSpace Technologies (Skolkovo),     37.3600 ,   55.7000 ,-,Москва|Москва|Россия|ru,Москва,Москва,Россия,ru
QTD,Qingteng daxue,Qingteng University,    113.9400 ,   22.5200 ,-,南山区|广东省|中国|cn,南山区,广东省,中国,cn
QTK,Qiyuan Taikong,Shenzhen Origin Space Tech. Co. Ltd.,    113.9400 ,   22.5200 ,-,南山区|广东省|中国|cn,南山区,广东省,中国,cn
QTT,QuanTuTong,Full Map Network Co.,    116.4900 ,   39.8000 ,-,大兴区|北京市|中国|cn,大兴区,北京市,中国,cn
QUAFI,QuakeFinder,-,   -122.1400 ,   37.4300 ,-,Palo Alto|California|United States of America|us,Palo Alto,California,United States of America,us
QUAT,Quaternion,Quaternion,    126.8800 ,   37.6000 ,-,고양시||대한민국|kr,고양시,,대한민국,kr
QUB,QUB,-,     -5.9300 ,   54.5800 ,-,Belfast|Northern Ireland / Tuaisceart Éireann|United Kingdom|gb,Belfast,Northern Ireland / Tuaisceart Éireann,United Kingdom,gb
QUETZ,Quetzsat,-,    -99.1300 ,   19.4300 ,-,Ciudad de México|Ciudad de México|México|mx,Ciudad de México,Ciudad de México,México,mx
QUK,Queens,-,    -76.5000 ,   44.2200 ,-,Kingston|Ontario|Canada|ca,Kingston,Ontario,Canada,ca
QUSP,Quantum Space,-,    -77.1200 ,   39.0600 ,-,Rockville|Maryland|United States of America|us,Rockville,Maryland,United States of America,us
R2SP,R2 Space,-,    -83.7400 ,   42.2800 ,-,Ann Arbor|Michigan|United States of America|us,Ann Arbor,Michigan,United States of America,us
RAAF,RAAF,-,    149.1200 ,  -35.3100 ,-,Canberra||Australia|au,Canberra,,Australia,au
RACE,RACE,-,      2.3000 ,   48.8600 ,-,Paris|Île-de-France|France|fr,Paris,Île-de-France,France,fr
RADI,RADI,"Institute of Remote Sensing and Digital Earth, CAS",    116.3000 ,   39.9600 ,-,海淀区|北京市|中国|cn,海淀区,北京市,中国,cn
RADS,Radiant Solutions,-,    -77.3900 ,   38.9700 ,MAXSI,Herndon|Virginia|United States of America|us,Herndon,Virginia,United States of America,us
RAE,RAE,-,     -0.7500 ,   51.2900 ,-,Rushmoor|England|United Kingdom|gb,Rushmoor,England,United Kingdom,gb
RAERPD,RAE RPD,-,     -0.9600 ,   51.8500 ,RAE,Westcott|England|United Kingdom|gb,Westcott,England,United Kingdom,gb
RAF,RAF,-,     -0.7500 ,   51.6300 ,-,High Wycombe|England|United Kingdom|gb,High Wycombe,England,United Kingdom,gb
RAFSPO,RAF Space Ops,-,     -0.7500 ,   51.6300 ,-,High Wycombe|England|United Kingdom|gb,High Wycombe,England,United Kingdom,gb
RAFL,Rafael,-,     34.9800 ,   32.8200 ,-,חיפה|מחוז חיפה|ישראל|il,חיפה,מחוז חיפה,ישראל,il
RAKA,RAKA,Russian Aviation and Space Agency,     37.6200 ,   55.7500 ,-,Москва|Москва|Россия|ru,Москва,Москва,Россия,ru
RAL,RAL,-,     -1.2900 ,   51.5700 ,SERC,Vale of White Horse|England|United Kingdom|gb,Vale of White Horse,England,United Kingdom,gb
RAPTEK,Rapidtek,-,    121.6400 ,   25.0600 ,-,新北市||臺灣|tw,新北市,,臺灣,tw
RAST,RAST,Radio Amateur Society of Thailand,    100.5200 ,   13.7500 ,-,กรุงเทพมหานคร||ประเทศไทย|th,กรุงเทพมหานคร,,ประเทศไทย,th
RATEKS,Rateks,-,     37.6200 ,   55.7500 ,-,Москва|Москва|Россия|ru,Москва,Москва,Россия,ru
RAYBL,Blue Canyon,-,   -105.2700 ,   40.0100 ,RAYTH,Boulder|Colorado|United States of America|us,Boulder,Colorado,United States of America,us
RAYES,Raytheon IIS,-,    -96.6400 ,   32.9100 ,RAYTH,Garland|Texas|United States of America|us,Garland,Texas,United States of America,us
RAYM,Raymond EL,-,    -72.6500 ,   41.5600 ,-,Middletown|Connecticut|United States of America|us,Middletown,Connecticut,United States of America,us
RAYHSV,Raytheon/HSV,-,    -86.5900 ,   34.7300 ,RAYTH,Huntsville|Alabama|United States of America|us,Huntsville,Alabama,United States of America,us
RAYMS,Raytheon MS,-,   -110.9300 ,   32.2200 ,RAYTH,Tucson|Arizona|United States of America|us,Tucson,Arizona,United States of America,us
RAYTH,Raytheon,-,    -71.4200 ,   42.3800 ,-,Sudbury|Massachusetts|United States of America|us,Sudbury,Massachusetts,United States of America,us
RBOW,Rainbow,-,    -73.5400 ,   40.7900 ,CABVS,Jericho|New York|United States of America|us,Jericho,New York,United States of America,us
RCA,RCA/East Windsor,-,    -74.5300 ,   40.2600 ,-,Hightstown|New Jersey|United States of America|us,Hightstown,New Jersey,United States of America,us
RCAF,RCAF,-,    -79.4500 ,   46.3000 ,-,North Bay|Ontario|Canada|ca,North Bay,Ontario,Canada,ca
RCAR,RCArtill,-,    -99.6300 ,   49.8000 ,-,CFB Shilo|Manitoba|Canada|ca,CFB Shilo,Manitoba,Canada,ca
RCAV,RCA Victor,-,    -73.5900 ,   45.4800 ,-,Montréal|Québec|Canada|ca,Montréal,Québec,Canada,ca
RDYNE,Rocketdyne,-,   -118.6000 ,   34.2000 ,NAA,Los Angeles|California|United States of America|us,Los Angeles,California,United States of America,us
RDYNM,Rocketdyne Solid,-,    -97.4200 ,   31.4300 ,RDYNE,McGregor|Texas|United States of America|us,McGregor,Texas,United States of America,us
RDYNN,Rocketdyne Neosho,-,    -94.3800 ,   36.8600 ,RDYNE,Neosho|Missouri|United States of America|us,Neosho,Missouri,United States of America,us
REAKT,Reaktor Space,-,     24.9400 ,   60.1700 ,-,Helsinki|Uusimaa|Suomi / Finland|fi,Helsinki,Uusimaa,Suomi / Finland,fi
REFLEX,Reflex,-,     13.5300 ,   52.4300 ,-,Berlin||Deutschland|de,Berlin,,Deutschland,de
RELSP,Relativity Space,-,   -118.2000 ,   33.7700 ,-,Long Beach|California|United States of America|us,Long Beach,California,United States of America,us
REP,Republic,-,    -73.4500 ,   40.7300 ,-,Village of Farmingdale|New York|United States of America|us,Village of Farmingdale,New York,United States of America,us
REPF,Fair. Republic,-,    -73.4500 ,   40.7300 ,FAIR,Village of Farmingdale|New York|United States of America|us,Village of Farmingdale,New York,United States of America,us
RESH,Resehetnev ISS,-,     93.5300 ,   56.2500 ,FKA,Железногорск|Красноярский край|Россия|ru,Железногорск,Красноярский край,Россия,ru
REYE,RapidEye AG,-,     12.5300 ,   52.4200 ,-,Brandenburg an der Havel|Brandenburg|Deutschland|de,Brandenburg an der Havel,Brandenburg,Deutschland,de
RGMS,Rosgidromet,-,     37.6200 ,   55.7500 ,-,Москва|Москва|Россия|ru,Москва,Москва,Россия,ru
RGRTU,RGRTU,Ryazan State Radiotechnical Univ.,     39.7000 ,   54.9000 ,-,|Рязанская область|Россия|ru,,Рязанская область,Россия,ru
RHEAUK,RHEA Group,-,     -1.3100 ,   51.5800 ,-,Vale of White Horse|England|United Kingdom|gb,Vale of White Horse,England,United Kingdom,gb
RHI,RHI SpA,-,     12.4900 ,   41.8900 ,-,Roma|Lazio|Italia|it,Roma,Lazio,Italia,it
RHODES,Rhodes College,-,    -89.9900 ,   35.1600 ,-,Memphis|Tennessee|United States of America|us,Memphis,Tennessee,United States of America,us
RICE,Rice,-,    -95.4000 ,   29.7200 ,-,Houston|Texas|United States of America|us,Houston,Texas,United States of America,us
RIKEN,RIKEN,-,    139.6100 ,   35.7800 ,-,和光市||日本|jp,和光市,,日本,jp
RIKK,Rikkyo,-,    139.7200 ,   35.7300 ,-,豊島区||日本|jp,豊島区,,日本,jp
RIMSAT,Rimsat,-,    -85.1400 ,   41.0800 ,-,Fort Wayne|Indiana|United States of America|us,Fort Wayne,Indiana,United States of America,us
RIT,RIT,-,    -77.6800 ,   43.0800 ,-,City of Rochester|New York|United States of America|us,City of Rochester,New York,United States of America,us
RIU,RIU,-,    -71.5300 ,   41.4800 ,-,South Kingstown|Rhode Island|United States of America|us,South Kingstown,Rhode Island,United States of America,us
RKA,RKA,-,     37.6200 ,   55.7500 ,-,Москва|Москва|Россия|ru,Москва,Москва,Россия,ru
RKKE,RKKE,-,     37.8200 ,   55.9300 ,FKA,Королёв|Московская область|Россия|ru,Королёв,Московская область,Россия,ru
RKS,RKS,Russian Space Systems,     37.6200 ,   55.7500 ,-,Москва|Москва|Россия|ru,Москва,Москва,Россия,ru
RLABLB,Rocket Lab,-,   -118.1100 ,   33.7800 ,RLABU,Long Beach|California|United States of America|us,Long Beach,California,United States of America,us
RLABN,Rocket Lab,-,    174.7800 ,  -36.8700 ,RLABU,Waitematā|Auckland|Aotearoa / New Zealand|nz,Waitematā,Auckland,Aotearoa / New Zealand,nz
RLABU,Rocket Lab,-,   -118.2500 ,   34.0500 ,-,Los Angeles|California|United States of America|us,Los Angeles,California,United States of America,us
RMAF,RMAF,Royal Moroccan Armed Forces,     -6.8500 ,   34.0100 ,-,Rabat ⵔⴱⴰⵟ الرباط||Maroc ⵍⵎⵖⵔⵉⴱ المغرب|ma,Rabat ⵔⴱⴰⵟ الرباط,,Maroc ⵍⵎⵖⵔⵉⴱ المغرب,ma
RMD,Thiokol-RMD,-,    -74.4900 ,   40.8900 ,-,Denville|New Jersey|United States of America|us,Denville,New Jersey,United States of America,us
RMI,RMI,-,    -74.4900 ,   40.8900 ,-,Denville|New Jersey|United States of America|us,Denville,New Jersey,United States of America,us
RMILD,RMI,-,    -74.5200 ,   40.9700 ,-,Rockaway Township|New Jersey|United States of America|us,Rockaway Township,New Jersey,United States of America,us
RMIPL,RMI,-,    -74.3100 ,   40.9600 ,-,Pequannock Township|New Jersey|United States of America|us,Pequannock Township,New Jersey,United States of America,us
RN,RN,-,     -4.8200 ,   56.0700 ,UKRN,Garelochhead|Alba / Scotland|United Kingdom|gb,Garelochhead,Alba / Scotland,United Kingdom,gb
RNAF,RNAF,"Royal Netherlands Air Force, Guided Missile Group",      5.9800 ,   51.5300 ,-,Venray|Limburg|Nederland|nl,Venray,Limburg,Nederland,nl
RNII,RNII,-,     37.5000 ,   55.8700 ,-,Москва|Москва|Россия|ru,Москва,Москва,Россия,ru
ROAF,RoAF,Romanian Air Force,     26.1000 ,   44.4300 ,-,București||România|ro,București,,România,ro
ROB,ROB,-,      4.3300 ,   50.8000 ,-,Uccle - Ukkel||België / Belgique / Belgien|be,Uccle - Ukkel,,België / Belgique / Belgien,be
ROBMS,Robertsville MS,-,    -84.2700 ,   36.0100 ,-,Oak Ridge|Tennessee|United States of America|us,Oak Ridge,Tennessee,United States of America,us
ROE,ROE,Jet Propulsion Science Research Institute,     -3.1900 ,   55.9200 ,-,City of Edinburgh|Alba / Scotland|United Kingdom|gb,City of Edinburgh,Alba / Scotland,United Kingdom,gb
ROHR,Rohr,-,   -117.0500 ,   32.6300 ,-,Chula Vista|California|United States of America|us,Chula Vista,California,United States of America,us
ROKN,ROKN,"Submarine Command, Republic of Korea Navy",    128.6300 ,   35.1500 ,-,창원시||대한민국|kr,창원시,,대한민국,kr
ROKSN,ROKETSAN,-,     32.8500 ,   39.9300 ,-,Altındağ|Ankara|Türkiye|tr,Altındağ,Ankara,Türkiye,tr
RORD,RO,-,     -0.9600 ,   51.8500 ,-,Westcott|England|United Kingdom|gb,Westcott,England,United Kingdom,gb
ROSAP,Roma La Sapienza,-,     12.5200 ,   41.9000 ,-,Roma|Lazio|Italia|it,Roma,Lazio,Italia,it
ROGAU,Roma GAUSS,-,     12.5200 ,   41.9000 ,ROSAP,Roma|Lazio|Italia|it,Roma,Lazio,Italia,it
ROGUE,Rogue Space,-,    -71.4700 ,   43.5300 ,-,Laconia|New Hampshire|United States of America|us,Laconia,New Hampshire,United States of America,us
ROISS,ISS-Romania,Institute of Space Science (Romania),     26.0700 ,   44.3900 ,-,București||România|ro,București,,România,ro
ROMSP,RomSpace,-,     26.0700 ,   44.3900 ,-,București||România|ro,București,,România,ro
ROSK,Roskosmos,-,     37.6200 ,   55.7500 ,-,Москва|Москва|Россия|ru,Москва,Москва,Россия,ru
ROSTO,ROSTO,-,     37.6200 ,   55.7500 ,-,Москва|Москва|Россия|ru,Москва,Москва,Россия,ru
ROWAN,Rowan University,-,    -75.1200 ,   39.7100 ,-,Glassboro|New Jersey|United States of America|us,Glassboro,New Jersey,United States of America,us
ROYAL,Royal Group,-,    104.9200 ,   11.5500 ,-,ខណ្ឌបឹងកេងកង|រាជធានីភ្នំពេញ|ព្រះរាជាណាចក្រ​កម្ពុជា|kh,ខណ្ឌបឹងកេងកង,រាជធានីភ្នំពេញ,ព្រះរាជាណាចក្រ​កម្ពុជា,kh
RPEW,PERME,-,     -0.9600 ,   51.8500 ,MOD,Westcott|England|United Kingdom|gb,Westcott,England,United Kingdom,gb
RPI,RPI,-,   -111.9400 ,   33.4100 ,-,Tempe|Arizona|United States of America|us,Tempe,Arizona,United States of America,us
RRC,RRC,-,   -122.1200 ,   47.6700 ,-,Redmond|Washington|United States of America|us,Redmond,Washington,United States of America,us
RRF,RRF FC,-,    -93.8200 ,   58.7300 ,AOMC,|Manitoba|Canada|ca,,Manitoba,Canada,ca
RRL,RRL,"Radio Research Laboratory, NTT",    140.6400 ,   35.9700 ,-,鹿嶋市||日本|jp,鹿嶋市,,日本,jp
RROY,Rolls-Royce,-,     -1.4700 ,   52.9200 ,-,Derby|England|United Kingdom|gb,Derby,England,United Kingdom,gb
RROYC,Rolls Royce (C),-,     -1.5100 ,   52.4100 ,-,Coventry|England|United Kingdom|gb,Coventry,England,United Kingdom,gb
RROYL,Rolls-Royce Leav.,-,     -0.4000 ,   51.7000 ,RROY,Watford|England|United Kingdom|gb,Watford,England,United Kingdom,gb
RRS,RRS,-,     -0.5700 ,   51.4800 ,SERC,Datchet|England|United Kingdom|gb,Datchet,England,United Kingdom,gb
RSAF,RSAF,Royal Saudi Air Force,     46.7200 ,   24.6300 ,-,الرياض|منطقة الرياض|السعودية|sa,الرياض,منطقة الرياض,السعودية,sa
RSC,RSC,-,    139.6800 ,   35.6800 ,-,渋谷区||日本|jp,渋谷区,,日本,jp
RSLP,SMC/RSLP,"USAF Space and Missile Center, Rocket Systems Launch Program",   -106.6100 ,   35.0400 ,AFSMC,Albuquerque|New Mexico|United States of America|us,Albuquerque,New Mexico,United States of America,us
RSP,Ryman Sat,RymanSat Project,    139.6800 ,   35.6800 ,-,渋谷区||日本|jp,渋谷区,,日本,jp
RSQ,RASCOMStar,RASCOM Star QAF,     57.5000 ,  -20.1600 ,I-RASC,Port Louis|Port Louis|Mauritius / Maurice|mu,Port Louis,Port Louis,Mauritius / Maurice,mu
RSRS,RSRS,-,     -0.5700 ,   51.4800 ,SERC,Datchet|England|United Kingdom|gb,Datchet,England,United Kingdom,gb
RTAF,RTAF,Royal Thai Air Force,    100.6100 ,   13.9100 ,-,กรุงเทพมหานคร||ประเทศไทย|th,กรุงเทพมหานคร,,ประเทศไทย,th
RTG,RTG,Space Technical Group,     18.0000 ,   59.3500 ,-,Solna||Sverige|se,Solna,,Sverige,se
RTX,RTX,-,    -71.4200 ,   42.3800 ,-,Sudbury|Massachusetts|United States of America|us,Sudbury,Massachusetts,United States of America,us
RUAF,RuAF,-,     37.6200 ,   55.7500 ,-,Москва|Москва|Россия|ru,Москва,Москва,Россия,ru
RUAG,RUAG Sweden,-,     15.6300 ,   58.4200 ,-,Linköping||Sverige|se,Linköping,,Sverige,se
RUAGZ,RUAG Zurich,-,      8.5500 ,   47.3700 ,RUAG,Zürich|Zürich|Schweiz/Suisse/Svizzera/Svizra|ch,Zürich,Zürich,Schweiz/Suisse/Svizzera/Svizra,ch
RUAGD,RUAG Decatur,-,    -86.9800 ,   34.6100 ,RUAG,Decatur|Alabama|United States of America|us,Decatur,Alabama,United States of America,us
RUL,Rutherford,-,     -1.2900 ,   51.5700 ,SERC,Vale of White Horse|England|United Kingdom|gb,Vale of White Horse,England,United Kingdom,gb
RVA,Rak. Voisk,"Rocket Forces and Artillery, Russia",     37.6200 ,   55.7500 ,-,Москва|Москва|Россия|ru,Москва,Москва,Россия,ru
RVSN,RVSN,Strategic Rocket Forces,     37.6200 ,   55.7500 ,MO,Москва|Москва|Россия|ru,Москва,Москва,Россия,ru
RVSNR,RVSN RF,Russian Strategic Rocket Forces,     37.6200 ,   55.7500 ,MORF,Москва|Москва|Россия|ru,Москва,Москва,Россия,ru
RWI,RWI/Palmdale,-,   -118.1000 ,   34.5800 ,-,Palmdale|California|United States of America|us,Palmdale,California,United States of America,us
RWID,Rockwell/Downey,-,   -118.1300 ,   33.9400 ,-,Downey|California|United States of America|us,Downey,California,United States of America,us
RWISB,Rockwell/SB,-,   -118.0800 ,   33.7600 ,-,Seal Beach|California|United States of America|us,Seal Beach,California,United States of America,us
RWMTI,Rwanda MTI,-,     30.0600 ,   -1.9400 ,-,Kigali|Umujyi wa Kigali|Rwanda|rw,Kigali,Umujyi wa Kigali,Rwanda,rw
S2086,GBOU Shkola 2086,Moscow State Secondary General School 2086,     37.6200 ,   55.7500 ,-,Москва|Москва|Россия|ru,Москва,Москва,Россия,ru
S29POD,Shk. 29 Podol'sk,Podol'sk School No. 29,     37.5400 ,   55.4300 ,-,Подольск|Московская область|Россия|ru,Подольск,Московская область,Россия,ru
S7,S7 Space,-,     37.6200 ,   55.7500 ,-,Москва|Москва|Россия|ru,Москва,Москва,Россия,ru
S801,801st RI,801st Research Institute,    121.4700 ,   31.2300 ,-,上海市|上海市|中国|cn,上海市,上海市,中国,cn
S394I,SAC 394ITMS,-,   -120.6100 ,   34.7500 ,USAF,|California|United States of America|us,,California,United States of America,us
S4300,SAC 4300SS,-,   -120.6100 ,   34.7500 ,USAF,|California|United States of America|us,,California,United States of America,us
SAAB,SAAB,Swedish Aeroplane Co.,     15.6300 ,   58.4200 ,-,Linköping||Sverige|se,Linköping,,Sverige,se
SAABE,Saab Space,-,     15.6300 ,   58.4200 ,-,Linköping||Sverige|se,Linköping,,Sverige,se
SAABS,SAAB-SCANIA,-,     15.6300 ,   58.4200 ,-,Linköping||Sverige|se,Linköping,,Sverige,se
SAABSA,Saab Ericsson,-,     15.6300 ,   58.4200 ,-,Linköping||Sverige|se,Linköping,,Sverige,se
SAABSP,Saab Space,-,     15.6300 ,   58.4200 ,-,Linköping||Sverige|se,Linköping,,Sverige,se
SAAF,SAAF,-,     28.1900 ,  -25.8600 ,-,Centurion|Gauteng|South Africa|za,Centurion,Gauteng,South Africa,za
SABCZ,SAB Aerospace,-,     16.5800 ,   49.2300 ,-,Brno|Jihovýchod|Česko|cz,Brno,Jihovýchod,Česko,cz
SABCA,SABCA,-,      4.4200 ,   50.8900 ,-,Bruxelles - Brussel||België / Belgique / Belgien|be,Bruxelles - Brussel,,België / Belgique / Belgien,be
SAC,SAC,-,    -96.0000 ,   41.2500 ,USAF,Omaha|Nebraska|United States of America|us,Omaha,Nebraska,United States of America,us
SAFRAN,SAFRAN,-,      2.4300 ,   48.6200 ,-,Évry||France|fr,Évry,,France,fr
SAFSC,SAFSCOM,-,    -86.6500 ,   34.6800 ,USA,|Alabama|United States of America|us,,Alabama,United States of America,us
SAFSP,SAFSP,-,   -118.4100 ,   33.9200 ,NRO,El Segundo|California|United States of America|us,El Segundo,California,United States of America,us
SAIC,SAIC,-,   -117.2800 ,   32.8500 ,-,San Diego|California|United States of America|us,San Diego,California,United States of America,us
SAICV,SAIC,-,    -77.1800 ,   38.9300 ,-,McLean|Virginia|United States of America|us,McLean,Virginia,United States of America,us
SAIUS,Space AI,-,   -122.4200 ,   37.7800 ,-,San Francisco|California|United States of America|us,San Francisco,California,United States of America,us
SAMSB,SAMSO (BSD),-,   -117.2400 ,   34.1000 ,USAF,San Bernardino|California|United States of America|us,San Bernardino,California,United States of America,us
SAMSO,SAMSO,-,   -118.4100 ,   33.9200 ,USAF,El Segundo|California|United States of America|us,El Segundo,California,United States of America,us
SAMX,Satmex,-,    -99.2200 ,   19.4400 ,-,Ciudad de México|Ciudad de México|México|mx,Ciudad de México,Ciudad de México,México,mx
SAND,Sandia,-,   -106.6100 ,   35.1100 ,DOE,Albuquerque|New Mexico|United States of America|us,Albuquerque,New Mexico,United States of America,us
SANDF,SANDF,-,     28.1900 ,  -25.7500 ,-,Pretoria|Gauteng|South Africa|za,Pretoria,Gauteng,South Africa,za
SANH,Sanders,-,    -71.4600 ,   42.7600 ,-,Nashua|New Hampshire|United States of America|us,Nashua,New Hampshire,United States of America,us
SANHL,Lockheed-Sanders,-,    -71.4600 ,   42.7600 ,-,Nashua|New Hampshire|United States of America|us,Nashua,New Hampshire,United States of America,us
SANJ,Sanjiang,-,    114.2700 ,   30.5800 ,-,硚口区|湖北省|中国|cn,硚口区,湖北省,中国,cn
SANJ9,Sanjiang,Sanjiang Space Group (CASIC 9th Acad),    114.2700 ,   30.5800 ,CASIC,硚口区|湖北省|中国|cn,硚口区,湖北省,中国,cn
SANL,Sandia Natl Labs,-,   -106.6100 ,   35.1100 ,DOE,Albuquerque|New Mexico|United States of America|us,Albuquerque,New Mexico,United States of America,us
SANYZ,Sanya RI,"Sanya Research Institute, RADI",    109.5000 ,   18.2500 ,RADI,天涯区|海南省|中国|cn,天涯区,海南省,中国,cn
SAO,SAO,-,    -71.1300 ,   42.3800 ,-,Cambridge|Massachusetts|United States of America|us,Cambridge,Massachusetts,United States of America,us
SARPT,Saransk PT,-,     45.1800 ,   54.2000 ,-,Саранск|Мордовия|Россия|ru,Саранск,Мордовия,Россия,ru
SASG,Sky Space Global,-,     -0.1100 ,   51.5100 ,SASGA,City of London|England|United Kingdom|gb,City of London,England,United Kingdom,gb
SASGA,Sky Space Global,-,    115.8600 ,  -31.9500 ,-,Perth|Western Australia|Australia|au,Perth,Western Australia,Australia,au
SASK,Sask,-,   -106.6300 ,   52.1300 ,-,Saskatoon|Saskatchewan|Canada|ca,Saskatoon,Saskatchewan,Canada,ca
SASMAC,SASMAC,Satellite Surveying and Mapping Applications Center,    116.3000 ,   39.9600 ,GCDX,海淀区|北京市|中国|cn,海淀区,北京市,中国,cn
SAST,SAST,Shanghai Academy of Space Technology (CASC 8th Acad),    121.3800 ,   31.1100 ,CASC,闵行区||中国|cn,闵行区,,中国,cn
SATBYUL,Satbyul,Satbyul,    127.0200 ,   37.2700 ,-,수원시||대한민국|kr,수원시,,대한민국,kr
SATC,SATC,Shanghai Aerospace Technology Co. Ltd.,    121.3800 ,   31.1100 ,SAST,闵行区||中国|cn,闵行区,,中国,cn
SATEL,Satellife,-,    -71.0600 ,   42.3600 ,-,Boston|Massachusetts|United States of America|us,Boston,Massachusetts,United States of America,us
SATELOG,Satellogic SA,-,    -71.3000 ,  -41.1500 ,-,San Carlos de Bariloche|Río Negro|Argentina|ar,San Carlos de Bariloche,Río Negro,Argentina,ar
SATGE,SAT-GE,-,    103.8000 ,    1.3000 ,-,Singapore||Singapore|sg,Singapore,,Singapore,sg
SATHYA,Sathyabama U,-,     80.2300 ,   12.9000 ,-,Chennai Corporation|Tamil Nadu|India|in,Chennai Corporation,Tamil Nadu,India,in
SATLAN,Satlantis,-,     -2.9847 ,   43.3289 ,-,Leioa|Euskadi|España|es,Leioa,Euskadi,España,es
SATORO,Satoro,-,    121.6100 ,   25.0300 ,-,臺北市||臺灣|tw,臺北市,,臺灣,tw
SATREC,SatRec Initiative,-,    127.3900 ,   36.3500 ,-,대전광역시||대한민국|kr,대전광역시,,대한민국,kr
SATRHW,SatRec Initiative,-,    127.3900 ,   36.3500 ,HANWHA,대전광역시||대한민국|kr,대전광역시,,대한민국,kr
SATRV,SatRevolution,-,     17.0300 ,   51.1000 ,-,Wrocław|województwo dolnośląskie|Polska|pl,Wrocław,województwo dolnośląskie,Polska,pl
SATVU,Satellite Vu,-,     -0.1200 ,   51.5000 ,-,Greater London|England|United Kingdom|gb,Greater London,England,United Kingdom,gb
SAUDSA,Saudi Space Ag.,Saudi Space Agency,     46.7200 ,   24.6300 ,-,الرياض|منطقة الرياض|السعودية|sa,الرياض,منطقة الرياض,السعودية,sa
SAUDSC,Saudi Space Com.,Saudi Space Commission,     46.7200 ,   24.6300 ,-,الرياض|منطقة الرياض|السعودية|sa,الرياض,منطقة الرياض,السعودية,sa
SAYARI,Sayari Labs,-,     36.8900 ,   -1.2900 ,-,Nairobi|Nairobi|Kenya|ke,Nairobi,Nairobi,Kenya,ke
SBA,SHBOA,Shanghai Bureau of Astronautics,    121.3800 ,   31.1100 ,-,闵行区||中国|cn,闵行区,,中国,cn
SBA2,SHB2,"2nd Bureau, Shanghai Mech./Elec Industry",    121.3800 ,   31.1100 ,-,闵行区||中国|cn,闵行区,,中国,cn
SBEL,Spacebel,-,      5.5700 ,   50.6300 ,-,Liège|Liège|België / Belgique / Belgien|be,Liège,Liège,België / Belgique / Belgien,be
SBKHZ,Solomon KHz,-,    159.9600 ,   -9.4300 ,-,Honiara||Solomon Islands|sb,Honiara,,Solomon Islands,sb
SBRC,SBRC,-,   -119.8100 ,   34.4400 ,-,Goleta|California|United States of America|us,Goleta,California,United States of America,us
SBRCH,SBRC,-,   -119.8100 ,   34.4400 ,-,Goleta|California|United States of America|us,Goleta,California,United States of America,us
SBRCR,SBRC,-,   -119.8100 ,   34.4400 ,-,Goleta|California|United States of America|us,Goleta,California,United States of America,us
SBS,SBS,-,    -77.1800 ,   38.9300 ,-,McLean|Virginia|United States of America|us,McLean,Virginia,United States of America,us
SBSM,SBS (MCI),-,    -77.1800 ,   38.9300 ,MCI,McLean|Virginia|United States of America|us,McLean,Virginia,United States of America,us
SBSZ,Saisi Besi,C-Space,    120.2300 ,   29.7100 ,-,诸暨市|浙江省|中国|cn,诸暨市,浙江省,中国,cn
SCAL,Scaled,-,   -118.1700 ,   35.0500 ,-,Mojave|California|United States of America|us,Mojave,California,United States of America,us
SCANW,Scanway,-,     17.0300 ,   51.1000 ,-,Wrocław|województwo dolnośląskie|Polska|pl,Wrocław,województwo dolnośląskie,Polska,pl
SCC,SCC,-,    139.7300 ,   35.6800 ,-,港区||日本|jp,港区,,日本,jp
SCCJ,Sky Perfect SCC,-,    139.7300 ,   35.6800 ,SKPJ,港区||日本|jp,港区,,日本,jp
SCEL,SCEL,-,    -74.0500 ,   40.3100 ,USA,Eatontown|New Jersey|United States of America|us,Eatontown,New Jersey,United States of America,us
SCHJ,Schjeldahl,-,    -93.1600 ,   44.4600 ,-,Northfield|Minnesota|United States of America|us,Northfield,Minnesota,United States of America,us
SCITOK,Tokyo Kagaku D.,Science Tokyo,    139.4800 ,   35.5100 ,-,横浜市||日本|jp,横浜市,,日本,jp
SCO,DoD SCO,-,    -77.0600 ,   38.8700 ,DOD,Arlington|Virginia|United States of America|us,Arlington,Virginia,United States of America,us
SCSS,SCS-Space,-,     18.4200 ,  -33.9300 ,-,Cape Town|Western Cape|South Africa|za,Cape Town,Western Cape,South Africa,za
SCT,SCT,-,    -99.1300 ,   19.4300 ,-,Ciudad de México|Ciudad de México|México|mx,Ciudad de México,Ciudad de México,México,mx
SCU,SCU,-,   -121.9400 ,   37.3500 ,-,Santa Clara|California|United States of America|us,Santa Clara,California,United States of America,us
SDA,SDA,-,    -77.0600 ,   38.8700 ,DOD,Arlington|Virginia|United States of America|us,Arlington,Virginia,United States of America,us
SDC,USA SDC,-,    -86.6500 ,   34.6800 ,USA,|Alabama|United States of America|us,,Alabama,United States of America,us
SDCO,SpaceDataCorp,-,   -111.8300 ,   33.3000 ,-,Chandler|Arizona|United States of America|us,Chandler,Arizona,United States of America,us
SDIIT,Shandong changye,Shandong Insitute of Industrial Technology,    117.0200 ,   36.6700 ,-,历下区|山东省|中国|cn,历下区,山东省,中国,cn
SDIO,SDIO,-,    -77.0600 ,   38.8700 ,DOD,Arlington|Virginia|United States of America|us,Arlington,Virginia,United States of America,us
SDK,Shikong Daoyu,Spacetime Daoyu Technology Ltd,    120.1700 ,   30.2500 ,GEELY,上城区|浙江省|中国|cn,上城区,浙江省,中国,cn
SDKS,Shikong Shanghai,Spacetime Daoyu Shanghai Research Inst,    121.3800 ,   31.1100 ,GEELY,闵行区||中国|cn,闵行区,,中国,cn
SDLP,SDL/Praha,Space Devices Ltd.,     14.4200 ,   50.0800 ,-,Hlavní město Praha|Praha|Česko|cz,Hlavní město Praha,Praha,Česko,cz
SDP,SdP,-,     -0.7200 ,   44.9000 ,-,Saint-Médard-en-Jalles|Nouvelle-Aquitaine|France|fr,Saint-Médard-en-Jalles,Nouvelle-Aquitaine,France,fr
SDSC,ISRO-SDSC,-,     80.3000 ,   13.6200 ,ISRO,||India|in,,,India,in
SDJU,SDJU,Shanghai Electric Power Inst.,    121.3900 ,   31.0000 ,-,闵行区||中国|cn,闵行区,,中国,cn
SDTW,SDTW,-,   -106.6100 ,   35.0400 ,USAF,Albuquerque|New Mexico|United States of America|us,Albuquerque,New Mexico,United States of America,us
SEAL,Sea Launch,-,      7.4500 ,   46.9500 ,RKKE,Bern|Bern/Berne|Schweiz/Suisse/Svizzera/Svizra|ch,Bern,Bern/Berne,Schweiz/Suisse/Svizzera/Svizra,ch
SEALC,SeaLaunch,-,    -81.3900 ,   19.3000 ,-,George Town||Cayman Islands|ky,George Town,,Cayman Islands,ky
SEALE,Sea Launch,-,     37.6200 ,   55.7500 ,SEAL,Москва|Москва|Россия|ru,Москва,Москва,Россия,ru
SEALN,Sea Launch,-,      6.2300 ,   46.3800 ,RKKE,Nyon|Vaud|Schweiz/Suisse/Svizzera/Svizra|ch,Nyon,Vaud,Schweiz/Suisse/Svizzera/Svizra,ch
SEALN7,Sea Launch,-,      6.2300 ,   46.3800 ,S7,Nyon|Vaud|Schweiz/Suisse/Svizzera/Svizra|ch,Nyon,Vaud,Schweiz/Suisse/Svizzera/Svizra,ch
SEALP,SeaLaunch,-,   -118.2000 ,   33.7700 ,-,Long Beach|California|United States of America|us,Long Beach,California,United States of America,us
SECM,SECM,"Shanghai Engineering Center for Microsatellites, SIMIT",    121.4700 ,   31.2300 ,SIMIT,上海市|上海市|中国|cn,上海市,上海市,中国,cn
SECT,SECT,-,      2.3000 ,   48.8600 ,-,Paris|Île-de-France|France|fr,Paris,Île-de-France,France,fr
SEDENA,SEDENA,Mexico Secretariat of National Defense,    -99.1300 ,   19.4300 ,-,Ciudad de México|Ciudad de México|México|mx,Ciudad de México,Ciudad de México,México,mx
SEDSH,SEDS-HSV,-,    -86.5900 ,   34.7300 ,-,Huntsville|Alabama|United States of America|us,Huntsville,Alabama,United States of America,us
SEJU,Sejong U.,Sejong University,    127.0700 ,   37.5500 ,-,서울특별시||대한민국|kr,서울특별시,,대한민국,kr
SEL,SEL,-,   -122.1400 ,   37.4300 ,-,Palo Alto|California|United States of America|us,Palo Alto,California,United States of America,us
SELEN,Selenia Spazio,-,     12.4900 ,   41.8900 ,-,Roma|Lazio|Italia|it,Roma,Lazio,Italia,it
SELGR,Seliger,-,      8.6900 ,   53.8600 ,-,Cuxhaven|Niedersachsen|Deutschland|de,Cuxhaven,Niedersachsen,Deutschland,de
SELM,SELM,Shaanxi Engineering Laboratory for Microsatellites,    108.9500 ,   34.2700 ,NWPU,新城区|陕西省|中国|cn,新城区,陕西省,中国,cn
SEN,Sen,-,     -0.1000 ,   51.5200 ,-,City of London|England|United Kingdom|gb,City of London,England,United Kingdom,gb
SENER,SENER,-,     -2.9200 ,   43.2600 ,-,Bilbao|Euskadi|España|es,Bilbao,Euskadi,España,es
SENSAT,SENSAT,-,    -17.4200 ,   14.6700 ,-,Dakar|Région de Dakar|Sénégal|sn,Dakar,Région de Dakar,Sénégal,sn
SENSC,SENSCOM,-,    -86.6500 ,   34.6800 ,USA,|Alabama|United States of America|us,,Alabama,United States of America,us
SEOPS,SEOPS,-,    -95.3800 ,   29.7600 ,-,Houston|Texas|United States of America|us,Houston,Texas,United States of America,us
SEP,SEP,-,      1.4900 ,   49.0900 ,-,Vernon|Normandie|France|fr,Vernon,Normandie,France,fr
SEPB,SEP,-,     -0.6800 ,   44.8700 ,-,Le Haillan|Nouvelle-Aquitaine|France|fr,Le Haillan,Nouvelle-Aquitaine,France,fr
SEPBL,SEP Blanquefort,-,     -0.6300 ,   44.9100 ,-,Blanquefort|Nouvelle-Aquitaine|France|fr,Blanquefort,Nouvelle-Aquitaine,France,fr
SEPR,SEPR,-,     -0.6800 ,   44.8700 ,-,Le Haillan|Nouvelle-Aquitaine|France|fr,Le Haillan,Nouvelle-Aquitaine,France,fr
SEPRV,SEPR-Villejuif,-,      2.3600 ,   48.7900 ,-,Villejuif|Île-de-France|France|fr,Villejuif,Île-de-France,France,fr
SEPVR,SEP-Villaroche,-,      2.6700 ,   48.6100 ,-,Montereau-sur-le-Jard||France|fr,Montereau-sur-le-Jard,,France,fr
SERC,SERC,-,     -1.7800 ,   51.5600 ,-,Swindon|England|United Kingdom|gb,Swindon,England,United Kingdom,gb
SEREB,SEREB,-,      2.2500 ,   48.9000 ,-,Courbevoie|Île-de-France|France|fr,Courbevoie,Île-de-France,France,fr
SES,SES,-,      6.3500 ,   49.9600 ,-,Burg|Rheinland-Pfalz|Deutschland|de,Burg,Rheinland-Pfalz,Deutschland,de
SESA,SES Astra,-,      6.3500 ,   49.9600 ,SES,Burg|Rheinland-Pfalz|Deutschland|de,Burg,Rheinland-Pfalz,Deutschland,de
SESAGB,Astra (GB),-,     -0.1000 ,   51.5100 ,SES,City of London|England|United Kingdom|gb,City of London,England,United Kingdom,gb
SESBM,SES Bermuda,-,    -64.7800 ,   32.9300 ,SES,,,,,
SESBR,SES Brasil,-,    -46.7000 ,  -23.6100 ,SES,São Paulo|São Paulo|Brasil|br,São Paulo,São Paulo,Brasil,br
SESE,SES Engineering,-,      6.3500 ,   49.9600 ,SES,Burg|Rheinland-Pfalz|Deutschland|de,Burg,Rheinland-Pfalz,Deutschland,de
SESG,SES Gibraltar,-,     -5.3500 ,   36.1300 ,SES,Gibraltar||Gibraltar|gi,Gibraltar,,Gibraltar,gi
SESGL,SES Global,-,      6.3500 ,   49.9600 ,-,Burg|Rheinland-Pfalz|Deutschland|de,Burg,Rheinland-Pfalz,Deutschland,de
SESINTL,Intelsat SA,-,      6.1300 ,   49.6100 ,SES,Luxembourg||Lëtzebuerg|lu,Luxembourg,,Lëtzebuerg,lu
SESINTU,Intelsat SA (US),-,    -77.0200 ,   38.9000 ,SES,Washington|District of Columbia|United States of America|us,Washington,District of Columbia,United States of America,us
SESP,USAF STP,-,   -118.4100 ,   33.9200 ,AFSC,El Segundo|California|United States of America|us,El Segundo,California,United States of America,us
SESS,SES Sirius,-,     18.0000 ,   59.3500 ,SES,Solna||Sverige|se,Solna,,Sverige,se
SESSA,SES,-,      6.3500 ,   49.9600 ,-,Burg|Rheinland-Pfalz|Deutschland|de,Burg,Rheinland-Pfalz,Deutschland,de
SESSAN,SES,-,      4.3200 ,   52.0800 ,SESSA,Den Haag|Zuid-Holland|Nederland|nl,Den Haag,Zuid-Holland,Nederland,nl
SESSAP,SES,-,    -74.6600 ,   40.3500 ,SESSA,Princeton|New Jersey|United States of America|us,Princeton,New Jersey,United States of America,us
SESSL,SES Sat. Leasing,-,      4.4800 ,   54.1500 ,SES,,,,,
SESNS,SES New Skies,-,      4.3200 ,   52.0800 ,SES,Den Haag|Zuid-Holland|Nederland|nl,Den Haag,Zuid-Holland,Nederland,nl
SESW,Worldsat,-,    -74.6600 ,   40.3500 ,SES,Princeton|New Jersey|United States of America|us,Princeton,New Jersey,United States of America,us
SESWS,SES World Skies,-,      4.3200 ,   52.0800 ,SES,Den Haag|Zuid-Holland|Nederland|nl,Den Haag,Zuid-Holland,Nederland,nl
SESWSP,SES World Skies,-,    -74.6600 ,   40.3500 ,SES,Princeton|New Jersey|United States of America|us,Princeton,New Jersey,United States of America,us
SFLIN,Spaceflight Ind,-,   -122.2600 ,   47.4700 ,-,Tukwila|Washington|United States of America|us,Tukwila,Washington,United States of America,us
SFLINC,Spaceflight Inc,-,   -122.2600 ,   47.4700 ,SFLIN,Tukwila|Washington|United States of America|us,Tukwila,Washington,United States of America,us
SFLINF,Spaceflight Inc,-,   -122.2600 ,   47.4700 ,FFLY,Tukwila|Washington|United States of America|us,Tukwila,Washington,United States of America,us
SFLINM,Spaceflight Inc,-,   -122.2600 ,   47.4700 ,MITSUI,Tukwila|Washington|United States of America|us,Tukwila,Washington,United States of America,us
SFKIT,Sfera-KIT,Sfera Space Information Technologies,     37.6200 ,   55.7500 ,-,Москва|Москва|Россия|ru,Москва,Москва,Россия,ru
SFP,Spaceflight Pt.,-,    -95.1200 ,   29.5600 ,JSC,Houston|Texas|United States of America|us,Houston,Texas,United States of America,us
SFSSC,USSF SSC,-,   -118.4100 ,   33.9200 ,USSF,El Segundo|California|United States of America|us,El Segundo,California,United States of America,us
SGAU,SGAU,Samara State Aerospace University,     50.1400 ,   53.2000 ,-,Самара|Самарская область|Россия|ru,Самара,Самарская область,Россия,ru
SGSP,SGSP-BAS,-,     23.3300 ,   42.7000 ,-,София|София-град|България|bg,София,София-град,България,bg
SHAB,Spacehab,-,    -77.2700 ,   38.9000 ,-,Vienna|Virginia|United States of America|us,Vienna,Virginia,United States of America,us
SHABH,Spacehab,-,    -95.1200 ,   29.5400 ,-,Webster|Texas|United States of America|us,Webster,Texas,United States of America,us
SHABT,Spacehab,-,    -97.7300 ,   30.2700 ,-,Austin|Texas|United States of America|us,Austin,Texas,United States of America,us
SHANDZ,Shandong,Shandong Province Government,    117.0200 ,   36.6700 ,-,历下区|山东省|中国|cn,历下区,山东省,中国,cn
SHANGT,Shangkeda,-,    121.4700 ,   31.2300 ,-,上海市|上海市|中国|cn,上海市,上海市,中国,cn
SHANT,CALT/Shantou,Shantou Institute of Electronics Technology,    116.6800 ,   23.3500 ,-,金平区|广东省|中国|cn,金平区,广东省,中国,cn
SHAOX,Shaonian Xing,China Junior Satellite Project,    116.3800 ,   39.9200 ,-,西城区|北京市|中国|cn,西城区,北京市,中国,cn
SHAR,ISRO-SHAR,-,     80.3000 ,   13.6200 ,ISRO,||India|in,,,India,in
SHARJ,Sharjah SAAST,-,     55.3900 ,   25.3600 ,-,مدينة الشارقة|الشارقة|الإمارات العربية المتحدة|ae,مدينة الشارقة,الشارقة,الإمارات العربية المتحدة,ae
SHEF,Sheffield,-,     -1.4800 ,   53.3800 ,-,Sheffield|England|United Kingdom|gb,Sheffield,England,United Kingdom,gb
SHELD,Sheldahl,-,    -93.1600 ,   44.4600 ,-,Northfield|Minnesota|United States of America|us,Northfield,Minnesota,United States of America,us
SHIN,Shinawatra,-,    100.5200 ,   13.8500 ,-,เทศบาลนครนนทบุรี||ประเทศไทย|th,เทศบาลนครนนทบุรี,,ประเทศไทย,th
SHINSHU,Shinshu U,Shinshu University,    138.1800 ,   36.6300 ,-,長野市||日本|jp,長野市,,日本,jp
SHINW,Shinawatra,-,    100.5200 ,   13.8500 ,-,เทศบาลนครนนทบุรี||ประเทศไทย|th,เทศบาลนครนนทบุรี,,ประเทศไทย,th
SHIZ,Shizuoka U,Shizuoka University,    138.4300 ,   34.9600 ,-,静岡市||日本|jp,静岡市,,日本,jp
SIBGAU,SibGAU,Siberian State Aerospace University,     92.9700 ,   56.0100 ,-,Красноярск|Красноярский край|Россия|ru,Красноярск,Красноярский край,Россия,ru
SIDUS,Sidus Space,-,    -80.6800 ,   28.3600 ,-,Merritt Island|Florida|United States of America|us,Merritt Island,Florida,United States of America,us
SIDUSF,Sidus Space,-,    -80.6100 ,   28.4000 ,SIDUS,Cape Canaveral|Florida|United States of America|us,Cape Canaveral,Florida,United States of America,us
SIENV,Sierra Nevada,-,   -119.7400 ,   39.5500 ,-,Sparks|Nevada|United States of America|us,Sparks,Nevada,United States of America,us
SIET,SIET,-,     76.9700 ,   11.0200 ,-,Coimbatore|Tamil Nadu|India|in,Coimbatore,Tamil Nadu,India,in
SII,SII,-,    -95.3800 ,   29.7600 ,-,Houston|Texas|United States of America|us,Houston,Texas,United States of America,us
SIIC,SII,-,    -95.3800 ,   29.7600 ,-,Houston|Texas|United States of America|us,Houston,Texas,United States of America,us
SIIS,SI Imaging Serv,-,    127.3900 ,   36.3500 ,SATREC,대전광역시||대한민국|kr,대전광역시,,대한민국,kr
SIL,SIL,-,     -1.3200 ,   51.4000 ,-,Newbury|England|United Kingdom|gb,Newbury,England,United Kingdom,gb
SILK,Silkwave,-,    -81.3900 ,   19.3000 ,CMMB,George Town||Cayman Islands|ky,George Town,,Cayman Islands,ky
SILUTT,Silu Tiantu,Shaanxi Silk Road Tiantu Sat. Tech. Co. Ltd.,    108.9500 ,   34.2700 ,-,新城区|陕西省|中国|cn,新城区,陕西省,中国,cn
SILVER,SilverSat,-,    -77.0300 ,   39.0000 ,-,Silver Spring|Maryland|United States of America|us,Silver Spring,Maryland,United States of America,us
SIMED,SIMED/Shanghai,Shanghai Inst of Machine and Electrical Design,    121.4700 ,   31.2300 ,-,上海市|上海市|中国|cn,上海市,上海市,中国,cn
SIMIT,SIMIT/Shanghai,Shanghai Inst of Microsystem and Information Technology,    121.4700 ,   31.2300 ,-,上海市|上海市|中国|cn,上海市,上海市,中国,cn
SIMG,SpaceIm,-,   -104.9500 ,   39.9000 ,-,Thornton|Colorado|United States of America|us,Thornton,Colorado,United States of America,us
SIMGEO,Space Im EOSAT,-,    -76.8600 ,   38.9700 ,SIMG,Lanham|Maryland|United States of America|us,Lanham,Maryland,United States of America,us
SINDO,Satelindo,-,    106.8200 ,   -6.2000 ,-,Jakarta Pusat||Indonesia|id,Jakarta Pusat,,Indonesia,id
SINO,Sinosat,Sino Satellite Communications Co. (Sinosat),    116.3000 ,   39.9600 ,-,海淀区|北京市|中国|cn,海淀区,北京市,中国,cn
SIR,Sirius Radio,-,    -74.0100 ,   40.7100 ,-,City of New York|New York|United States of America|us,City of New York,New York,United States of America,us
SIRION,Sirion Global,Sirion Global Pty Ltd.,    153.4000 ,  -27.9600 ,HELW,Gold Coast City|Queensland|Australia|au,Gold Coast City,Queensland,Australia,au
SIROTS,OTs Sirius,Sirius Educational Center,     39.7200 ,   43.5900 ,-,Сочи|Краснодарский край|Россия|ru,Сочи,Краснодарский край,Россия,ru
SIRX,Sirius XM,-,    -74.0100 ,   40.7100 ,-,City of New York|New York|United States of America|us,City of New York,New York,United States of America,us
SIS,SIS,-,     37.6200 ,   55.7500 ,-,Москва|Москва|Россия|ru,Москва,Москва,Россия,ru
SISE,SISE,Shanghai Inst. of Satellite Engineering (509 Res.Inst.),    121.4700 ,   31.2300 ,SAST,上海市|上海市|中国|cn,上海市,上海市,中国,cn
SISP,SISP,Shanghai Int. of Space Propulsion,    121.4700 ,   31.2300 ,-,上海市|上海市|中国|cn,上海市,上海市,中国,cn
SITAEL,SITAEL SpA,-,     12.0500 ,   44.2300 ,-,Forlì|Emilia-Romagna|Italia|it,Forlì,Emilia-Romagna,Italia,it
SITP,SITP,"Shanghai Inst. of Technical Physics, CAS",    121.4700 ,   31.2300 ,CAS,上海市|上海市|中国|cn,上海市,上海市,中国,cn
SITRO,Sitronics,-,     37.6200 ,   55.7500 ,-,Москва|Москва|Россия|ru,Москва,Москва,Россия,ru
SIWEI,Siwei,China 4D Mapping Tech Co. Ltd.,    116.3000 ,   39.9600 ,CASC,海淀区|北京市|中国|cn,海淀区,北京市,中国,cn
SJSU,SJSU,-,   -121.8800 ,   37.3400 ,-,San Jose|California|United States of America|us,San Jose,California,United States of America,us
SJTU,SJTU,Shanghai Jiao Tong University,    121.4300 ,   31.2000 ,-,徐汇区|上海市|中国|cn,徐汇区,上海市,中国,cn
SKB30,SKB-30,-,     37.5000 ,   55.8000 ,-,Москва|Москва|Россия|ru,Москва,Москва,Россия,ru
SKB385,SKB-385,-,     60.1000 ,   55.0000 ,-,Миасс|Челябинская область|Россия|ru,Миасс,Челябинская область,Россия,ru
SKB385Z,SKB-385,-,     59.6700 ,   55.1700 ,-,Златоуст|Челябинская область|Россия|ru,Златоуст,Челябинская область,Россия,ru
SKC,Salish Kootenai,-,   -114.1100 ,   47.6000 ,-,Pablo|Montana|United States of America|us,Pablo,Montana,United States of America,us
SKI,Space Kidz India,-,     80.2700 ,   13.0800 ,-,Chennai Corporation|Tamil Nadu|India|in,Chennai Corporation,Tamil Nadu,India,in
SKOLT,Skol. Inst.,Skolkovo Institute of Science and Technology,     37.3600 ,   55.7000 ,-,Москва|Москва|Россия|ru,Москва,Москва,Россия,ru
SKPJ,Sky Perfect JSAT,-,    139.7500 ,   35.6600 ,-,港区||日本|jp,港区,,日本,jp
SKTEL,SK Tel,-,    126.9700 ,   37.5600 ,-,서울특별시||대한민국|kr,서울특별시,,대한민국,kr
SKTELI,SK Telink,-,    126.9700 ,   37.5700 ,SKTEL,서울특별시||대한민국|kr,서울특별시,,대한민국,kr
SKTSS,Shenkong Tance,Anhui Province,    117.2300 ,   31.8200 ,CN,蜀山区|安徽省|中国|cn,蜀山区,安徽省,中国,cn
SKYBOX,Skybox,-,   -122.0800 ,   37.3900 ,-,Mountain View|California|United States of America|us,Mountain View,California,United States of America,us
SKYB,Sky Brasil,-,    -43.2000 ,  -22.9100 ,DTV,Rio de Janeiro|Rio de Janeiro|Brasil|br,Rio de Janeiro,Rio de Janeiro,Brasil,br
SKYCEL,Skyline Cel,-,   -122.4200 ,   37.7800 ,-,San Francisco|California|United States of America|us,San Francisco,California,United States of America,us
SKYFOX,SkyFox Labs,-,     14.5300 ,   50.1100 ,-,Hlavní město Praha|Praha|Česko|cz,Hlavní město Praha,Praha,Česko,cz
SKYKR,SkyKraft,-,    149.1200 ,   35.3100 ,-,,,,,
SKYM,Sky Mexico,-,    -99.1300 ,   19.4300 ,DTV,Ciudad de México|Ciudad de México|México|mx,Ciudad de México,Ciudad de México,México,mx
SKYNET,Skynet 4 Project,-,     -0.1300 ,   51.5100 ,MOD,City of Westminster|England|United Kingdom|gb,City of Westminster,England,United Kingdom,gb
SKYR,Skyrora,-,     -3.1900 ,   55.9500 ,-,City of Edinburgh|Alba / Scotland|United Kingdom|gb,City of Edinburgh,Alba / Scotland,United Kingdom,gb
SKYRT,Skyroot,-,     78.4800 ,   17.3700 ,-,Hyderabad|Telangana|India|in,Hyderabad,Telangana,India,in
SKYTC,SkyTerra Comms,-,    -77.3500 ,   38.9500 ,-,Reston|Virginia|United States of America|us,Reston,Virginia,United States of America,us
SKYTCA,SkyTerra Canada,-,    -75.6800 ,   45.4200 ,SKYTC,Ottawa|Ontario|Canada|ca,Ottawa,Ontario,Canada,ca
SKYTE,SkyTerra,-,    -77.3500 ,   38.9500 ,SKYTC,Reston|Virginia|United States of America|us,Reston,Virginia,United States of America,us
SLAF,Slovak AF,-,     19.1200 ,   48.5700 ,-,Zvolen|Banskobystrický kraj|Slovensko|sk,Zvolen,Banskobystrický kraj,Slovensko,sk
SLAUNCH,Southern Launch,-,    138.6000 ,  -34.9200 ,-,Adelaide|South Australia|Australia|au,Adelaide,South Australia,Australia,au
SLII,SW Louisiana II,-,    -92.0300 ,   30.2200 ,-,Lafayette|Louisiana|United States of America|us,Lafayette,Louisiana,United States of America,us
SLOBO,Sierra Lobo,-,    -83.1200 ,   41.3500 ,-,Fremont|Ohio|United States of America|us,Fremont,Ohio,United States of America,us
SLPS,Spacelab PS,-,    -95.1200 ,   29.5600 ,JSC,Houston|Texas|United States of America|us,Houston,Texas,United States of America,us
SLREC,CASC 6th Acad.,Academy of Aerospace Propulsion Technology (CASC 6th Acad),    108.9500 ,   34.2700 ,CASC,新城区|陕西省|中国|cn,新城区,陕西省,中国,cn
SLU,St Louis U,-,    -90.2300 ,   38.6400 ,-,Saint Louis|Missouri|United States of America|us,Saint Louis,Missouri,United States of America,us
SMC,USSF SMC,-,   -118.4100 ,   33.9200 ,USSF,El Segundo|California|United States of America|us,El Segundo,California,United States of America,us
SMCAD,USAF SMC/AD,-,   -106.6100 ,   35.0400 ,USAF,Albuquerque|New Mexico|United States of America|us,Albuquerque,New Mexico,United States of America,us
SSCAD,USSF SMC Kirtland,-,   -106.6100 ,   35.0400 ,USSF,Albuquerque|New Mexico|United States of America|us,Albuquerque,New Mexico,United States of America,us
SMCD12,SMC Det 12,-,   -106.6100 ,   35.0400 ,USAF,Albuquerque|New Mexico|United States of America|us,Albuquerque,New Mexico,United States of America,us
SMCSD,USAF SMC/SD,-,   -106.6100 ,   35.0400 ,USAF,Albuquerque|New Mexico|United States of America|us,Albuquerque,New Mexico,United States of America,us
SMCRC,SmartSat CRC,-,    138.6000 ,  -34.9200 ,-,Adelaide|South Australia|Australia|au,Adelaide,South Australia,Australia,au
SMCTV,USAF SMC/TEV,-,   -106.6100 ,   35.0400 ,SMCTE,Albuquerque|New Mexico|United States of America|us,Albuquerque,New Mexico,United States of America,us
SMCTE,USAF SMC/TE,-,   -106.6100 ,   35.0400 ,USAF,Albuquerque|New Mexico|United States of America|us,Albuquerque,New Mexico,United States of America,us
SMCXR,USAF SMC/XR,-,   -106.6100 ,   35.0400 ,USAF,Albuquerque|New Mexico|United States of America|us,Albuquerque,New Mexico,United States of America,us
SMCXRA,USAF SMC/AD,-,   -106.6100 ,   35.0400 ,SMCAD,Albuquerque|New Mexico|United States of America|us,Albuquerque,New Mexico,United States of America,us
SMDC,SMDC,-,    -86.6500 ,   34.6800 ,USA,|Alabama|United States of America|us,,Alabama,United States of America,us
SMSA,SMSA,-,   -106.3800 ,   32.4000 ,USA,|New Mexico|United States of America|us,,New Mexico,United States of America,us
SNCASE,SNCASE,SN Southeast Aero Construction,      7.0100 ,   43.5500 ,-,Cannes|Provence-Alpes-Côte d'Azur|France|fr,Cannes,Provence-Alpes-Côte d'Azur,France,fr
SNCASO,SNCASO,SN Southwest Aero Construction,      2.2500 ,   48.9000 ,-,Courbevoie|Île-de-France|France|fr,Courbevoie,Île-de-France,France,fr
SNECMA,SNECMA,SNECMA Motors,      2.4300 ,   48.6200 ,-,Évry||France|fr,Évry,,France,fr
SNECMS,SNECMA (SAFRAN),SNECMA Motors,      2.4300 ,   48.6200 ,SAFRAN,Évry||France|fr,Évry,,France,fr
SNECDE,SNECMA DEE,SNECMA,      2.4300 ,   48.6200 ,SNECMA,Évry||France|fr,Évry,,France,fr
SNECB,SNECMA SEP,SNECMA SEP Division,     -0.6800 ,   44.8700 ,-,Le Haillan|Nouvelle-Aquitaine|France|fr,Le Haillan,Nouvelle-Aquitaine,France,fr
SNECBL,SNECMA DMS,SNECMA Space Motors,     -0.6300 ,   44.9100 ,-,Blanquefort|Nouvelle-Aquitaine|France|fr,Blanquefort,Nouvelle-Aquitaine,France,fr
SNECPS,SNECMA PS,SNECMA Solid Propulsion,     -0.6800 ,   44.8700 ,-,Le Haillan|Nouvelle-Aquitaine|France|fr,Le Haillan,Nouvelle-Aquitaine,France,fr
SNECV,SNECMA-Vernon,SNECMA Space Motors,      1.4900 ,   49.0900 ,-,Vernon|Normandie|France|fr,Vernon,Normandie,France,fr
SNECVR,SNECMA-Villaroche,SNECMA,      2.6700 ,   48.6100 ,-,Montereau-sur-le-Jard||France|fr,Montereau-sur-le-Jard,,France,fr
SNIU,SNIU,Samara National Research University,     50.1400 ,   53.2000 ,-,Самара|Самарская область|Россия|ru,Самара,Самарская область,Россия,ru
SNOW,Snowdon SCL,-,    174.7700 ,   36.8500 ,-,,,,,
SNPE,SNPE,-,     -0.7200 ,   44.9000 ,-,Saint-Médard-en-Jalles|Nouvelle-Aquitaine|France|fr,Saint-Médard-en-Jalles,Nouvelle-Aquitaine,France,fr
SNSB,SNSB,Swedish National Space Board,     18.0000 ,   59.3500 ,-,Solna||Sverige|se,Solna,,Sverige,se
SNVP,SNC SpaceDev,-,   -117.0400 ,   32.9700 ,-,Poway|California|United States of America|us,Poway,California,United States of America,us
SNU,SNU,Seoul National University,    126.9500 ,   37.4600 ,-,서울특별시||대한민국|kr,서울특별시,,대한민국,kr
SNVL,SNC Louisville,-,   -105.1400 ,   39.9800 ,-,Louisville|Colorado|United States of America|us,Louisville,Colorado,United States of America,us
SOCOM,SOCOM,-,    -82.5200 ,   27.8500 ,DOD,Tampa|Florida|United States of America|us,Tampa,Florida,United States of America,us
SOHLA,SOHLA,-,    135.6000 ,   34.6800 ,-,東大阪市||日本|jp,東大阪市,,日本,jp
SOKA,Soka U,-,    139.3200 ,   35.6700 ,-,八王子市||日本|jp,八王子市,,日本,jp
SOLM,Solaris Mobile,-,     -6.2700 ,   53.3500 ,-,Dublin||Éire / Ireland|ie,Dublin,,Éire / Ireland,ie
SONY,Sony CSL,-,    139.7300 ,   35.6800 ,-,港区||日本|jp,港区,,日本,jp
SOR,USAF SOR,-,   -106.6100 ,   35.0400 ,USAF,Albuquerque|New Mexico|United States of America|us,Albuquerque,New Mexico,United States of America,us
SORUN,Sorun,Sorun Corporation,    139.7500 ,   35.6600 ,-,港区||日本|jp,港区,,日本,jp
SOSA,SOSA,Slovak Organization for Space Activities,     17.4100 ,   48.0400 ,-,Veľká Paka|Trnavský kraj|Slovensko|sk,Veľká Paka,Trnavský kraj,Slovensko,sk
SOSU,Sonoma State,-,   -122.6700 ,   38.3400 ,-,|California|United States of America|us,,California,United States of America,us
SOTI,SOTI,-,     44.4300 ,   33.3300 ,-,بغداد|محافظة بغداد|العراق|iq,بغداد,محافظة بغداد,العراق,iq
SOTON,Soton,-,     -1.4000 ,   50.9300 ,-,Southampton|England|United Kingdom|gb,Southampton,England,United Kingdom,gb
SOYUZ,NPO Soyuz,-,     37.9300 ,   55.6700 ,-,Люберцы|Московская область|Россия|ru,Люберцы,Московская область,Россия,ru
SOVA,VS SSSR,Soviet Army,     37.6200 ,   55.7500 ,VS,Москва|Москва|Россия|ru,Москва,Москва,Россия,ru
SP42,Space42,-,     54.3700 ,   24.4700 ,-,أبو ظبي|أبو ظبي|الإمارات العربية المتحدة|ae,أبو ظبي,أبو ظبي,الإمارات العربية المتحدة,ae
SPA,Spectrum Astro,-,   -111.7900 ,   33.3500 ,-,Gilbert|Arizona|United States of America|us,Gilbert,Arizona,United States of America,us
SPABD,SpaceBD,-,    139.7500 ,   35.6900 ,-,千代田区||日本|jp,千代田区,,日本,jp
SPAC,SPAC,Satellite Positioning Research and Application Center,    139.7500 ,   35.6900 ,-,千代田区||日本|jp,千代田区,,日本,jp
SPAD,Space Adventures,-,    -77.2700 ,   38.9000 ,-,Vienna|Virginia|United States of America|us,Vienna,Virginia,United States of America,us
SPAIL,SpaceIL,-,     34.8000 ,   32.1100 ,-,תל־אביב–יפו|מחוז תל אביב|ישראל|il,תל־אביב–יפו,מחוז תל אביב,ישראל,il
SPAR,Spar Robotics,-,    -79.7700 ,   43.6800 ,-,Brampton|Ontario|Canada|ca,Brampton,Ontario,Canada,ca
SPARD,Spar,-,    -79.4900 ,   43.7300 ,-,Toronto|Ontario|Canada|ca,Toronto,Ontario,Canada,ca
SPARM,Spar Space,-,    -73.9500 ,   45.4000 ,-,L'Île-Perrot|Québec|Canada|ca,L'Île-Perrot,Québec,Canada,ca
SPARV,Spar Montreal,-,    -73.5900 ,   45.4800 ,-,Montréal|Québec|Canada|ca,Montréal,Québec,Canada,ca
SPAWAR,SPAWAR,-,    -77.4000 ,   38.8800 ,USN,Greenbriar|Virginia|United States of America|us,Greenbriar,Virginia,United States of America,us
SPAWSD,SPAWAR Pacific,-,   -117.1600 ,   32.7200 ,SPAWAR,San Diego|California|United States of America|us,San Diego,California,United States of America,us
SPBGUT,SPbGUT,Bonch-Bruevich Saint Petersburg State U. of Telecom.,     30.3700 ,   60.0100 ,-,Санкт-Петербург|Санкт-Петербург|Россия|ru,Санкт-Петербург,Санкт-Петербург,Россия,ru
SPBPU,Polytech,Peter the Great St Petersburg Polytechnic Univ.,     30.3700 ,   60.0100 ,-,Санкт-Петербург|Санкт-Петербург|Россия|ru,Санкт-Петербург,Санкт-Петербург,Россия,ru
SPCIN,SpaceIn,-,    100.4900 ,    5.1400 ,-,|Pulau Pinang|Malaysia|my,,Pulau Pinang,Malaysia,my
SPCOIN,SpaceCoin,-,    -75.5500 ,   39.7500 ,-,Wilmington|Delaware|United States of America|us,Wilmington,Delaware,United States of America,us
SPCOK,SPACEOK,-,    121.2300 ,   31.3400 ,-,嘉定区|上海市|中国|cn,嘉定区,上海市,中国,cn
SPCOM,Spacecom,-,    -77.2300 ,   39.1300 ,CONTF,Gaithersburg|Maryland|United States of America|us,Gaithersburg,Maryland,United States of America,us
SPCUB,SpaceCubics,-,    141.3500 ,   43.0700 ,-,札幌市||日本|jp,札幌市,,日本,jp
SPDEV,SpaceDev,-,   -117.0400 ,   32.9700 ,-,Poway|California|United States of America|us,Poway,California,United States of America,us
SPEQ,SpeQtral,-,    103.8000 ,    1.3000 ,-,Singapore||Singapore|sg,Singapore,,Singapore,sg
SPER,SUCO,-,   -111.8800 ,   40.7500 ,-,Salt Lake City|Utah|United States of America|us,Salt Lake City,Utah,United States of America,us
SPETZ,Spetztekhnika,-,     60.5800 ,   56.8300 ,-,Екатеринбург|Свердловская область|Россия|ru,Екатеринбург,Свердловская область,Россия,ru
SPFL,SPFLA,-,    -80.6000 ,   28.3900 ,-,Cape Canaveral|Florida|United States of America|us,Cape Canaveral,Florida,United States of America,us
SPFOR,SpaceForest,-,     18.5300 ,   54.5200 ,-,Gdynia||Polska|pl,Gdynia,,Polska,pl
SPFORG,Space Forge,-,     -3.1200 ,   51.5000 ,-,Cardiff|Cymru / Wales|United Kingdom|gb,Cardiff,Cymru / Wales,United Kingdom,gb
SPG,Space General,-,   -118.0300 ,   34.0700 ,AJ,El Monte|California|United States of America|us,El Monte,California,United States of America,us
SPHARM,Space Pharma,-,     34.8500 ,   32.1700 ,SPHARS,הרצליה|מחוז תל אביב|ישראל|il,הרצליה,מחוז תל אביב,ישראל,il
SPHARS,Space Pharma,-,      7.1300 ,   47.4000 ,-,Courtemautruy|Jura|Schweiz/Suisse/Svizzera/Svizra|ch,Courtemautruy,Jura,Schweiz/Suisse/Svizzera/Svizra,ch
SPIND,Space Prod.Inn.,-,      8.6500 ,   49.8700 ,SPINI,Darmstadt|Hessen|Deutschland|de,Darmstadt,Hessen,Deutschland,de
SPINI,Space Prod.Inn.,-,     12.6800 ,   41.8200 ,-,Frascati|Lazio|Italia|it,Frascati,Lazio,Italia,it
SPINL,Space Prod.Inn.,-,      5.9700 ,   49.5100 ,SPINI,Esch-sur-Alzette||Lëtzebuerg|lu,Esch-sur-Alzette,,Lëtzebuerg,lu
SPINV,Space Inventor,-,      9.9900 ,   57.0200 ,-,Aalborg|Region Nordjylland|Danmark|dk,Aalborg,Region Nordjylland,Danmark,dk
SPIRE,Spire,-,   -122.4200 ,   37.7800 ,-,San Francisco|California|United States of America|us,San Francisco,California,United States of America,us
SPIREG,Spire/Glasgow,-,     -4.2500 ,   55.8600 ,-,Glasgow|Alba / Scotland|United Kingdom|gb,Glasgow,Alba / Scotland,United Kingdom,gb
SPIREL,Spire/Lux,-,      6.3500 ,   49.9600 ,-,Burg|Rheinland-Pfalz|Deutschland|de,Burg,Rheinland-Pfalz,Deutschland,de
SPLINT,Space LinTech,Space Lintech,    127.3900 ,   36.3500 ,-,대전광역시||대한민국|kr,대전광역시,,대한민국,kr
SPLOG,Space Logistics,-,    -77.4300 ,   39.0100 ,NGISD,Sterling|Virginia|United States of America|us,Sterling,Virginia,United States of America,us
SPMACH,Space Machines,-,    151.2000 ,  -33.9500 ,-,Sydney|New South Wales|Australia|au,Sydney,New South Wales,Australia,au
SPMIC,Space Micro,-,   -117.1600 ,   32.7200 ,-,San Diego|California|United States of America|us,San Diego,California,United States of America,us
SPMIND,NPC SpaceMind,-,     11.7100 ,   44.3600 ,-,Imola|Emilia-Romagna|Italia|it,Imola,Emilia-Romagna,Italia,it
SPMNC,SpaceManic,-,     17.4100 ,   48.0400 ,-,Veľká Paka|Trnavský kraj|Slovensko|sk,Veľká Paka,Trnavský kraj,Slovensko,sk
SPNOR,Space Norway,-,     10.7300 ,   59.9200 ,NFD,Oslo||Norge|no,Oslo,,Norge,no
SPOG,SPOG,-,      8.6900 ,   53.8600 ,UKWO,Cuxhaven|Niedersachsen|Deutschland|de,Cuxhaven,Niedersachsen,Deutschland,de
SPONE,Space One,Space One Co. Ltd.,    139.7500 ,   35.6600 ,-,港区||日本|jp,港区,,日本,jp
SPORT,Spaceport Co,-,    -89.5900 ,   30.2200 ,-,|Mississippi|United States of America|us,,Mississippi,United States of America,us
SPOT,SPOT Image,SPOT Image,      1.4700 ,   43.5600 ,-,Ramonville-Saint-Agne|Occitanie|France|fr,Ramonville-Saint-Agne,Occitanie,France,fr
SPQ,SpaceQuest,-,    -77.3000 ,   38.8500 ,-,Fairfax|Virginia|United States of America|us,Fairfax,Virginia,United States of America,us
SPQAA,AAC SpaceQuest,-,    -77.3000 ,   38.8500 ,AACM,Fairfax|Virginia|United States of America|us,Fairfax,Virginia,United States of America,us
SPRCO,Space RCO,-,   -106.6100 ,   35.0400 ,USAF,Albuquerque|New Mexico|United States of America|us,Albuquerque,New Mexico,United States of America,us
SPSI,Space-SI,Slovenian Centre of Excellence for Space Sci. and Techs.,     14.5000 ,   46.0500 ,-,Ljubljana||Slovenija|si,Ljubljana,,Slovenija,si
SPUT,Sputniks,SPUTNIX Ltd,     37.4400 ,   55.6300 ,SITRO,район Коммунарка|Москва|Россия|ru,район Коммунарка,Москва,Россия,ru
SPVR,SpaceVR,-,   -122.4200 ,   37.7800 ,-,San Francisco|California|United States of America|us,San Francisco,California,United States of America,us
SPX,SpaceX,-,   -118.3500 ,   33.9200 ,-,Hawthorne|California|United States of America|us,Hawthorne,California,United States of America,us
SPXES,SpaceX,-,   -118.4100 ,   33.9200 ,-,El Segundo|California|United States of America|us,El Segundo,California,United States of America,us
SPXS,SpaceX/Seattle,-,   -122.1200 ,   47.6700 ,-,Redmond|Washington|United States of America|us,Redmond,Washington,United States of America,us
SPXT,SpaceX Tourists,-,   -118.3500 ,   33.9200 ,-,Hawthorne|California|United States of America|us,Hawthorne,California,United States of America,us
SPXTX,SpaceX/McGregor,-,    -97.4200 ,   31.4300 ,-,McGregor|Texas|United States of America|us,McGregor,Texas,United States of America,us
SQU,Sultan Qaboos U,Sultan Qaboos University,     58.1800 ,   23.6800 ,-,ولاية السيب|محافظة مسقط|عمان|om,ولاية السيب,محافظة مسقط,عمان,om
SRC,SRC,-,     -1.7800 ,   51.5600 ,-,Swindon|England|United Kingdom|gb,Swindon,England,United Kingdom,gb
SRCI,Bull SRC,-,    -72.4300 ,   45.0200 ,-,Potton|Québec|Canada|ca,Potton,Québec,Canada,ca
SRDL,SRDL,-,    -74.0500 ,   40.3100 ,USA,Eatontown|New Jersey|United States of America|us,Eatontown,New Jersey,United States of America,us
SRI,SRI,-,   -122.1800 ,   37.4500 ,-,Menlo Park|California|United States of America|us,Menlo Park,California,United States of America,us
SRICK,Space Rickshaw,-,     80.2700 ,   13.0800 ,-,Chennai Corporation|Tamil Nadu|India|in,Chennai Corporation,Tamil Nadu,India,in
SRII,SRI,-,   -122.1800 ,   37.4500 ,-,Menlo Park|California|United States of America|us,Menlo Park,California,United States of America,us
SRIS,SRI,-,   -122.1800 ,   37.4500 ,STAN,Menlo Park|California|United States of America|us,Menlo Park,California,United States of America,us
SRIBAS,SRI-BAS,Space Research Inst.,     23.3300 ,   42.7000 ,-,София|София-град|България|bg,София,София-град,България,bg
SRMEC,SRM Uni.,-,     80.0400 ,   12.8200 ,ANNAU,Potheri|Tamil Nadu|India|in,Potheri,Tamil Nadu,India,in
SRMU,SRM Uni.,-,     80.0400 ,   12.8200 ,-,Potheri|Tamil Nadu|India|in,Potheri,Tamil Nadu,India,in
SROE,Saunders-Roe,-,     -1.3000 ,   50.7600 ,-,Cowes|England|United Kingdom|gb,Cowes,England,United Kingdom,gb
SRON,SRON,Space Research Org of the Netherlands,      5.1700 ,   52.0900 ,-,Utrecht|Utrecht|Nederland|nl,Utrecht,Utrecht,Nederland,nl
SRSES,SRS/ES,-,   -118.4100 ,   33.9200 ,-,El Segundo|California|United States of America|us,El Segundo,California,United States of America,us
SS500,SS 500,SS Battery 500,      4.3200 ,   52.0800 ,-,Den Haag|Zuid-Holland|Nederland|nl,Den Haag,Zuid-Holland,Nederland,nl
SSC,SSC,Swedish Space Corporation,     18.0000 ,   59.3500 ,-,Solna||Sverige|se,Solna,,Sverige,se
SSCO,Seattle Sci,-,   -122.3300 ,   47.6100 ,-,Seattle|Washington|United States of America|us,Seattle,Washington,United States of America,us
SSCS,SSC SSG,Swedish Space Corporation,     18.0000 ,   59.3500 ,SSC,Solna||Sverige|se,Solna,,Sverige,se
SSDC,USA SSDC,-,    -86.6500 ,   34.6800 ,USA,|Alabama|United States of America|us,,Alabama,United States of America,us
SSI,SSI,-,    -95.3800 ,   29.7600 ,-,Houston|Texas|United States of America|us,Houston,Texas,United States of America,us
SSICE,SSI-Celestis,-,    -95.3800 ,   29.7600 ,SSI,Houston|Texas|United States of America|us,Houston,Texas,United States of America,us
SSIH,SSI,-,    -95.3800 ,   29.7600 ,-,Houston|Texas|United States of America|us,Houston,Texas,United States of America,us
SSIM,SSI Monaco,-,      7.4200 ,   43.7300 ,-,Monaco||Monaco|mc,Monaco,,Monaco,mc
SSL,SS/Loral (MDA),-,   -122.1400 ,   37.4300 ,MDABC,Palo Alto|California|United States of America|us,Palo Alto,California,United States of America,us
SSLMAX,Maxar SSL,-,   -122.1400 ,   37.4300 ,MAXAR,Palo Alto|California|United States of America|us,Palo Alto,California,United States of America,us
SSPO,USN SSPO,-,   -122.0400 ,   37.3700 ,USN,Sunnyvale|California|United States of America|us,Sunnyvale,California,United States of America,us
SSTARS,Southern Stars,-,   -122.4200 ,   37.7800 ,-,San Francisco|California|United States of America|us,San Francisco,California,United States of America,us
SSTL,SSTL,-,     -0.5900 ,   51.2400 ,SURREY,Guildford|England|United Kingdom|gb,Guildford,England,United Kingdom,gb
SSTLA,SSTL (Astrium),-,     -0.5900 ,   51.2400 ,ASTUK,Guildford|England|United Kingdom|gb,Guildford,England,United Kingdom,gb
SSTUS,SST-US,-,   -104.9900 ,   39.6500 ,SSTL,Englewood|Colorado|United States of America|us,Englewood,Colorado,United States of America,us
SSW,Shanghai SW,Shanghai Commercial Satellite,    121.3800 ,   31.1100 ,ZHSW,闵行区||中国|cn,闵行区,,中国,cn
ST2V,ST-2 Sat Ven.,ST-2 Satellite Ventures,    103.8000 ,    1.3000 ,STEL,Singapore||Singapore|sg,Singapore,,Singapore,sg
STA,STA,Science and Technology Agency,    139.6800 ,   35.6800 ,-,渋谷区||日本|jp,渋谷区,,日本,jp
STADK,STADOKO UG,-,      6.0800 ,   50.7800 ,-,Aachen|Nordrhein-Westfalen|Deutschland|de,Aachen,Nordrhein-Westfalen,Deutschland,de
STAN,Stanford,-,   -122.1700 ,   37.4200 ,-,|California|United States of America|us,,California,United States of America,us
STANSI,Stanford SSI,-,   -122.1700 ,   37.4200 ,STAN,|California|United States of America|us,,California,United States of America,us
STARA,Stara Space,-,   -118.4100 ,   33.8900 ,-,Manhattan Beach|California|United States of America|us,Manhattan Beach,California,United States of America,us
STARCL,Starcloud,-,   -122.1200 ,   47.6700 ,-,Redmond|Washington|United States of America|us,Redmond,Washington,United States of America,us
STARV,Deweier Kongjian,Star Vision,    120.1000 ,   30.3000 ,-,拱墅区|浙江省|中国|cn,拱墅区,浙江省,中国,cn
STATS,Statsat,-,     10.7300 ,   59.9200 ,SPNOR,Oslo||Norge|no,Oslo,,Norge,no
STBO,Stellenbosch,-,     18.8600 ,  -33.9300 ,-,Stellenbosch Local Municipality|Western Cape|South Africa|za,Stellenbosch Local Municipality,Western Cape,South Africa,za
STCAL,Startical,-,     -3.5800 ,   40.4500 ,-,Madrid|Comunidad de Madrid|España|es,Madrid,Comunidad de Madrid,España,es
STEAM,SteamJet Space,-,      1.8700 ,   51.1500 ,-,||France|fr,,,France,fr
STEL,SingTel,Singapore Telecom,    103.8000 ,    1.3000 ,-,Singapore||Singapore|sg,Singapore,,Singapore,sg
STELEC,ST Electronics,-,    103.8000 ,    1.3000 ,-,Singapore||Singapore|sg,Singapore,,Singapore,sg
STELEX,Stellar Exp.,-,   -120.6400 ,   35.2400 ,-,|California|United States of America|us,,California,United States of America,us
STELLT,Stellat,Stellat,      2.3000 ,   48.8600 ,-,Paris|Île-de-France|France|fr,Paris,Île-de-France,France,fr
STEN,STENSAT,-,    -77.0200 ,   38.9000 ,-,Washington|District of Columbia|United States of America|us,Washington,District of Columbia,United States of America,us
STENN,NASA Stennis,-,    -89.6000 ,   30.6200 ,NASA,|Mississippi|United States of America|us,,Mississippi,United States of America,us
STERN,Sternula,-,      9.9200 ,   57.0500 ,-,Aalborg|Region Nordjylland|Danmark|dk,Aalborg,Region Nordjylland,Danmark,dk
STESS,STE Sat Sys,-,    103.8000 ,    1.3000 ,STELEC,Singapore||Singapore|sg,Singapore,,Singapore,sg
STFC,STFC,-,     -1.7800 ,   51.5600 ,-,Swindon|England|United Kingdom|gb,Swindon,England,United Kingdom,gb
STFISH,Starfish Space,-,   -122.2600 ,   47.4700 ,-,Tukwila|Washington|United States of America|us,Tukwila,Washington,United States of America,us
STG,NASA STG,-,    -76.3800 ,   37.0900 ,NASA,Hampton|Virginia|United States of America|us,Hampton,Virginia,United States of America,us
STGL,NASA LaRC/STG,-,    -76.3800 ,   37.0900 ,NASA,Hampton|Virginia|United States of America|us,Hampton,Virginia,United States of America,us
STIL,Stilsoft,Stilsoft,     41.9800 ,   45.0500 ,-,Ставрополь|Ставропольский край|Россия|ru,Ставрополь,Ставропольский край,Россия,ru
STIOT,Sateliot,-,      2.1800 ,   41.3800 ,-,Barcelona|Catalunya|España|es,Barcelona,Catalunya,España,es
STL,STL,-,   -118.3800 ,   33.8600 ,-,Redondo Beach|California|United States of America|us,Redondo Beach,California,United States of America,us
STLC,IBM STLC,-,    -77.1800 ,   38.9300 ,-,McLean|Virginia|United States of America|us,McLean,Virginia,United States of America,us
STLCH,STLC,-,    -77.1800 ,   38.9300 ,HCI,McLean|Virginia|United States of America|us,McLean,Virginia,United States of America,us
STMS,STM School,-,    -77.0800 ,   38.8800 ,-,Arlington|Virginia|United States of America|us,Arlington,Virginia,United States of America,us
STO,Stockholm,Stockholm University,     18.0600 ,   59.3700 ,-,Stockholm||Sverige|se,Stockholm,,Sverige,se
STONE,Star One,Star One,    -43.2000 ,  -22.9100 ,EMBR,Rio de Janeiro|Rio de Janeiro|Brasil|br,Rio de Janeiro,Rio de Janeiro,Brasil,br
STP,USAF STP,-,   -106.6100 ,   35.0400 ,USAF,Albuquerque|New Mexico|United States of America|us,Albuquerque,New Mexico,United States of America,us
STRAT,Stratonavtika,-,     37.5300 ,   55.7600 ,-,Москва|Москва|Россия|ru,Москва,Москва,Россия,ru
STRATO,Stratolaunch,-,   -118.1200 ,   35.0300 ,-,Mojave|California|United States of America|us,Mojave,California,United States of America,us
STRELA,PO Strela,-,     55.1000 ,   51.7800 ,-,Оренбург|Оренбургская область|Россия|ru,Оренбург,Оренбургская область,Россия,ru
STSM,Starsem,-,      2.4300 ,   48.6200 ,-,Évry||France|fr,Évry,,France,fr
STST,Starstruck,-,   -122.2400 ,   37.4800 ,-,Redwood City|California|United States of America|us,Redwood City,California,United States of America,us
STTS,STTs,Special Technology Center,     30.3700 ,   60.0100 ,-,Санкт-Петербург|Санкт-Петербург|Россия|ru,Санкт-Петербург,Санкт-Петербург,Россия,ru
SU190,Unknown (USSR),-,     37.6200 ,   55.7500 ,-,Москва|Москва|Россия|ru,Москва,Москва,Россия,ru
SU523,Unknown (USSR),-,     37.6200 ,   55.7500 ,-,Москва|Москва|Россия|ru,Москва,Москва,Россия,ru
SU782,Unknown (USSR),-,     37.6200 ,   55.7500 ,-,Москва|Москва|Россия|ru,Москва,Москва,Россия,ru
SUD,Sud,Sud Aviation (South Aviation),      7.0100 ,   43.5500 ,-,Cannes|Provence-Alpes-Côte d'Azur|France|fr,Cannes,Provence-Alpes-Côte d'Azur,France,fr
SUDC,Sud,-,      2.2500 ,   48.9000 ,-,Courbevoie|Île-de-France|France|fr,Courbevoie,Île-de-France,France,fr
SUEL,SUEL,-,   -111.8800 ,   40.7500 ,-,Salt Lake City|Utah|United States of America|us,Salt Lake City,Utah,United States of America,us
SUI,SUI,-,    -91.5400 ,   41.6600 ,-,Iowa City|Iowa|United States of America|us,Iowa City,Iowa,United States of America,us
SUPA,SUPARCO,-,     73.0700 ,   33.7200 ,-,بلیو ایریا|وفاقی دارالحکومت اسلام آباد|پاکستان|pk,بلیو ایریا,وفاقی دارالحکومت اسلام آباد,پاکستان,pk
SUPAER,SUPAERO,National Higher School of Aeronautics and Space,      1.4400 ,   43.6000 ,-,Toulouse|Occitanie|France|fr,Toulouse,Occitanie,France,fr
SUPSAT,SupremeSat,-,    -79.8400 ,    6.9300 ,-,,,,,
SUPSI,SUPSI DTI,-,      8.8200 ,   46.3200 ,-,Verzasca|Ticino|Schweiz/Suisse/Svizzera/Svizra|ch,Verzasca,Ticino,Schweiz/Suisse/Svizzera/Svizra,ch
SURREY,Surrey Space Ctr,-,     -0.5900 ,   51.2400 ,-,Guildford|England|United Kingdom|gb,Guildford,England,United Kingdom,gb
SURYA,Surya U.,-,    106.6200 ,   -6.2600 ,-,Curug Sangereng|Banten|Indonesia|id,Curug Sangereng,Banten,Indonesia,id
SUST,SUSTech,Southern U. of Science and Technology,    113.9900 ,   22.6000 ,-,南山区|广东省|中国|cn,南山区,广东省,中国,cn
SUT,Sharif UT,Sharif University of Technology,     51.3900 ,   35.6900 ,-,شهر تهران|استان تهران|ایران|ir,شهر تهران,استان تهران,ایران,ir
SVC,SVC,-,   -118.6000 ,   34.2600 ,-,Los Angeles|California|United States of America|us,Los Angeles,California,United States of America,us
SVEC,SVEC,-,    -95.3800 ,   29.7600 ,HOUS,Houston|Texas|United States of America|us,Houston,Texas,United States of America,us
SWALES,Swales,-,    -76.9200 ,   39.0400 ,-,Beltsville|Maryland|United States of America|us,Beltsville,Maryland,United States of America,us
SWARM,Swarm Tech,-,   -118.1300 ,   34.1600 ,-,Pasadena|California|United States of America|us,Pasadena,California,United States of America,us
SWARMX,Swarm Tech,-,   -118.1300 ,   34.1600 ,SPX,Pasadena|California|United States of America|us,Pasadena,California,United States of America,us
SWARNZ,Swarm NZ,-,    174.7700 ,  -41.2900 ,SWARM,|Wellington|Aotearoa / New Zealand|nz,,Wellington,Aotearoa / New Zealand,nz
SWCAS,SWCAS,-,    -96.8000 ,   32.7800 ,-,Dallas|Texas|United States of America|us,Dallas,Texas,United States of America,us
SWK,Weixing Keji,Shanghai Satellite Technology,    121.4700 ,   31.2300 ,-,上海市|上海市|中国|cn,上海市,上海市,中国,cn
SWRI,SWRI,-,    -98.5000 ,   29.4200 ,-,San Antonio|Texas|United States of America|us,San Antonio,Texas,United States of America,us
SWRIB,SWRI-Boulder,-,   -105.2700 ,   40.0100 ,SWRI,Boulder|Colorado|United States of America|us,Boulder,Colorado,United States of America,us
SUSX,Sussex,-,     -0.0900 ,   50.8700 ,-,Stanmer|England|United Kingdom|gb,Stanmer,England,United Kingdom,gb
SXAK,Sixiang Aishu,-,    116.3000 ,   39.9600 ,-,海淀区|北京市|中国|cn,海淀区,北京市,中国,cn
SYAAF,SyAAF,Syrian Arab Air Force,     37.1700 ,   36.2200 ,-,حلب|محافظة حلب|سوريا|sy,حلب,محافظة حلب,سوريا,sy
SYMC,SyrMCMD,Syrian Missile Command,     37.1700 ,   36.2200 ,-,حلب|محافظة حلب|سوريا|sy,حلب,محافظة حلب,سوريا,sy
SYNSP,Synspective,-,    139.8200 ,   35.6700 ,-,江東区||日本|jp,江東区,,日本,jp
SYRU,Syracuse U.,-,    -76.1400 ,   43.0500 ,-,City of Syracuse|New York|United States of America|us,City of Syracuse,New York,United States of America,us
SZI,Space Zone India,-,     80.2700 ,   13.0800 ,-,Chennai Corporation|Tamil Nadu|India|in,Chennai Corporation,Tamil Nadu,India,in
SZRTC,ZTHJ,Shaanxi Zhongtian Rocket Technology Ltd,    108.9500 ,   34.2700 ,ARMT,新城区|陕西省|中国|cn,新城区,陕西省,中国,cn
TAC,TAC,-,    -76.3600 ,   37.0800 ,USAF,Hampton|Virginia|United States of America|us,Hampton,Virginia,United States of America,us
TADA,Talimu Daxue,Tarim University,     81.2900 ,   40.5400 ,-,阿拉尔市|新疆维吾尔自治区 شىنجاڭ ئۇيغۇر ئاپتونوم رايونی|中国|cn,阿拉尔市,新疆维吾尔自治区 شىنجاڭ ئۇيغۇر ئاپتونوم رايونی,中国,cn
TAIFUN,NPO Taifun,NPO Typhoon,     36.6200 ,   55.0900 ,-,Обнинск|Калужская область|Россия|ru,Обнинск,Калужская область,Россия,ru
TAMA,Tama,"Tama Art University, Hachioji campus",    139.3200 ,   35.6700 ,-,八王子市||日本|jp,八王子市,,日本,jp
TAMU,Texas A&M,-,    -96.3100 ,   30.6000 ,-,College Station|Texas|United States of America|us,College Station,Texas,United States of America,us
TANOM,True Anomaly,-,   -104.8800 ,   39.5800 ,-,Centennial|Colorado|United States of America|us,Centennial,Colorado,United States of America,us
TAO,TAO,Tokyo Astronomical Observatory,    139.5600 ,   35.6800 ,-,調布市||日本|jp,調布市,,日本,jp
TAOJ,Telecom Adv Org,Telecommunications Advancement Organization of Japan,    139.7500 ,   35.6600 ,-,港区||日本|jp,港区,,日本,jp
TARTU,Tartu U.,University of Tartu,     26.7200 ,   58.3800 ,-,Tartu linn||Eesti|ee,Tartu linn,,Eesti,ee
TASA,TASA,Taiwan Space Agency,    120.9800 ,   24.8200 ,-,新竹市||臺灣|tw,新竹市,,臺灣,tw
TASL,TASL,-,     78.4700 ,   17.3600 ,-,Hyderabad|Telangana|India|in,Hyderabad,Telangana,India,in
TAU,Tel Aviv U.,Tel Aviv University,     34.8000 ,   32.1100 ,-,תל־אביב–יפו|מחוז תל אביב|ישראל|il,תל־אביב–יפו,מחוז תל אביב,ישראל,il
TAYLU,Taylor U.,-,    -85.5000 ,   40.4600 ,-,Upland|Indiana|United States of America|us,Upland,Indiana,United States of America,us
TBELLA,Terra Bella,-,   -122.0800 ,   37.3900 ,-,Mountain View|California|United States of America|us,Mountain View,California,United States of America,us
TBS,TBS,"Tokyo Broadcasting System, Inc.",    139.7500 ,   35.6600 ,-,港区||日本|jp,港区,,日本,jp
TCAN,Telesat,-,    -75.6800 ,   45.4200 ,-,Ottawa|Ontario|Canada|ca,Ottawa,Ontario,Canada,ca
TCANL,Telesat (Loral),-,    -75.6800 ,   45.4200 ,LORC,Ottawa|Ontario|Canada|ca,Ottawa,Ontario,Canada,ca
TCI,TCI,-,   -105.0100 ,   39.6000 ,-,Littleton|Colorado|United States of America|us,Littleton,Colorado,United States of America,us
TCSF,Thomson CSF,Thomson-CSF,      2.3000 ,   48.8600 ,-,Paris|Île-de-France|France|fr,Paris,Île-de-France,France,fr
TECN,Technion,Technion,     34.9800 ,   32.8200 ,-,חיפה|מחוז חיפה|ישראל|il,חיפה,מחוז חיפה,ישראל,il
TEIK,Teikyo,Teikyo Scientific University,    139.7200 ,   35.7600 ,-,北区||日本|jp,北区,,日本,jp
TEHRP,Tehran Poly,Tehran Polytechnic,     51.4100 ,   35.7000 ,-,شهر تهران|استان تهران|ایران|ir,شهر تهران,استان تهران,ایران,ir
TEKEV,TEKEVER,-,     -9.1400 ,   38.7100 ,-,Lisboa||Portugal|pt,Lisboa,,Portugal,pt
TELB,Telebras,Brazilian Telecoms SA,    -47.8800 ,  -15.7900 ,-,Brasília|Distrito Federal|Brasil|br,Brasília,Distrito Federal,Brasil,br
TELB2,Telebras,Brazilian Telecoms SA,    -47.8800 ,  -15.7900 ,-,Brasília|Distrito Federal|Brasil|br,Brasília,Distrito Federal,Brasil,br
TELBR,Teledyne/HSV,-,    -86.5900 ,   34.7300 ,-,Huntsville|Alabama|United States of America|us,Huntsville,Alabama,United States of America,us
TELD,Teledesic,-,   -122.1700 ,   47.6000 ,-,Bellevue|Washington|United States of America|us,Bellevue,Washington,United States of America,us
TELED,TELEDIFE,"Directorate of Telecoms, Informatics and Adv. Tech.",     12.4900 ,   41.8900 ,MDDI,Roma|Lazio|Italia|it,Roma,Lazio,Italia,it
TELK,Telkom,PT Telecommunications of Indonesia,    106.8200 ,   -6.2000 ,-,Jakarta Pusat||Indonesia|id,Jakarta Pusat,,Indonesia,id
TELMX,Telmex,Tele Mexico,    -99.1300 ,   19.4300 ,-,Ciudad de México|Ciudad de México|México|mx,Ciudad de México,Ciudad de México,México,mx
TELTN,Telnet Holding,-,     10.1800 ,   36.8100 ,-,تونس|ولاية تونس|تونس|tn,تونس,ولاية تونس,تونس,tn
TELTRU,Telnet Holding RU,-,     37.6200 ,   55.7500 ,TELTN,Москва|Москва|Россия|ru,Москва,Москва,Россия,ru
TEMIS,TEMIS,-,      8.9200 ,   45.4700 ,-,Corbetta|Lombardia|Italia|it,Corbetta,Lombardia,Italia,it
TEMPO,Tempo Satellite,-,   -105.0100 ,   39.6000 ,TCI,Littleton|Colorado|United States of America|us,Littleton,Colorado,United States of America,us
TERMAB,Terma/Birkerod,Terma,     12.4900 ,   55.8300 ,-,Gammel Holte|Region Hovedstaden|Danmark|dk,Gammel Holte,Region Hovedstaden,Danmark,dk
TERRAN,Terran Orbital,-,   -120.6600 ,   35.2700 ,-,San Luis Obispo|California|United States of America|us,San Luis Obispo,California,United States of America,us
TERRD,Terrestar Network,-,    -77.3500 ,   38.9500 ,DISH,Reston|Virginia|United States of America|us,Reston,Virginia,United States of America,us
TERRE,Terrestar,-,    -77.3500 ,   38.9500 ,-,Reston|Virginia|United States of America|us,Reston,Virginia,United States of America,us
TERRN,Terrestar Network,-,    -77.3500 ,   38.9500 ,TERRE,Reston|Virginia|United States of America|us,Reston,Virginia,United States of America,us
TERSP,TerraSpace,TerraSpace Co. Ltd.,    135.7700 ,   34.8100 ,-,京田辺市||日本|jp,京田辺市,,日本,jp
TERXP,TerraXpace,-,    101.6800 ,    3.1300 ,-,Sentral|Kuala Lumpur|Malaysia|my,Sentral,Kuala Lumpur,Malaysia,my
TESLA,Tesla Inc.,-,   -121.9900 ,   37.5500 ,-,Fremont|California|United States of America|us,Fremont,California,United States of America,us
TETHA,Tether Apps.,-,   -117.0500 ,   32.6300 ,-,Chula Vista|California|United States of America|us,Chula Vista,California,United States of America,us
TF88,USN TF88,-,    -76.3000 ,   36.8200 ,USN,Portsmouth|Virginia|United States of America|us,Portsmouth,Virginia,United States of America,us
THAIC,Thaicom,-,    100.5200 ,   13.8500 ,-,เทศบาลนครนนทบุรี||ประเทศไทย|th,เทศบาลนครนนทบุรี,,ประเทศไทย,th
THALA,Thales Alenia,Thales Alenia Space,      7.6800 ,   45.0800 ,THALP,Torino|Piemonte|Italia|it,Torino,Piemonte,Italia,it
THALP,Thales Paris,Thales Group,      2.2700 ,   48.8900 ,-,Neuilly-sur-Seine|Île-de-France|France|fr,Neuilly-sur-Seine,Île-de-France,France,fr
THALR,Thales Alenia,Thales Alenia Space,     12.4900 ,   41.8900 ,THALP,Roma|Lazio|Italia|it,Roma,Lazio,Italia,it
THALES,Thales Alenia,Thales Alenia Space,      7.0100 ,   43.5500 ,THALP,Cannes|Provence-Alpes-Côte d'Azur|France|fr,Cannes,Provence-Alpes-Côte d'Azur,France,fr
THALUK,Thales UK,-,     -1.3100 ,   51.5800 ,THALP,Vale of White Horse|England|United Kingdom|gb,Vale of White Horse,England,United Kingdom,gb
THINK,Think Orbital,-,   -105.2700 ,   40.0100 ,-,Boulder|Colorado|United States of America|us,Boulder,Colorado,United States of America,us
THK,Thiokol,-,    -75.8300 ,   39.6100 ,-,Elkton|Maryland|United States of America|us,Elkton,Maryland,United States of America,us
THKAIC,AIC Group,-,   -111.8800 ,   40.7500 ,-,Salt Lake City|Utah|United States of America|us,Salt Lake City,Utah,United States of America,us
THKC,Thiokol Corp.,-,   -111.9400 ,   41.1900 ,-,Ogden|Utah|United States of America|us,Ogden,Utah,United States of America,us
THKCOR,Cordant Tech,-,   -111.8800 ,   40.7500 ,-,Salt Lake City|Utah|United States of America|us,Salt Lake City,Utah,United States of America,us
THKE,Thiokol/TE,-,    -75.8300 ,   39.6100 ,THK,Elkton|Maryland|United States of America|us,Elkton,Maryland,United States of America,us
THKU,Thiokol/UT,-,   -112.5500 ,   41.6200 ,THK,|Utah|United States of America|us,,Utah,United States of America,us
THKX,TX,-,    -86.6500 ,   34.6800 ,THK,|Alabama|United States of America|us,,Alabama,United States of America,us
THKXM,Thiokol/TX,-,    -94.3700 ,   32.5500 ,THK,Marshall|Texas|United States of America|us,Marshall,Texas,United States of America,us
THUMB,Thumbsat,-,   -117.0300 ,   32.5200 ,-,Tijuana|Baja California|México|mx,Tijuana,Baja California,México,mx
THUR,Thuraya,Thuraya Satellite,     54.3700 ,   24.4700 ,-,أبو ظبي|أبو ظبي|الإمارات العربية المتحدة|ae,أبو ظبي,أبو ظبي,الإمارات العربية المتحدة,ae
THURY,Yahsat Thuraya,Thuraya Satellite,     54.3700 ,   24.4700 ,ALYAH,أبو ظبي|أبو ظبي|الإمارات العربية المتحدة|ae,أبو ظبي,أبو ظبي,الإمارات العربية المتحدة,ae
TIANB,Tianbing Keji,Beijing Tianbing Tech. Co. Ltd (Space Pioneer),    116.4100 ,   39.8600 ,-,丰台区|北京市|中国|cn,丰台区,北京市,中国,cn
TIANDI,Tiandi Network,Tiandi Information Network Research Inst. (Anhui) Co.,   -117.2800 ,   31.8700 ,CAS,,,,,
TIANJ,Tianjin,Tianjin Aerospace Long March Rocket Manufacturing Co.Ltd.,    117.1800 ,   39.1300 ,-,和平区|天津市|中国|cn,和平区,天津市,中国,cn
TIANJC,CAST Tianjin,-,    117.1800 ,   39.1300 ,-,和平区|天津市|中国|cn,和平区,天津市,中国,cn
TIANJU,Tianjin U.,Tianjin University,    117.1800 ,   39.1100 ,-,和平区|天津市|中国|cn,和平区,天津市,中国,cn
TIANMU,Hangtian Tianmu,Aerospace Tianmu Satellite Tech. Co. Ltd.,    106.5500 ,   29.5600 ,CASIC,|重庆市|中国|cn,,重庆市,中国,cn
TIFR,TIFR,Tata Inst.,     72.0800 ,   18.9100 ,-,,,,,
TIGER,Tiger Innov.,-,    -77.3900 ,   38.9700 ,-,Herndon|Virginia|United States of America|us,Herndon,Virginia,United States of America,us
TIS,Teachers in Space,-,    -74.0100 ,   40.7100 ,-,City of New York|New York|United States of America|us,City of New York,New York,United States of America,us
TISPACE,ti Space,Taiwan Innovative Space Inc.,    120.9100 ,   24.7200 ,-,竹南鎮||臺灣|tw,竹南鎮,,臺灣,tw
TIT,TITech,Tokyo Inst of Technology,    139.4800 ,   35.5100 ,-,横浜市||日本|jp,横浜市,,日本,jp
TJHS,TJHS,-,    -77.0500 ,   38.8000 ,-,Alexandria|Virginia|United States of America|us,Alexandria,Virginia,United States of America,us
TLCJ,Tianlian Cekong,Tianlian Measurement and Control Technology Co. Ltd.,    116.4000 ,   40.0000 ,-,朝阳区|北京市|中国|cn,朝阳区,北京市,中国,cn
TLS,Toul.,"Paul Sabatier University, Toulouse",      1.4700 ,   43.5600 ,-,Toulouse|Occitanie|France|fr,Toulouse,Occitanie,France,fr
TMI,TMI,-,    -75.6100 ,   45.4400 ,-,Ottawa|Ontario|Canada|ca,Ottawa,Ontario,Canada,ca
TMILES,Team Miles,-,    -82.4800 ,   27.9700 ,-,Tampa|Florida|United States of America|us,Tampa,Florida,United States of America,us
TMINUS,T-Minus Eng,-,      4.3600 ,   52.0100 ,-,Delft|Zuid-Holland|Nederland|nl,Delft,Zuid-Holland,Nederland,nl
TMSAT,TMSAT,Thai Microsatellite,    100.4900 ,   13.7500 ,-,กรุงเทพมหานคร||ประเทศไทย|th,กรุงเทพมหานคร,,ประเทศไทย,th
TMTEL,TurkmenTel,-,     58.3700 ,   37.9300 ,-,Aşgabat||Türkmenistan|tm,Aşgabat,,Türkmenistan,tm
TMU,TMU,Tokyo Metropolitan University,    139.3200 ,   35.6700 ,-,八王子市||日本|jp,八王子市,,日本,jp
TMUT,TMU,Tokyo Metropolitan University,    139.3200 ,   35.6700 ,-,八王子市||日本|jp,八王子市,,日本,jp
TNO,TNO,Netherlands Organisation for Applied Scientific Research,      4.3200 ,   52.0800 ,-,Den Haag|Zuid-Holland|Nederland|nl,Den Haag,Zuid-Holland,Nederland,nl
TNOR,Telenor,Telenor,     10.6200 ,   59.8800 ,-,||Norge|no,,,Norge,no
TNORS,Telenor/SpN,Telenor,     10.6200 ,   59.8800 ,SPNOR,||Norge|no,,,Norge,no
TNSA,Turkmen Space,Turkmenistan National Space Agency,     58.3700 ,   37.9300 ,-,Aşgabat||Türkmenistan|tm,Aşgabat,,Türkmenistan,tm
TOHO,Tohoku,Tohoku University,    140.8700 ,   38.2500 ,-,仙台市||日本|jp,仙台市,,日本,jp
TOK,Tokyo,Tokyo University,    139.6800 ,   35.6600 ,-,目黒区||日本|jp,目黒区,,日本,jp
TOKAI,Tokai,Tokai Unviersity,    139.7000 ,   35.6600 ,-,渋谷区||日本|jp,渋谷区,,日本,jp
TOMIO,Tomorrow.io,-,    -71.0500 ,   42.3500 ,-,Boston|Massachusetts|United States of America|us,Boston,Massachusetts,United States of America,us
TOMY,Tomy,Tomy Company Ltd.,    139.7000 ,   35.6600 ,-,渋谷区||日本|jp,渋谷区,,日本,jp
TONG,Tongasat,-,   -175.2000 ,  -21.1300 ,-,Hōfoa|Tongatapu|Tonga|to,Hōfoa,Tongatapu,Tonga,to
TORP,PolyTorino,Polytechnic University of Turin,      7.6600 ,   45.0600 ,-,Torino|Piemonte|Italia|it,Torino,Piemonte,Italia,it
TOSH,Toshiba,Toshiba Komukai Works,    139.7000 ,   35.5200 ,-,川崎市||日本|jp,川崎市,,日本,jp
TOSHKE,Toshiba,Toshiba Keihin Works,    139.7000 ,   35.5200 ,-,川崎市||日本|jp,川崎市,,日本,jp
TOYA,Toyama,Toyama Prefectural University,    137.1000 ,   36.7100 ,-,射水市||日本|jp,射水市,,日本,jp
TOYON,Toyon Res.Corp.,-,   -119.8400 ,   34.4300 ,-,Santa Barbara|California|United States of America|us,Santa Barbara,California,United States of America,us
TPA,TPA Auckland,-,    174.7700 ,   36.8500 ,-,,,,,
TPIX,TelePIX,-,    126.9700 ,   37.5700 ,-,서울특별시||대한민국|kr,서울특별시,,대한민국,kr
TPS,PlanSoc,-,   -118.1300 ,   34.1600 ,-,Pasadena|California|United States of America|us,Pasadena,California,United States of America,us
TPU,Tomsk Polytech.,Tomsk Polytechnic Unviersity,     84.9700 ,   56.5000 ,-,Томск|Томская область|Россия|ru,Томск,Томская область,Россия,ru
TRACR,Tracor,-,    -97.7300 ,   30.2700 ,-,Austin|Texas|United States of America|us,Austin,Texas,United States of America,us
TRLS,TRL Space,-,     16.6100 ,   49.1900 ,-,Brno||Česko|cz,Brno,,Česko,cz
TRORB,TransOrbital,-,   -117.2800 ,   32.8500 ,-,San Diego|California|United States of America|us,San Diego,California,United States of America,us
TROM,Tromso,University of Tromso,     18.9700 ,   69.6800 ,-,Tromsø||Norge|no,Tromsø,,Norge,no
TRON,Tron Future Tech,-,    120.9700 ,   24.8100 ,-,新竹市||臺灣|tw,新竹市,,臺灣,tw
TRSI,TRSI Club,-,      6.0800 ,   50.7800 ,-,Aachen|Nordrhein-Westfalen|Deutschland|de,Aachen,Nordrhein-Westfalen,Deutschland,de
TRPT,TrustPoint,-,    -77.5500 ,   39.1200 ,-,Leesburg|Virginia|United States of America|us,Leesburg,Virginia,United States of America,us
TRPTC,TrustPoint,-,   -122.0800 ,   37.3900 ,TRPT,Mountain View|California|United States of America|us,Mountain View,California,United States of America,us
TRW,TRW,-,   -118.3800 ,   33.8600 ,-,Redondo Beach|California|United States of America|us,Redondo Beach,California,United States of America,us
TRWAA,TRW AstroA,-,   -119.5200 ,   34.4000 ,TRW,Carpinteria|California|United States of America|us,Carpinteria,California,United States of America,us
TRWC,TRW(C),-,    -77.4000 ,   38.8800 ,-,Greenbriar|Virginia|United States of America|us,Greenbriar,Virginia,United States of America,us
TRWESL,TRW ESL,-,   -122.0400 ,   37.3700 ,TRW,Sunnyvale|California|United States of America|us,Sunnyvale,California,United States of America,us
TRWRC,OSCAR-TRW,-,   -118.3800 ,   33.8600 ,-,Redondo Beach|California|United States of America|us,Redondo Beach,California,United States of America,us
TSAO,TsAO,Central Aerological Observatory,     37.5000 ,   55.9300 ,GMS,Долгопрудный|Московская область|Россия|ru,Долгопрудный,Московская область,Россия,ru
TSBM,TsBank,"Central Bank, Russian Federation",     37.6200 ,   55.7500 ,-,Москва|Москва|Россия|ru,Москва,Москва,Россия,ru
TSCJ,TSCJ,Telecommunications Satellite Corp of Japan,    139.9000 ,   35.3300 ,-,君津市||日本|jp,君津市,,日本,jp
TSCO,TSC,-,   -118.1700 ,   35.0500 ,-,Mojave|California|United States of America|us,Mojave,California,United States of America,us
TSEPT,TriSept,-,    -77.4000 ,   38.8800 ,-,Greenbriar|Virginia|United States of America|us,Greenbriar,Virginia,United States of America,us
TSHUA,Tsinghua,Tsinghua University,    116.3000 ,   39.9600 ,-,海淀区|北京市|中国|cn,海淀区,北京市,中国,cn
TSKB7,Arsenal,Arsenal Design Bureau,     30.3100 ,   59.9400 ,-,Санкт-Петербург|Санкт-Петербург|Россия|ru,Санкт-Петербург,Санкт-Петербург,Россия,ru
TSKBE3,TsKBEM Fil. 3,-,     50.1400 ,   53.2000 ,TSKBEM,Самара|Самарская область|Россия|ru,Самара,Самарская область,Россия,ru
TSKBEM,TsKBEM,Central KB for Experimental Machine Building,     37.8200 ,   55.9300 ,-,Королёв|Московская область|Россия|ru,Королёв,Московская область,Россия,ru
TSKBM,TSKBM,Machine Building Special Design Bureau,     37.8700 ,   55.7500 ,-,Реутов|Московская область|Россия|ru,Реутов,Московская область,Россия,ru
TSKHM,TsNIIKhM,Central Sci. Res. Inst. for Chemistry and Mechanics,     37.6200 ,   55.6800 ,-,Москва|Москва|Россия|ru,Москва,Москва,Россия,ru
TSKY,Telesat/Skynet,Telesat,    -75.6800 ,   45.4200 ,TCAN,Ottawa|Ontario|Canada|ca,Ottawa,Ontario,Canada,ca
TSKYB,Telesat/Skynet,Telesat,    -74.6900 ,   40.6700 ,TCAN,Bedminster Township|New Jersey|United States of America|us,Bedminster Township,New Jersey,United States of America,us
TSKYBR,Telesat Brasil,-,    -43.2000 ,  -22.9100 ,TCAN,Rio de Janeiro|Rio de Janeiro|Brasil|br,Rio de Janeiro,Rio de Janeiro,Brasil,br
TSLKY,Twiggs Space Lab,-,    -83.4300 ,   38.1900 ,-,Morehead|Kentucky|United States of America|us,Morehead,Kentucky,United States of America,us
TSMASH,TsNIIMash,-,     37.8200 ,   55.9300 ,-,Королёв|Московская область|Россия|ru,Королёв,Московская область,Россия,ru
TSMASHF,TsNIIMash,-,     37.8200 ,   55.9300 ,FKA,Королёв|Московская область|Россия|ru,Королёв,Московская область,Россия,ru
TSN108,TsNII-108,-,     37.6200 ,   55.7500 ,-,Москва|Москва|Россия|ru,Москва,Москва,Россия,ru
TSNIRTI,TsNIIRTI,-,     37.6200 ,   55.7500 ,-,Москва|Москва|Россия|ru,Москва,Москва,Россия,ru
TSPK,TsPK,Yu. A. Gagarin Cosmonaut Training Center,     38.1200 ,   55.8700 ,VVS,Щёлково|Московская область|Россия|ru,Щёлково,Московская область,Россия,ru
TSPKR,TsPK,Yu. A. Gagarin Cosmonaut Training Center,     38.1200 ,   55.8700 ,FKA,Щёлково|Московская область|Россия|ru,Щёлково,Московская область,Россия,ru
TSPZ,Telespazio,Telespazio,     12.4900 ,   41.8900 ,-,Roma|Lazio|Italia|it,Roma,Lazio,Italia,it
TSSKB,TsSKB,Central Specialized Design Bureau,     50.1400 ,   53.2000 ,-,Самара|Самарская область|Россия|ru,Самара,Самарская область,Россия,ru
TSSKBP,TsSKB-Progress,Central Specialized Design Bureau - Progress,     50.1400 ,   53.2000 ,FKA,Самара|Самарская область|Россия|ru,Самара,Самарская область,Россия,ru
TSUK,JAXA-TKSC,Tsukuba Space Center,    140.0800 ,   36.0800 ,-,つくば市||日本|jp,つくば市,,日本,jp
TSUKOS,TsUKOS,Central Space Forces Directorate,     37.6200 ,   55.7500 ,MO,Москва|Москва|Россия|ru,Москва,Москва,Россия,ru
TSUKU,Tsukuba U,Tsukuba University,    140.0800 ,   36.0800 ,-,つくば市||日本|jp,つくば市,,日本,jp
TSVS,TS VS RF,Topographics Service of the Russian Armed Froces,     37.6200 ,   55.7500 ,-,Москва|Москва|Россия|ru,Москва,Москва,Россия,ru
TTU,Tallinn Tech,Tallinn University of Technology,     24.6700 ,   59.4000 ,-,Tallinn||Eesti|ee,Tallinn,,Eesti,ee
TTY,Tampere,Tampere University of Technology,     23.8600 ,   61.4500 ,-,Tampere|Pirkanmaa|Suomi / Finland|fi,Tampere,Pirkanmaa,Suomi / Finland,fi
TUA,TUA,Turkish Space Agency,     32.8700 ,   39.9300 ,-,Ankara|Ankara|Türkiye|tr,Ankara,Ankara,Türkiye,tr
TUAF,Turk AF,Turkish Air Force,     27.0100 ,   38.5100 ,-,Çiğli||Türkiye|tr,Çiğli,,Türkiye,tr
TUAFA,TuAFA,Turkish Air Force Academy,     28.8500 ,   40.9800 ,TUAF,Bakırköy||Türkiye|tr,Bakırköy,,Türkiye,tr
TUB,TUB,Technical University of Berlin,     13.3300 ,   52.5100 ,-,Berlin||Deutschland|de,Berlin,,Deutschland,de
TUBI,Tubingen,University of Tubingen,      9.0600 ,   48.5300 ,-,Tübingen|Baden-Württemberg|Deutschland|de,Tübingen,Baden-Württemberg,Deutschland,de
TUBT,TUBITAK,Scientific and Technological Research Council (Turkey),     32.8700 ,   39.9300 ,-,Ankara|Ankara|Türkiye|tr,Ankara,Ankara,Türkiye,tr
TUBTK,TUBITAK-BILTEN,STRC Information Technologies and Electronics Institute,     32.8700 ,   39.9300 ,TUBT,Ankara|Ankara|Türkiye|tr,Ankara,Ankara,Türkiye,tr
TUBTU,TUBITAK-UZAY,STRC Space Technologies Research Institute,     32.8700 ,   39.9300 ,TUBT,Ankara|Ankara|Türkiye|tr,Ankara,Ankara,Türkiye,tr
TUC,Tucuman,National Tucuman University,    -65.2300 ,  -26.8400 ,-,San Miguel de Tucumán|Tucumán|Argentina|ar,San Miguel de Tucumán,Tucumán,Argentina,ar
TUD,TU Dresden,Dresden University of Technology,     13.7300 ,   51.0300 ,-,Dresden|Sachsen|Deutschland|de,Dresden,Sachsen,Deutschland,de
TUG,TU Graz,Graz University of Technology,     15.4500 ,   47.0700 ,-,Graz|Steiermark|Österreich|at,Graz,Steiermark,Österreich,at
TUI,TUI,-,   -122.2000 ,   47.7700 ,-,Bothell|Washington|United States of America|us,Bothell,Washington,United States of America,us
TUKE,TUKE,Technical University of Kosice,     21.2400 ,   48.7300 ,-,Košice|Košický kraj|Slovensko|sk,Košice,Košický kraj,Slovensko,sk
TULF,Turkish Army,Turkish Land Forces,     32.8700 ,   39.9300 ,-,Ankara|Ankara|Türkiye|tr,Ankara,Ankara,Türkiye,tr
TUM,TU Munchen,Technical University of Munich,     11.5700 ,   48.1500 ,-,München|Bayern|Deutschland|de,München,Bayern,Deutschland,de
TUMD,TU Moldova,Technical University of Moldova,     28.8200 ,   47.0300 ,-,Chișinău||Moldova|md,Chișinău,,Moldova,md
TUMED,TU Media,-,    126.9700 ,   37.5700 ,SKTEL,서울특별시||대한민국|kr,서울특별시,,대한민국,kr
TURAB,U. Turabo,University of Turabo,    -65.9700 ,   18.2500 ,-,Gurabo|Puerto Rico|United States of America|us,Gurabo,Puerto Rico,United States of America,us
TURION,Turion Space,-,   -117.8200 ,   33.6700 ,-,Irvine|California|United States of America|us,Irvine,California,United States of America,us
TURKP,Turkish PTT,Turkish PTT,     32.8700 ,   39.9300 ,-,Ankara|Ankara|Türkiye|tr,Ankara,Ankara,Türkiye,tr
TURKS,Turksat,Turksat Satellite Comm. and Cable TV Operation AS,     32.8700 ,   39.9300 ,-,Ankara|Ankara|Türkiye|tr,Ankara,Ankara,Türkiye,tr
TURKT,Turk,Turk Telecom,     32.8700 ,   39.9300 ,-,Ankara|Ankara|Türkiye|tr,Ankara,Ankara,Türkiye,tr
TUSAS,TUSAS,Turkish Aerospace Industries Inc.,     32.8700 ,   39.9300 ,-,Ankara|Ankara|Türkiye|tr,Ankara,Ankara,Türkiye,tr
TUSUR,TUSUR,Tomsk State U. of Control Systems and Radioelectronics,     84.9500 ,   56.4700 ,-,Томск|Томская область|Россия|ru,Томск,Томская область,Россия,ru
TUUT,TUUT,-,    121.6100 ,   25.0300 ,-,臺北市||臺灣|tw,臺北市,,臺灣,tw
TXKJ,Tianxun Kongjian,Suzhou Skyscanner Space Tech Co Ltd.,    120.0000 ,   31.3000 ,-,宜兴市|江苏省|中国|cn,宜兴市,江苏省,中国,cn
TXWC,TXWC,-,   -106.5100 ,   31.7700 ,-,El Paso|Texas|United States of America|us,El Paso,Texas,United States of America,us
TYVAK,Tyvak NSS,-,   -120.6600 ,   35.2700 ,-,San Luis Obispo|California|United States of America|us,San Luis Obispo,California,United States of America,us
TYSK,Tuoyuan Shikong,Elliptic SpaceTime (Beijing) Tech Co Ltd.,    116.3000 ,   39.9600 ,-,海淀区|北京市|中国|cn,海淀区,北京市,中国,cn
TYVI,Tyvak Intl,-,      7.6800 ,   45.0800 ,TERRAN,Torino|Piemonte|Italia|it,Torino,Piemonte,Italia,it
TZJ,Taozhi EF,Tao Zhixing Education Foundation,    116.3000 ,   39.9600 ,-,海淀区|北京市|中国|cn,海淀区,北京市,中国,cn
TZSY,Taicang Zhang,NWPU Taicang Yangtze River Delta Research Institute,    121.1700 ,   31.5600 ,NWPU,太仓市|江苏省|中国|cn,太仓市,江苏省,中国,cn
TZXK,Taizhou Xingkong,Taizhou Xingkong Intelligent Connectivity Tech Co Ltd.,    121.4200 ,   28.6600 ,GEELY,椒江区|浙江省|中国|cn,椒江区,浙江省,中国,cn
U9900,Yachiyd 9900,"Unit 9900, IDF",     34.8200 ,   32.0800 ,IDF,רמת גן|מחוז תל אביב|ישראל|il,רמת גן,מחוז תל אביב,ישראל,il
UAB,UAB,-,    -86.8100 ,   33.5200 ,-,Birmingham|Alabama|United States of America|us,Birmingham,Alabama,United States of America,us
UAC,United Aircraft,-,    -72.6700 ,   41.7600 ,-,Hartford|Connecticut|United States of America|us,Hartford,Connecticut,United States of America,us
UAEAF,UAE AF,United Arab Emirates Armed Forces,     54.3700 ,   24.4700 ,-,أبو ظبي|أبو ظبي|الإمارات العربية المتحدة|ae,أبو ظبي,أبو ظبي,الإمارات العربية المتحدة,ae
UAEU,UAE University,-,     55.7500 ,   24.2300 ,-,العين|أبو ظبي|الإمارات العربية المتحدة|ae,العين,أبو ظبي,الإمارات العربية المتحدة,ae
UAF,Alaska,-,   -147.8400 ,   64.8600 ,-,Fairbanks|Alaska|United States of America|us,Fairbanks,Alaska,United States of America,us
UAH,UAH,-,    -86.6400 ,   34.7300 ,-,Huntsville|Alabama|United States of America|us,Huntsville,Alabama,United States of America,us
UAHCM,UAH CMDS,-,    -86.6400 ,   34.7300 ,UAH,Huntsville|Alabama|United States of America|us,Huntsville,Alabama,United States of America,us
UAP,U. Alas Peruanas,Peruvian Aviation University,    -77.0500 ,  -12.0700 ,-,|Lima|Perú|pe,,Lima,Perú,pe
UARK,U. Arkansas,-,    -94.1800 ,   36.0700 ,-,Fayetteville|Arkansas|United States of America|us,Fayetteville,Arkansas,United States of America,us
UARX,UARX Space,-,     -8.8100 ,   42.1400 ,-,Nigrán|Galicia|España|es,Nigrán,Galicia,España,es
UAZ,U. Arizona,-,   -110.9500 ,   32.2300 ,-,Tucson|Arizona|United States of America|us,Tucson,Arizona,United States of America,us
UBC,UBC,-,   -213.2500 ,   49.2600 ,-,,,,,
UBIQ,UbiquitiLink,-,    -77.1700 ,   38.8900 ,-,Falls Church|Virginia|United States of America|us,Falls Church,Virginia,United States of America,us
UBWM,U Bundeswehr,University of the Bundeswehr Munich,     11.6400 ,   48.0800 ,-,Neubiberg|Bayern|Deutschland|de,Neubiberg,Bayern,Deutschland,de
UCAN,UCant,-,    172.5800 ,  -43.5200 ,-,Christchurch|Canterbury|Aotearoa / New Zealand|nz,Christchurch,Canterbury,Aotearoa / New Zealand,nz
UCB,UCB,-,   -122.2600 ,   37.8700 ,-,Berkeley|California|United States of America|us,Berkeley,California,United States of America,us
UCD,UC Davis,-,   -121.7500 ,   38.5400 ,-,Davis|California|United States of America|us,Davis,California,United States of America,us
UCDB,UC Dublin,-,     -6.2200 ,   53.3100 ,-,Dundrum||Éire / Ireland|ie,Dundrum,,Éire / Ireland,ie
UCF,UC Central Fla,-,    -81.2000 ,   28.6000 ,-,Orlando|Florida|United States of America|us,Orlando,Florida,United States of America,us
UCH,SPEL/UCH,-,    -70.6800 ,  -33.4500 ,-,|Región Metropolitana de Santiago|Chile|cl,,Región Metropolitana de Santiago,Chile,cl
UCL,UCL,-,     -0.1300 ,   51.5200 ,-,Greater London|England|United Kingdom|gb,Greater London,England,United Kingdom,gb
UCLA,UCLA,-,   -118.4400 ,   34.0700 ,-,Los Angeles|California|United States of America|us,Los Angeles,California,United States of America,us
UCO,Colorado,-,   -105.2700 ,   40.0100 ,-,Boulder|Colorado|United States of America|us,Boulder,Colorado,United States of America,us
UCSD,UCSD,-,   -117.2800 ,   32.8500 ,-,San Diego|California|United States of America|us,San Diego,California,United States of America,us
UCSFMC,UCSF Med Ctr,-,   -122.4600 ,   37.7600 ,-,San Francisco|California|United States of America|us,San Francisco,California,United States of America,us
UCW,UCW,-,     -4.0700 ,   52.4200 ,-,Aberystwyth|Cymru / Wales|United Kingdom|gb,Aberystwyth,Cymru / Wales,United Kingdom,gb
UDAYT,U. Dayton,-,    -84.1800 ,   39.7400 ,-,Oakwood|Ohio|United States of America|us,Oakwood,Ohio,United States of America,us
UDEFA,UDEFA,University of the Mexican Army and Air Force,    -99.1800 ,   19.4500 ,-,Ciudad de México|Ciudad de México|México|mx,Ciudad de México,Ciudad de México,México,mx
UDES,U de Sherbrooke,University of Sherbrooke,    -71.9300 ,   45.3800 ,-,Sherbrooke|Québec|Canada|ca,Sherbrooke,Québec,Canada,ca
UEM,UEM,European University of Madrid,     -3.7200 ,   40.3800 ,-,Madrid|Comunidad de Madrid|España|es,Madrid,Comunidad de Madrid,España,es
UESTC,UESTC,University of Electronic Science and Technology of China,    103.9300 ,   30.7600 ,-,郫都区|四川省|中国|cn,郫都区,四川省,中国,cn
UFA,UFA,Institute of Atmospheric Physics,     14.4200 ,   50.0800 ,ANCZ,Hlavní město Praha|Praha|Česko|cz,Hlavní město Praha,Praha,Česko,cz
UFL,UFla,-,    -82.3500 ,   29.6500 ,-,Gainesville|Florida|United States of America|us,Gainesville,Florida,United States of America,us
UFMA,UFMA,Federal University of Maranhao,    -44.3000 ,   -2.5200 ,-,São Luís|Maranhão|Brasil|br,São Luís,Maranhão,Brasil,br
UFSC,UFSC,Federal University of Santa Catarina,    -48.5200 ,   27.6000 ,-,,,,,
UFSM,UFSM,Federal University of Santa Maria,    -53.7200 ,  -29.7100 ,-,Santa Maria|Rio Grande do Sul|Brasil|br,Santa Maria,Rio Grande do Sul,Brasil,br
UGA,U Georgia,-,    -83.3700 ,   33.9600 ,-,Athens|Georgia|United States of America|us,Athens,Georgia,United States of America,us
UGATU,UGATU,Ufa State Aviation Technical University,     55.9400 ,   54.7300 ,-,Уфа|Башкортостан|Россия|ru,Уфа,Башкортостан,Россия,ru
UHI,Hawaii,-,   -157.8200 ,   21.3000 ,-,East Honolulu|Hawaii|United States of America|us,East Honolulu,Hawaii,United States of America,us
UIA,Iowa,-,    -91.5400 ,   41.6600 ,-,Iowa City|Iowa|United States of America|us,Iowa City,Iowa,United States of America,us
UIO,UIO,-,     17.6400 ,   59.8600 ,-,Uppsala||Sverige|se,Uppsala,,Sverige,se
UIPRB,UIPR Bayamon,-,    -66.1800 ,   18.3500 ,-,Bayamón|Puerto Rico|United States of America|us,Bayamón,Puerto Rico,United States of America,us
UITM,UiTM,MARA University of Technology,    101.5000 ,    3.0700 ,-,Shah Alam|Selangor|Malaysia|my,Shah Alam,Selangor,Malaysia,my
UIUC,UIUC,-,    -88.2300 ,   40.1100 ,-,Champaign|Illinois|United States of America|us,Champaign,Illinois,United States of America,us
UKMO,UK MO,-,     -0.7500 ,   51.4200 ,-,Bracknell|England|United Kingdom|gb,Bracknell,England,United Kingdom,gb
UKNR,Navy Royal,-,     -0.1300 ,   51.5000 ,-,City of Westminster|England|United Kingdom|gb,City of Westminster,England,United Kingdom,gb
UKRA,Royal Artillery,-,     -1.8100 ,   51.2000 ,-,Larkhill|England|United Kingdom|gb,Larkhill,England,United Kingdom,gb
UKRN,RN,-,     -0.1300 ,   51.5000 ,-,City of Westminster|England|United Kingdom|gb,City of Westminster,England,United Kingdom,gb
UKS,U. Kansas,-,    -95.2500 ,   38.9600 ,-,Lawrence|Kansas|United States of America|us,Lawrence,Kansas,United States of America,us
UKSA,UKSA,-,     -1.7800 ,   51.5600 ,-,Swindon|England|United Kingdom|gb,Swindon,England,United Kingdom,gb
UKSC,UK Space Command,-,     -0.7500 ,   51.6300 ,-,High Wycombe|England|United Kingdom|gb,High Wycombe,England,United Kingdom,gb
UKSPOC,RAF Space Ops,-,     -0.7500 ,   51.6300 ,-,High Wycombe|England|United Kingdom|gb,High Wycombe,England,United Kingdom,gb
UKTSB,UK TSB,-,     -1.7800 ,   51.5600 ,-,Swindon|England|United Kingdom|gb,Swindon,England,United Kingdom,gb
UKWO,UK WO,-,     -0.1300 ,   51.5000 ,-,City of Westminster|England|United Kingdom|gb,City of Westminster,England,United Kingdom,gb
UKY,UKentucky,-,    -84.5000 ,   38.0300 ,-,Lexington|Kentucky|United States of America|us,Lexington,Kentucky,United States of America,us
ULAB,ULA,-,   -104.8700 ,   39.5900 ,BOE,Centennial|Colorado|United States of America|us,Centennial,Colorado,United States of America,us
ULAD,ULA Decatur,-,    -86.9800 ,   34.6100 ,ULAL,Decatur|Alabama|United States of America|us,Decatur,Alabama,United States of America,us
ULAL,ULA,-,   -104.8700 ,   39.5900 ,LM,Centennial|Colorado|United States of America|us,Centennial,Colorado,United States of America,us
ULLAF,UL-Lafayette,-,    -92.0200 ,   30.2100 ,-,Lafayette|Louisiana|United States of America|us,Lafayette,Louisiana,United States of America,us
ULM,Ulm,University of Ulm,      9.9800 ,   48.4000 ,-,Ulm|Baden-Württemberg|Deutschland|de,Ulm,Baden-Württemberg,Deutschland,de
ULUX,U Lux.,-,      6.1600 ,   49.6300 ,-,Luxembourg||Lëtzebuerg|lu,Luxembourg,,Lëtzebuerg,lu
UM5R,UM5R,"Mohammed V University, Rabat",     -6.8600 ,   33.9900 ,-,Rabat ⵔⴱⴰⵟ الرباط||Maroc ⵍⵎⵖⵔⵉⴱ المغرب|ma,Rabat ⵔⴱⴰⵟ الرباط,,Maroc ⵍⵎⵖⵔⵉⴱ المغرب,ma
UMAJ,Ursa Major,-,   -105.0800 ,   40.3100 ,-,Berthoud|Colorado|United States of America|us,Berthoud,Colorado,United States of America,us
UMAL,UMass Lowell,-,    -71.3300 ,   42.6400 ,-,Lowell|Massachusetts|United States of America|us,Lowell,Massachusetts,United States of America,us
UMANI,U Manitoba,-,    -97.1300 ,   49.8100 ,-,Winnipeg|Manitoba|Canada|ca,Winnipeg,Manitoba,Canada,ca
UMARB,U. Maribor,University of Maribor,     15.6400 ,   46.5600 ,-,Maribor||Slovenija|si,Maribor,,Slovenija,si
UMBC,UMBC,-,    -76.7100 ,   39.2600 ,-,Baltimore|Maryland|United States of America|us,Baltimore,Maryland,United States of America,us
UMBRA,Umbra Labs,-,   -119.7000 ,   34.4200 ,-,Santa Barbara|California|United States of America|us,Santa Barbara,California,United States of America,us
UMD,UMD,-,    -76.9400 ,   38.9900 ,-,College Park|Maryland|United States of America|us,College Park,Maryland,United States of America,us
UME,U Maine,-,    -68.6700 ,   44.9000 ,-,Orono|Maine|United States of America|us,Orono,Maine,United States of America,us
UMI,UM,-,    -83.7400 ,   42.2800 ,-,Ann Arbor|Michigan|United States of America|us,Ann Arbor,Michigan,United States of America,us
UMIAMI,U Miami,-,    -80.2800 ,   25.7200 ,-,Coral Gables|Florida|United States of America|us,Coral Gables,Florida,United States of America,us
UMN,UMn,-,    -93.2400 ,   44.9700 ,-,Minneapolis|Minnesota|United States of America|us,Minneapolis,Minnesota,United States of America,us
UMROL,Mis.U.SciTech,-,    -91.7700 ,   37.9600 ,-,Rolla|Missouri|United States of America|us,Rolla,Missouri,United States of America,us
UNAM,UNAM,National Autonomous University of Mexico,    -99.1900 ,   19.3300 ,-,Ciudad de México|Ciudad de México|México|mx,Ciudad de México,Ciudad de México,México,mx
UNB,Uni. Brasilia,University of Brasilia,    -47.8700 ,  -15.7600 ,-,Brasília|Distrito Federal|Brasil|br,Brasília,Distrito Federal,Brasil,br
UNBRUN,U New Brunswick,-,    -66.6400 ,   45.9500 ,-,Fredericton|New Brunswick / Nouveau-Brunswick|Canada|ca,Fredericton,New Brunswick / Nouveau-Brunswick,Canada,ca
UNCW,UNC Wilmington,-,    -77.8800 ,   34.2300 ,-,Wilmington|North Carolina|United States of America|us,Wilmington,North Carolina,United States of America,us
UND,UND,-,    -97.0700 ,   47.9200 ,-,Grand Forks|North Dakota|United States of America|us,Grand Forks,North Dakota,United States of America,us
UNF2,U Napoli Fed.II,University of Naples Federico II,     14.2600 ,   40.8500 ,-,Napoli|Campania|Italia|it,Napoli,Campania,Italia,it
UNH,UNH,-,    -70.9300 ,   43.1400 ,-,Durham|New Hampshire|United States of America|us,Durham,New Hampshire,United States of America,us
UNHAN,UNHAN,Indonesian Defense University,    106.8500 ,   -6.5200 ,-,Kab Bogor|Jawa Barat|Indonesia|id,Kab Bogor,Jawa Barat,Indonesia,id
UNIPE,UNI Peru,National University of Engineering,    -77.0500 ,  -12.0200 ,-,Lima|Lima|Perú|pe,Lima,Lima,Perú,pe
UNIS,UNISEC,-,    139.7600 ,   35.7200 ,-,文京区||日本|jp,文京区,,日本,jp
UNISTW,UNISEC Taiwan,-,    120.2200 ,   23.0000 ,NCKU,臺南市||臺灣|tw,臺南市,,臺灣,tw
UNITS,UNITS,Trieste University,     13.7900 ,   45.6600 ,-,Trieste|Friuli-Venezia Giulia|Italia|it,Trieste,Friuli-Venezia Giulia,Italia,it
UNKCN,Unknown (CN),-,    116.3800 ,   39.9200 ,-,西城区|北京市|中国|cn,西城区,北京市,中国,cn
UNKFAI,Unknown FAI,-,    -76.8900 ,   38.9900 ,-,Greenbelt|Maryland|United States of America|us,Greenbelt,Maryland,United States of America,us
UNKRU,Unknown (RU),-,     37.6200 ,   55.7500 ,-,Москва|Москва|Россия|ru,Москва,Москва,Россия,ru
UNKS,UNKS,-,     37.6200 ,   55.7500 ,MO,Москва|Москва|Россия|ru,Москва,Москва,Россия,ru
UNKSR,UNKS RF,-,     37.6200 ,   55.7500 ,RVSNR,Москва|Москва|Россия|ru,Москва,Москва,Россия,ru
UNKJ,Unknown (J),-,    139.7200 ,   35.7100 ,-,新宿区||日本|jp,新宿区,,日本,jp
UNKUS,Unknown (US),-,    -77.0200 ,   38.9000 ,-,Washington|District of Columbia|United States of America|us,Washington,District of Columbia,United States of America,us
UNKUS1,Unknown 1,-,    -77.0200 ,   38.9000 ,-,Washington|District of Columbia|United States of America|us,Washington,District of Columbia,United States of America,us
UNL,U Nebraska,-,    -96.7000 ,   40.8200 ,-,Lincoln|Nebraska|United States of America|us,Lincoln,Nebraska,United States of America,us
UNLP,UNLP,-,    -57.9500 ,  -34.9100 ,-,La Plata|Buenos Aires|Argentina|ar,La Plata,Buenos Aires,Argentina,ar
UNLV,UNLV,-,   -115.1500 ,   36.1800 ,-,Las Vegas|Nevada|United States of America|us,Las Vegas,Nevada,United States of America,us
UNMC,UNM COSMIAC,-,   -106.6200 ,   35.0800 ,-,Albuquerque|New Mexico|United States of America|us,Albuquerque,New Mexico,United States of America,us
UNOPAR,UNOPAR,University of North Parana,    -51.1500 ,  -23.3000 ,-,Londrina|Paraná|Brasil|br,Londrina,Paraná,Brasil,br
UNRV,UNRV,Directorate of Chief of Rocket-Propelled Weapons,     37.6700 ,   55.7200 ,GAU,Москва|Москва|Россия|ru,Москва,Москва,Россия,ru
UNSEEN,Unseen Labs,-,     -1.6800 ,   48.1100 ,-,Rennes|Bretagne|France|fr,Rennes,Bretagne,France,fr
UNSJ,UN San Juan,National University of San Juan,    -68.5800 ,  -31.5400 ,-,|San Juan|Argentina|ar,,San Juan,Argentina,ar
UNSW,U. NSW,-,    151.2300 ,  -33.9200 ,-,Sydney|New South Wales|Australia|au,Sydney,New South Wales,Australia,au
UNSWC,U. NSW,-,    149.1200 ,  -35.3100 ,-,Canberra||Australia|au,Canberra,,Australia,au
UOS,U of Surrey,-,     -0.5900 ,   51.2400 ,-,Guildford|England|United Kingdom|gb,Guildford,England,United Kingdom,gb
UPAE,UPAero,-,   -104.9700 ,   39.5400 ,-,Highlands Ranch|Colorado|United States of America|us,Highlands Ranch,Colorado,United States of America,us
UPAEP,UPAEP,-,    -98.2200 ,   19.0500 ,-,Puebla|Puebla|México|mx,Puebla,Puebla,México,mx
UPC,UPC,Polytechnic U. of Catalonia,      2.1200 ,   41.3900 ,-,Barcelona|Catalunya|España|es,Barcelona,Catalunya,España,es
UPD,UP Diliman,U. of the Phillipines Diliman,    121.0500 ,   14.6500 ,-,Quezon City||Philippines|ph,Quezon City,,Philippines,ph
UPM,IDR/UPM,Polytechnic U. of Madrid,     -3.7300 ,   40.4500 ,-,Madrid|Comunidad de Madrid|España|es,Madrid,Comunidad de Madrid,España,es
UPMIM,IDR/UPM,UPM Microgravity Institute,     -3.7300 ,   40.4500 ,UPM,Madrid|Comunidad de Madrid|España|es,Madrid,Comunidad de Madrid,España,es
UQU,UQU-CFH,-,    153.0100 ,  -27.4900 ,-,|Queensland|Australia|au,,Queensland,Australia,au
URDEI,UrtheCast Deimos,-,     -4.7000 ,   41.5300 ,URTHE,Boecillo|Castilla y León|España|es,Boecillo,Castilla y León,España,es
URE,URE,Spanish Radio Amateur Union,     -3.7200 ,   40.3800 ,-,Madrid|Comunidad de Madrid|España|es,Madrid,Comunidad de Madrid,España,es
URTHE,UrtheCast,-,   -123.1000 ,   49.2500 ,-,Vancouver|British Columbia|Canada|ca,Vancouver,British Columbia,Canada,ca
URUGUS,URUGUS S.A.,-,    -56.1800 ,  -34.8800 ,SATELOG,Montevideo|Montevideo|Uruguay|uy,Montevideo,Montevideo,Uruguay,uy
US7A,US 7th Army,-,      9.8000 ,   48.8000 ,USA,Schwäbisch Gmünd|Baden-Württemberg|Deutschland|de,Schwäbisch Gmünd,Baden-Württemberg,Deutschland,de
US8A,US 8th Army,-,    126.9800 ,   37.5300 ,USA,서울특별시||대한민국|kr,서울특별시,,대한민국,kr
USA,US Army,-,    -77.0200 ,   38.9000 ,-,Washington|District of Columbia|United States of America|us,Washington,District of Columbia,United States of America,us
USAF,USAF,-,    -77.0600 ,   38.8700 ,-,|Virginia|United States of America|us,,Virginia,United States of America,us
USAFA,USAF Academy,-,   -104.8900 ,   39.0100 ,USAF,|Colorado|United States of America|us,,Colorado,United States of America,us
USAIC,US Army IC,-,   -110.3500 ,   31.5600 ,USA,Sierra Vista|Arizona|United States of America|us,Sierra Vista,Arizona,United States of America,us
USALA,U. S Ala,-,    -88.1800 ,   30.7000 ,-,Mobile|Alabama|United States of America|us,Mobile,Alabama,United States of America,us
USAMC,USA AMC,-,    -77.0200 ,   38.9000 ,USA,Washington|District of Columbia|United States of America|us,Washington,District of Columbia,United States of America,us
USASC,USA SC,-,    -74.0500 ,   40.3100 ,USA,Eatontown|New Jersey|United States of America|us,Eatontown,New Jersey,United States of America,us
USCG,USCG,-,    -77.0200 ,   38.9000 ,USA,Washington|District of Columbia|United States of America|us,Washington,District of Columbia,United States of America,us
USCGR,USCG RDC,-,    -72.1000 ,   41.3600 ,-,New London|Connecticut|United States of America|us,New London,Connecticut,United States of America,us
USCLA,USC,-,   -118.2800 ,   34.0200 ,-,Los Angeles|California|United States of America|us,Los Angeles,California,United States of America,us
USCMR,USC,-,   -118.4400 ,   33.9800 ,USCLA,|California|United States of America|us,,California,United States of America,us
USDI,USDI BLM,-,    -77.0200 ,   38.9000 ,-,Washington|District of Columbia|United States of America|us,Washington,District of Columbia,United States of America,us
USDMA,US DMA,-,    -77.1100 ,   38.9800 ,DOD,Bethesda|Maryland|United States of America|us,Bethesda,Maryland,United States of America,us
USEF,USEF,Institute for Unmanned Space Experiment Free Flyer,    139.7500 ,   35.6900 ,-,千代田区||日本|jp,千代田区,,日本,jp
USERAR,USergioArb,Sergio Arboleda University,    -74.0700 ,    4.7100 ,-,Bogotá||Colombia|co,Bogotá,,Colombia,co
USF,U South Fla,-,    -82.4131 ,   28.0546 ,-,Tampa|Florida|United States of America|us,Tampa,Florida,United States of America,us
USGS,USGS EROS,-,    -96.7300 ,   43.5400 ,USGSR,Sioux Falls|South Dakota|United States of America|us,Sioux Falls,South Dakota,United States of America,us
USGSR,USGS,-,    -77.3500 ,   38.9500 ,USDI,Reston|Virginia|United States of America|us,Reston,Virginia,United States of America,us
USHREP,US House,-,    -77.0200 ,   38.9000 ,-,Washington|District of Columbia|United States of America|us,Washington,District of Columbia,United States of America,us
USIN,USI Evansville,-,    -87.6700 ,   37.9600 ,-,|Indiana|United States of America|us,,Indiana,United States of America,us
USMA,USMA,-,    -73.9700 ,   41.3800 ,USA,|New York|United States of America|us,,New York,United States of America,us
USMC,USMC,-,    -77.0600 ,   38.8700 ,-,|Virginia|United States of America|us,,Virginia,United States of America,us
USN,USN,-,    -77.0600 ,   38.8700 ,-,|Virginia|United States of America|us,,Virginia,United States of America,us
USNA,USNA,-,    -76.5000 ,   39.9700 ,USN,Lower Windsor Township|Pennsylvania|United States of America|us,Lower Windsor Township,Pennsylvania,United States of America,us
USNAEG,USN Aegis,-,    -74.9000 ,   39.9800 ,NAVSEA,Moorestown Township|New Jersey|United States of America|us,Moorestown Township,New Jersey,United States of America,us
USNB,USN Boston,-,    -71.0500 ,   42.3800 ,USN,Boston|Massachusetts|United States of America|us,Boston,Massachusetts,United States of America,us
USNESC,NESC,-,    -77.0200 ,   38.9000 ,USN,Washington|District of Columbia|United States of America|us,Washington,District of Columbia,United States of America,us
USNEV,NAVSTA Everett,-,   -122.2200 ,   47.9900 ,USN,Everett|Washington|United States of America|us,Everett,Washington,United States of America,us
USNMYP,NS Mayport,-,    -81.4200 ,   30.3900 ,USN,Jacksonville|Florida|United States of America|us,Jacksonville,Florida,United States of America,us
USNPH,NS Pearl Harbor,-,   -157.9400 ,   21.3500 ,USN,Waipahu|Hawaii|United States of America|us,Waipahu,Hawaii,United States of America,us
USNPS,USN PGS,-,   -121.8900 ,   36.6000 ,USN,Monterey|California|United States of America|us,Monterey,California,United States of America,us
USNROT,NS Rota,-,     -6.3300 ,   36.6200 ,USN,Rota|Andalucía|España|es,Rota,Andalucía,España,es
USNSD,NB San Diego,-,   -117.1200 ,   32.6800 ,USN,San Diego|California|United States of America|us,San Diego,California,United States of America,us
USNSP,Navy Space Pr.,-,    -77.0200 ,   38.9000 ,NAVMAT,Washington|District of Columbia|United States of America|us,Washington,District of Columbia,United States of America,us
USNSP2,Navy Space Pr.,-,    -77.0200 ,   38.9000 ,USNESC,Washington|District of Columbia|United States of America|us,Washington,District of Columbia,United States of America,us
USNSPO,USN SPO,-,    -77.0600 ,   38.8700 ,USN,|Virginia|United States of America|us,,Virginia,United States of America,us
USNSSD,USN SSD,-,    -77.0200 ,   38.9000 ,USN,Washington|District of Columbia|United States of America|us,Washington,District of Columbia,United States of America,us
USNSSP,USN SSP,-,   -122.0400 ,   37.3700 ,USN,Sunnyvale|California|United States of America|us,Sunnyvale,California,United States of America,us
USNTB,USN-TBMD,-,    -77.0600 ,   38.8700 ,USN,|Virginia|United States of America|us,,Virginia,United States of America,us
USNVA,USN Norfolk,-,    -76.3100 ,   36.9500 ,USN,Norfolk|Virginia|United States of America|us,Norfolk,Virginia,United States of America,us
USNYOK,USN Yokosuka,-,    139.6700 ,   35.2900 ,USN,横須賀市||日本|jp,横須賀市,,日本,jp
USPACE,U-Space,-,      1.4700 ,   43.5600 ,-,Ramonville-Saint-Agne|Occitanie|France|fr,Ramonville-Saint-Agne,Occitanie,France,fr
USPS,USPS,-,    -77.0200 ,   38.9000 ,-,Washington|District of Columbia|United States of America|us,Washington,District of Columbia,United States of America,us
USSEN,US Senate,-,    -77.0200 ,   38.9000 ,-,Washington|District of Columbia|United States of America|us,Washington,District of Columbia,United States of America,us
USSF,USSF,-,    -77.0600 ,   38.8700 ,-,|Virginia|United States of America|us,,Virginia,United States of America,us
USSPC,USSPACECOM,-,   -104.7000 ,   38.8200 ,DOD,Colorado Springs|Colorado|United States of America|us,Colorado Springs,Colorado,United States of America,us
USSPC2,USSPACECOM,-,   -104.7000 ,   38.8200 ,DOD,Colorado Springs|Colorado|United States of America|us,Colorado Springs,Colorado,United States of America,us
USSTR,USSTRATCOM,-,    -95.9100 ,   41.1200 ,DOD,|Nebraska|United States of America|us,,Nebraska,United States of America,us
USTC,USTC,University of Science and Technology of China,   -117.2800 ,   31.8700 ,CAS,,,,,
USU,USU SDL,-,   -111.8300 ,   41.7400 ,-,Logan|Utah|United States of America|us,Logan,Utah,United States of America,us
USWL,U SW Louisiana,-,    -92.0200 ,   30.2100 ,-,Lafayette|Louisiana|United States of America|us,Lafayette,Louisiana,United States of America,us
USYD,U Sydney,-,    151.1900 ,  -33.8900 ,-,Sydney|New South Wales|Australia|au,Sydney,New South Wales,Australia,au
UT,UT Austin,-,    -97.7400 ,   30.2900 ,-,Austin|Texas|United States of America|us,Austin,Texas,United States of America,us
UTAA,Turk Hava Kurumu,Unversity of Turkish Aeronautical Association,     32.6500 ,   39.9300 ,-,Etimesgut|Ankara|Türkiye|tr,Etimesgut,Ankara,Türkiye,tr
UTAT,UTor Aero Team,-,    -79.4700 ,   43.7500 ,UTIAS0,Toronto|Ontario|Canada|ca,Toronto,Ontario,Canada,ca
UTC,UTC,-,   -121.9000 ,   37.3300 ,UAC,San Jose|California|United States of America|us,San Jose,California,United States of America,us
UTC2,UTC,-,    -72.6700 ,   41.7600 ,-,Hartford|Connecticut|United States of America|us,Hartford,Connecticut,United States of America,us
UTCRTX,UTC,-,    -72.6700 ,   41.7600 ,RTX,Hartford|Connecticut|United States of America|us,Hartford,Connecticut,United States of America,us
UTCWL,UTC Aerospace,-,    -72.6500 ,   41.9300 ,UTC2,Windsor Locks|Connecticut|United States of America|us,Windsor Locks,Connecticut,United States of America,us
UTCISR,UTC ISR Sys,-,    -73.4700 ,   41.4000 ,UTC2,Danbury|Connecticut|United States of America|us,Danbury,Connecticut,United States of America,us
UTD,UTD,-,    -96.7500 ,   32.9900 ,-,Richardson|Texas|United States of America|us,Richardson,Texas,United States of America,us
UTE,UTE,Equinoctial University of Ecuador,    -78.4900 ,   -0.1800 ,-,Quito||Ecuador|ec,Quito,,Ecuador,ec
UTEP,UTEP,-,   -106.5100 ,   31.7700 ,-,El Paso|Texas|United States of America|us,El Paso,Texas,United States of America,us
UTIAS,UTIAS-SFL,-,    -79.5000 ,   43.7600 ,UTIAS0,Toronto|Ontario|Canada|ca,Toronto,Ontario,Canada,ca
UTIAS0,UTIAS,-,    -79.5000 ,   43.7600 ,-,Toronto|Ontario|Canada|ca,Toronto,Ontario,Canada,ca
UTMB,UTMB,-,    -94.8300 ,   29.2800 ,-,Galveston|Texas|United States of America|us,Galveston,Texas,United States of America,us
UTMN,TyumGU,Tyumen State University,     84.9500 ,   56.4700 ,-,Томск|Томская область|Россия|ru,Томск,Томская область,Россия,ru
UTOR,Toronto,-,    -79.5000 ,   43.7600 ,-,Toronto|Ontario|Canada|ca,Toronto,Ontario,Canada,ca
UTR,Utrecht,-,      5.1700 ,   52.0900 ,-,Utrecht|Utrecht|Nederland|nl,Utrecht,Utrecht,Nederland,nl
UTRU,Utrecht,-,      5.1700 ,   52.0900 ,-,Utrecht|Utrecht|Nederland|nl,Utrecht,Utrecht,Nederland,nl
UUT,Utah,-,   -111.8500 ,   40.7700 ,-,Salt Lake City|Utah|United States of America|us,Salt Lake City,Utah,United States of America,us
UVA,UVa,-,    -78.5100 ,   38.0400 ,-,Charlottesville|Virginia|United States of America|us,Charlottesville,Virginia,United States of America,us
UVG,UVG,University of the Valley of Guatemala,    -90.4900 ,   14.6050 ,-,Ciudad de Guatemala|Departamento de Guatemala|Guatemala|gt,Ciudad de Guatemala,Departamento de Guatemala,Guatemala,gt
UVIC,U Victoria,-,   -123.3100 ,   48.4600 ,-,Saanich|British Columbia|Canada|ca,Saanich,British Columbia,Canada,ca
UVIE,U Vienna IFA,University of Vienna Inst. for Astronomy,     16.3700 ,   48.2000 ,-,Wien||Österreich|at,Wien,,Österreich,at
UVSQ,U Versailles SQ,Versailles Saint-Quentin-en-Yvelines University,      2.1400 ,   48.8000 ,-,Versailles|Île-de-France|France|fr,Versailles,Île-de-France,France,fr
UVT,Vermont,-,    -73.2000 ,   44.4800 ,-,Burlington|Vermont|United States of America|us,Burlington,Vermont,United States of America,us
UWA,UWash,-,   -122.3100 ,   47.6600 ,-,Seattle|Washington|United States of America|us,Seattle,Washington,United States of America,us
UWAB,UW Aber,-,     -4.0700 ,   52.4200 ,-,Aberystwyth|Cymru / Wales|United Kingdom|gb,Aberystwyth,Cymru / Wales,United Kingdom,gb
UWI,Wisc,-,    -89.4200 ,   43.0800 ,-,Madison|Wisconsin|United States of America|us,Madison,Wisconsin,United States of America,us
UWO,UWO,-,    -81.2700 ,   43.0100 ,-,London|Ontario|Canada|ca,London,Ontario,Canada,ca
UZKA,UZKA,Directorate of the Deputy Cdr. of Artillery for Special Eqpt,     37.6200 ,   55.7500 ,GAU,Москва|Москва|Россия|ru,Москва,Москва,Россия,ru
UZMA,Uzma,-,    101.6000 ,    3.1300 ,-,Petaling Jaya|Selangor|Malaysia|my,Petaling Jaya,Selangor,Malaysia,my
UZURO,Uzuro Tech,Uzuro Tech Inc.,    126.9000 ,   37.4500 ,-,서울특별시||대한민국|kr,서울특별시,,대한민국,kr
VANDU,Vanderbilt U,-,    -86.8000 ,   36.1500 ,-,Nashville|Tennessee|United States of America|us,Nashville,Tennessee,United States of America,us
VANST,Vanguard ST,-,   -117.1600 ,   32.7200 ,-,San Diego|California|United States of America|us,San Diego,California,United States of America,us
VANTOR,Vantor,-,   -105.1100 ,   40.1700 ,-,Longmont|Colorado|United States of America|us,Longmont,Colorado,United States of America,us
VAP,VA Tech,Virginia Tech (VA Tech),    -80.4300 ,   37.2300 ,-,Blacksburg|Virginia|United States of America|us,Blacksburg,Virginia,United States of America,us
VARDA,Varda Space,-,   -118.3400 ,   33.8300 ,-,Torrance|California|United States of America|us,Torrance,California,United States of America,us
VARI,Varisat LLC,-,    -95.3800 ,   29.7600 ,SEOPS,Houston|Texas|United States of America|us,Houston,Texas,United States of America,us
VAST,VAST,Vietnam Academy of Science and Technology,    106.6500 ,   10.8000 ,-,Thành phố Hồ Chí Minh||Việt Nam|vn,Thành phố Hồ Chí Minh,,Việt Nam,vn
VASTSP,Vast Space,-,   -118.2000 ,   33.7700 ,-,Long Beach|California|United States of America|us,Long Beach,California,United States of America,us
VATC,D. Comunicazione,"Dicastery for Communication, Vatican",     12.4500 ,   41.9000 ,-,Roma|Lazio|Italia|it,Roma,Lazio,Italia,it
VATP,VATP,Ventspils High Technology Park,     21.5700 ,   57.3900 ,-,Ventspils||Latvija|lv,Ventspils,,Latvija,lv
VCSFA,VCSFA,Virginia Space,    -76.3000 ,   36.9000 ,-,Norfolk|Virginia|United States of America|us,Norfolk,Virginia,United States of America,us
VDNKH,VDNKh,All-Russian Exhibition Centre,     37.6400 ,   55.8300 ,-,Москва|Москва|Россия|ru,Москва,Москва,Россия,ru
VENT,Ventions,-,   -122.4200 ,   37.7800 ,-,San Francisco|California|United States of America|us,San Francisco,California,United States of America,us
VER,Verhaert,-,      4.3000 ,   51.1700 ,-,Kruibeke|Oost-Vlaanderen|België / Belgique / Belgien|be,Kruibeke,Oost-Vlaanderen,België / Belgique / Belgien,be
VERB,Verizon Business,-,    -77.0200 ,   38.9000 ,-,Washington|District of Columbia|United States of America|us,Washington,District of Columbia,United States of America,us
VERSI,Verhaert/SI,-,      4.3000 ,   51.1700 ,-,Kruibeke|Oost-Vlaanderen|België / Belgique / Belgien|be,Kruibeke,Oost-Vlaanderen,België / Belgique / Belgien,be
VESTGO,Vestigo,-,   -118.2100 ,   34.2100 ,-,La Cañada Flintridge|California|United States of America|us,La Cañada Flintridge,California,United States of America,us
VFW,VFW,-,      8.3000 ,   53.0800 ,-,Sandtange|Niedersachsen|Deutschland|de,Sandtange,Niedersachsen,Deutschland,de
VFW2,VFW,-,      8.3000 ,   53.0800 ,-,Sandtange|Niedersachsen|Deutschland|de,Sandtange,Niedersachsen,Deutschland,de
VFWF,VFW-Fokker,-,      8.3000 ,   53.0800 ,-,Sandtange|Niedersachsen|Deutschland|de,Sandtange,Niedersachsen,Deutschland,de
VGLB,VG Long Beach,-,   -118.2000 ,   33.7700 ,-,Long Beach|California|United States of America|us,Long Beach,California,United States of America,us
VGX,Virgin Galactic,-,   -118.1300 ,   34.1600 ,-,Pasadena|California|United States of America|us,Pasadena,California,United States of America,us
VGXT,Virgin Galactic,-,   -106.9700 ,   32.9900 ,VGX,|New Mexico|United States of America|us,,New Mexico,United States of America,us
VIA,ViaSat,-,   -117.3000 ,   33.1200 ,-,Carlsbad|California|United States of America|us,Carlsbad,California,United States of America,us
VIGO,U. Vigo,University of Vigo,     -8.6900 ,   42.1700 ,-,Vigo|Galicia|España|es,Vigo,Galicia,España,es
VILN,Vilnius U,Vilnius University,     25.2900 ,   54.6800 ,-,Vilnius|Vilniaus apskritis|Lietuva|lt,Vilnius,Vilniaus apskritis,Lietuva,lt
VISTE,VISIONA Tec.,-,    -45.8800 ,  -23.1900 ,TELB,São José dos Campos|São Paulo|Brasil|br,São José dos Campos,São Paulo,Brasil,br
VITA,VITA,-,    -77.0800 ,   38.8800 ,-,|Virginia|United States of America|us,,Virginia,United States of America,us
VIZ,VIZARD,VIZARD LLC,     37.5200 ,   55.7000 ,-,Москва|Москва|Россия|ru,Москва,Москва,Россия,ru
VKI,VKI,-,      4.3500 ,   50.7500 ,-,Alsemberg|Vlaams-Brabant|België / Belgique / Belgien|be,Alsemberg,Vlaams-Brabant,België / Belgique / Belgien,be
VKS,VKS,Russian Military Space Forces,     36.9800 ,   56.1800 ,-,Солнечногорск|Московская область|Россия|ru,Солнечногорск,Московская область,Россия,ru
VKSR,VKS RVSN,Russian Military Space Forces,     36.9800 ,   56.1800 ,RVSN,Солнечногорск|Московская область|Россия|ru,Солнечногорск,Московская область,Россия,ru
VMF,VMF,Soviet Navy,     37.6200 ,   55.7500 ,-,Москва|Москва|Россия|ru,Москва,Москва,Россия,ru
VMFR,VMF RF,Russian Navy,     37.6200 ,   55.7500 ,-,Москва|Москва|Россия|ru,Москва,Москва,Россия,ru
VNIEM,VNIIEM,All-Union Electromechanical Scientific Research Institute,     37.6200 ,   55.7500 ,METP,Москва|Москва|Россия|ru,Москва,Москва,Россия,ru
VNIIEMI,VNIIEM,Joint Stock Corp. VNIIEM,     37.6200 ,   55.7500 ,-,Москва|Москва|Россия|ru,Москва,Москва,Россия,ru
VNIEMR,VNIIEM,All-Union Electromechanical Scientific Research Institute,     37.6200 ,   55.7500 ,FKA,Москва|Москва|Россия|ru,Москва,Москва,Россия,ru
VNPT,VNPT,Vietnam P&T Corp,    105.8500 ,   21.0300 ,-,Thành phố Hà Nội||Việt Nam|vn,Thành phố Hà Nội,,Việt Nam,vn
VNSC,VNSC,"National Satellite Center, Vietnam Academy of Science and Te",    105.8500 ,   21.0300 ,VAST,Thành phố Hà Nội||Việt Nam|vn,Thành phố Hà Nội,,Việt Nam,vn
VOENT,Voentelekom,-,     37.6200 ,   55.7500 ,-,Москва|Москва|Россия|ru,Москва,Москва,Россия,ru
VOKS,VKS VS RF,Russian Aerospace Forces,     37.6200 ,   55.7500 ,-,Москва|Москва|Россия|ru,Москва,Москва,Россия,ru
VORB,VO,-,   -118.2000 ,   33.7700 ,-,Long Beach|California|United States of America|us,Long Beach,California,United States of America,us
VORO,Voronezh Mash,-,     39.2100 ,   51.6700 ,-,Воронеж|Воронежская область|Россия|ru,Воронеж,Воронежская область,Россия,ru
VOTK,Votkinsk,-,     54.0000 ,   57.0500 ,-,Воткинск|Удмуртия|Россия|ru,Воткинск,Удмуртия,Россия,ru
VOUA,Vought,-,    -97.0200 ,   32.7200 ,-,Grand Prairie|Texas|United States of America|us,Grand Prairie,Texas,United States of America,us
VRBEC,Vrbec-Banovic,-,   -119.1100 ,   40.8700 ,-,|Nevada|United States of America|us,,Nevada,United States of America,us
VS,VS SSSR,Soviet Armed Forces,     37.6200 ,   55.7500 ,-,Москва|Москва|Россия|ru,Москва,Москва,Россия,ru
VSHE,VShE,Higher School of Economics,     37.4100 ,   55.8000 ,-,Москва|Москва|Россия|ru,Москва,Москва,Россия,ru
VSSC,VSSC,-,     76.8700 ,    8.5300 ,ISRO,Thumba|Kerala|India|in,Thumba,Kerala,India,in
VTC,Vermont Tech,-,    -72.6000 ,   43.9400 ,-,Randolph|Vermont|United States of America|us,Randolph,Vermont,United States of America,us
VTS,VTS SA,Military-Topographic Service of the Soviet Army,     37.6200 ,   55.7500 ,-,Москва|Москва|Россия|ru,Москва,Москва,Россия,ru
VTSR,VTS VS Rossii,Topographics Service of the Russian Armed Froces,     37.6200 ,   55.7500 ,-,Москва|Москва|Россия|ru,Москва,Москва,Россия,ru
VULT,Con Vultee,-,   -118.1300 ,   33.9400 ,CONV,Downey|California|United States of America|us,Downey,California,United States of America,us
VVKO,VVKO,Aerospace Defence Forces,     37.6200 ,   55.7500 ,MORF,Москва|Москва|Россия|ru,Москва,Москва,Россия,ru
VVKOV,VVKO VKS,Aerospace Defence Forces,     37.6200 ,   55.7500 ,VOKS,Москва|Москва|Россия|ru,Москва,Москва,Россия,ru
VVS,VVS,-,     37.6200 ,   55.7500 ,-,Москва|Москва|Россия|ru,Москва,Москва,Россия,ru
VVSBG,VVS Bulgaria,Bulgarian Air Force,     23.3200 ,   42.6800 ,-,София|София-град|България|bg,София,София-град,България,bg
VVSR,VVS,-,     37.6200 ,   55.7500 ,-,Москва|Москва|Россия|ru,Москва,Москва,Россия,ru
VX4,VX-4,-,   -119.1200 ,   34.1200 ,OPTEV,|California|United States of America|us,,California,United States of America,us
VZCR,VZ CR,"Military Intelligence, Czech Republic",     14.4200 ,   50.0800 ,-,Hlavní město Praha|Praha|Česko|cz,Hlavní město Praha,Praha,Česko,cz
VZLU,VZLU,Aerospace Research and Test Establishment,     14.4200 ,   50.0800 ,-,Hlavní město Praha|Praha|Česko|cz,Hlavní město Praha,Praha,Česko,cz
WADC,WADC,-,    -84.0500 ,   39.8200 ,USAF,|Ohio|United States of America|us,,Ohio,United States of America,us
WADD,WADD,-,    -84.0500 ,   39.8200 ,USAF,|Ohio|United States of America|us,,Ohio,United States of America,us
WAKA,Wakayama,Wakayama University,    135.1500 ,   34.2700 ,-,和歌山市||日本|jp,和歌山市,,日本,jp
WAML,WAML,-,    -84.0500 ,   39.8200 ,USAF,|Ohio|United States of America|us,,Ohio,United States of America,us
WARP,WarpSpace Co,WarpSpace Co. Ltd.,    140.0800 ,   36.0800 ,-,つくば市||日本|jp,つくば市,,日本,jp
WASEDA,Waseda U,-,    139.7200 ,   35.7100 ,-,新宿区||日本|jp,新宿区,,日本,jp
WAT,Wojskowa Ak.Tech.,Military University of Technology,     21.0200 ,   52.2300 ,-,Warszawa|województwo mazowieckie|Polska|pl,Warszawa,województwo mazowieckie,Polska,pl
WAVIX,Wavix,-,    -76.9200 ,   39.0400 ,-,Beltsville|Maryland|United States of America|us,Beltsville,Maryland,United States of America,us
WBLU,WildBlue,-,   -104.9100 ,   39.6200 ,-,Greenwood Village|Colorado|United States of America|us,Greenwood Village,Colorado,United States of America,us
WBLUV,WildBlue,-,   -104.9100 ,   39.6200 ,VIA,Greenwood Village|Colorado|United States of America|us,Greenwood Village,Colorado,United States of America,us
WEB,Weber,-,   -111.9400 ,   41.1900 ,-,Ogden|Utah|United States of America|us,Ogden,Utah,United States of America,us
WEBC,Weber CAST,-,   -111.9400 ,   41.1900 ,WEB,Ogden|Utah|United States of America|us,Ogden,Utah,United States of America,us
WEHR,Wehrmacht,-,     13.3900 ,   52.5200 ,-,Berlin||Deutschland|de,Berlin,,Deutschland,de
WEIJT,Weihai JTXJ,Weihai Laser Communication Advanced Tech. Research Inst.,    122.1200 ,   37.5100 ,-,环翠区|山东省|中国|cn,环翠区,山东省,中国,cn
WEINA,Weina,Micro-Nano Star Space Technology Co. Ltd.d,    116.3800 ,   39.9200 ,-,西城区|北京市|中国|cn,西城区,北京市,中国,cn
WEISS,Weiss School,-,    -80.1700 ,   26.8500 ,-,Palm Beach Gardens|Florida|United States of America|us,Palm Beach Gardens,Florida,United States of America,us
WELEC,Western Electric,-,    -79.4500 ,   36.0900 ,-,Burlington|North Carolina|United States of America|us,Burlington,North Carolina,United States of America,us
WER271-1,Wer 271-1,-,     13.3900 ,   52.5200 ,WEHR,Berlin||Deutschland|de,Berlin,,Deutschland,de
WER444,Wer 444,-,     13.3900 ,   52.5200 ,WEHR,Berlin||Deutschland|de,Berlin,,Deutschland,de
WER485,Wer 485,-,     13.3900 ,   52.5200 ,WEHR,Berlin||Deutschland|de,Berlin,,Deutschland,de
WER485-1,Wer 485-1,-,     13.3900 ,   52.5200 ,WEHR,Berlin||Deutschland|de,Berlin,,Deutschland,de
WER485-2,Wer 485-2,-,     13.3900 ,   52.5200 ,WEHR,Berlin||Deutschland|de,Berlin,,Deutschland,de
WER485-3,Wer 485-3,-,     13.3900 ,   52.5200 ,WEHR,Berlin||Deutschland|de,Berlin,,Deutschland,de
WER500,Wer 500,-,     13.3900 ,   52.5200 ,WEHR,Berlin||Deutschland|de,Berlin,,Deutschland,de
WER836,Wer 836,-,     13.3900 ,   52.5200 ,WEHR,Berlin||Deutschland|de,Berlin,,Deutschland,de
WER836-1,Wer 836-1,-,     13.3900 ,   52.5200 ,WEHR,Berlin||Deutschland|de,Berlin,,Deutschland,de
WER836-2,Wer 836-2,-,     13.3900 ,   52.5200 ,WEHR,Berlin||Deutschland|de,Berlin,,Deutschland,de
WER836-3,Wer 836-3,-,     13.3900 ,   52.5200 ,WEHR,Berlin||Deutschland|de,Berlin,,Deutschland,de
WER902,Wer 902,-,     13.3900 ,   52.5200 ,WEHR,Berlin||Deutschland|de,Berlin,,Deutschland,de
WESTL,Westland/Osborne,-,     -1.3000 ,   50.7600 ,-,Cowes|England|United Kingdom|gb,Cowes,England,United Kingdom,gb
WFC,NASA WFC,-,    -75.4900 ,   37.8400 ,NASA,|Virginia|United States of America|us,,Virginia,United States of America,us
WFF,NASA WFF,-,    -75.4900 ,   37.8400 ,NASA,|Virginia|United States of America|us,,Virginia,United States of America,us
WI,NASA WS,-,    -75.4900 ,   37.8400 ,NASA,|Virginia|United States of America|us,,Virginia,United States of America,us
WINGB,Wingbits,-,     18.0600 ,   59.3500 ,-,Stockholm||Sverige|se,Stockholm,,Sverige,se
WISEK,WiseKey,-,      6.1400 ,   46.2100 ,-,Genève|Genève|Schweiz/Suisse/Svizzera/Svizra|ch,Genève,Genève,Schweiz/Suisse/Svizzera/Svizra,ch
WISS,Wisseed,"Wisseed The Terra, Inc.",    139.6900 ,   35.6400 ,-,目黒区||日本|jp,目黒区,,日本,jp
WKL,Wojskowe Z.L.,Military Communication Works No. 1,     19.4500 ,   51.7500 ,-,Łódź|województwo łódzkie|Polska|pl,Łódź,województwo łódzkie,Polska,pl
WLOP,Wojska Lotn.,"Flying Troops and Air Defence, Poland",     21.0200 ,   52.2300 ,-,Warszawa|województwo mazowieckie|Polska|pl,Warszawa,województwo mazowieckie,Polska,pl
WNI,WNI,-,    140.1200 ,   35.6100 ,-,千葉市||日本|jp,千葉市,,日本,jp
WORSP,Worldspace,-,    -77.0200 ,   38.9000 ,-,Washington|District of Columbia|United States of America|us,Washington,District of Columbia,United States of America,us
WORSP1,1worldspace,-,    -77.0200 ,   38.9000 ,-,Washington|District of Columbia|United States of America|us,Washington,District of Columbia,United States of America,us
WPI,WPI,-,    -71.8100 ,   42.2700 ,-,Worcester|Massachusetts|United States of America|us,Worcester,Massachusetts,United States of America,us
WRE,WRE,-,    138.6400 ,  -34.7600 ,-,Adelaide|South Australia|Australia|au,Adelaide,South Australia,Australia,au
WRIGHT,Wright SWB,-,    -84.0500 ,   39.8200 ,USAF,|Ohio|United States of America|us,,Ohio,United States of America,us
WSMC,WSMC,-,   -120.6100 ,   34.7500 ,USAF,|California|United States of America|us,,California,United States of America,us
WSMR,WSMR,-,   -106.3800 ,   32.4000 ,USA,|New Mexico|United States of America|us,,New Mexico,United States of America,us
WSPG,WSPG,-,   -106.3800 ,   32.4000 ,USA,|New Mexico|United States of America|us,,New Mexico,United States of America,us
WTA,WTA,-,    -77.0200 ,   38.9000 ,-,Washington|District of Columbia|United States of America|us,Washington,District of Columbia,United States of America,us
WTR,WTR,-,   -120.6100 ,   34.7500 ,USAF,|California|United States of America|us,,California,United States of America,us
WUHAN,Wuhan daxue,Wuhan University Aerospace Science and Tech Research Inst,    114.3600 ,   30.5400 ,-,武昌区|湖北省|中国|cn,武昌区,湖北省,中国,cn
WUPP,Wuppertal,-,      7.1500 ,   51.2500 ,-,Wuppertal|Nordrhein-Westfalen|Deutschland|de,Wuppertal,Nordrhein-Westfalen,Deutschland,de
WURZ,U Wurzburg,-,      9.9400 ,   49.7900 ,-,Würzburg|Bayern|Deutschland|de,Würzburg,Bayern,Deutschland,de
WUTC,WUTC,-,    -74.1000 ,   41.0600 ,-,Upper Saddle River|New Jersey|United States of America|us,Upper Saddle River,New Jersey,United States of America,us
WVU,WVU,-,    -79.9500 ,   39.6400 ,-,Morgantown|West Virginia|United States of America|us,Morgantown,West Virginia,United States of America,us
WXB,WXB,-,    -76.9200 ,   38.8500 ,DOC,Suitland|Maryland|United States of America|us,Suitland,Maryland,United States of America,us
WXBM,WXB,-,    -76.9200 ,   38.8500 ,WXB,Suitland|Maryland|United States of America|us,Suitland,Maryland,United States of America,us
WYKK,Weilai Yuhang KK,Beijing Future Aerospace Sci Tech Research Inst Co Ltd,    116.3800 ,   39.9200 ,-,西城区|北京市|中国|cn,西城区,北京市,中国,cn
WYV,WYV,-,   -113.4900 ,   53.5300 ,-,Edmonton|Alberta|Canada|ca,Edmonton,Alberta,Canada,ca
X20,X-20 Pilot Group,-,   -117.8800 ,   34.9100 ,AFASD,|California|United States of America|us,,California,United States of America,us
XCK,Watermelon Maker,Watermelon Maker,    116.3800 ,   39.9200 ,-,西城区|北京市|中国|cn,西城区,北京市,中国,cn
XCOR,XCOR (Mojave),-,   -118.1700 ,   35.0500 ,-,Mojave|California|United States of America|us,Mojave,California,United States of America,us
XCORC,XCOR (Mojave),-,   -118.1700 ,   35.0500 ,XCORT,Mojave|California|United States of America|us,Mojave,California,United States of America,us
XCORT,XCOR,-,   -102.1000 ,   32.0000 ,-,Midland|Texas|United States of America|us,Midland,Texas,United States of America,us
XCYS,Xi'an Survey,Xian Bureau of Surveying and Mapping,    108.9500 ,   34.2700 ,-,新城区|陕西省|中国|cn,新城区,陕西省,中国,cn
XDLINX,XDLINX,-,     78.4700 ,   17.3600 ,-,Hyderabad|Telangana|India|in,Hyderabad,Telangana,India,in
XGZD,Xianggang Zhongda,Chinese Univ. of Hong Kong,    114.2600 ,   22.3400 ,-,西貢區 Sai Kung District|香港 Hong Kong|中国|cn,西貢區 Sai Kung District,香港 Hong Kong,中国,cn
XHT,Xi'an Hangtou,Xi'an Aerospace Investment Co Ltd.,    108.9500 ,   34.2700 ,-,新城区|陕西省|中国|cn,新城区,陕西省,中国,cn
XIAM,Xiamen Daxue,Xiamen University,    118.0900 ,   24.4400 ,-,厦门市|福建省|中国|cn,厦门市,福建省,中国,cn
XIAMT,Xiamen Tianwei,Xiamen Tianwei Technology Co. Ltd.,    118.0900 ,   24.4400 ,-,厦门市|福建省|中国|cn,厦门市,福建省,中国,cn
XIDA,Xida,Guangxi University,    108.2800 ,   22.8400 ,-,南宁市|广西壮族自治区|中国|cn,南宁市,广西壮族自治区,中国,cn
XIDI,Xidian,Xian University of Electronic Science and Tech.,    108.9500 ,   34.2700 ,-,新城区|陕西省|中国|cn,新城区,陕西省,中国,cn
XIDO,Xinghe Dongli,Galactic Energy Co.,    116.3800 ,   39.9200 ,-,西城区|北京市|中国|cn,西城区,北京市,中国,cn
XINGH,Xinghuan Keji,Transwarp Technology (Shanghai) Co. Ltd.,    121.5000 ,   31.2500 ,-,虹口区|上海市|中国|cn,虹口区,上海市,中国,cn
XINWEI,Xinwei Telecom,-,    116.3800 ,   39.9200 ,-,西城区|北京市|中国|cn,西城区,北京市,中国,cn
XIOPM,XIOPM,Xian Institute of Optics and Precision Mechanics,    108.9500 ,   34.2700 ,-,新城区|陕西省|中国|cn,新城区,陕西省,中国,cn
XIYW,Xiyong Weidian,"CASIC, Xiyong Microelectronics Park",    106.3500 ,   29.6200 ,CASIC,重庆高新区|重庆市|中国|cn,重庆高新区,重庆市,中国,cn
XJRY,Xingye Rongyao,Beijing Interstellar Glory Space Tech. Co. Ltd.,    116.3800 ,   39.9200 ,-,西城区|北京市|中国|cn,西城区,北京市,中国,cn
XMR,XM Radio,-,    -77.0200 ,   38.9000 ,-,Washington|District of Columbia|United States of America|us,Washington,District of Columbia,United States of America,us
XMRS,XM Radio,-,    -77.0200 ,   38.9000 ,SIRX,Washington|District of Columbia|United States of America|us,Washington,District of Columbia,United States of America,us
XONA,Xona,Xona Space Systems,   -122.3500 ,   37.5900 ,-,Burlingame|California|United States of America|us,Burlingame,California,United States of America,us
XPL,Xplore Inc.,"Xplore, Inc.",    -67.6000 ,   46.1500 ,-,Woodstock|New Brunswick / Nouveau-Brunswick|Canada|ca,Woodstock,New Brunswick / Nouveau-Brunswick,Canada,ca
XTAR,XTAR,-,    -77.1500 ,   39.0800 ,HISD/LOR,Rockville|Maryland|United States of America|us,Rockville,Maryland,United States of America,us
XUNM,Xunming,"Fujian Xunming Home Technology Co., Ltd.",    119.3000 ,   26.0700 ,-,台江区|福建省|中国|cn,台江区,福建省,中国,cn
XUNQ,Xuntian Qianhe,Xuntian Qianhe Space Tech. Co. Ltd.,    121.4700 ,   31.3200 ,-,宝山区|上海市|中国|cn,宝山区,上海市,中国,cn
XXYW,Xingji Yunwang,Interstellar Cloud Network Co.,    108.9500 ,   34.2700 ,-,新城区|陕西省|中国|cn,新城区,陕西省,中国,cn
XYHT,Xingyuan HT,Beijing Xingyuan Aerospace Tech Co. Ltd.,    116.3800 ,   39.9200 ,-,西城区|北京市|中国|cn,西城区,北京市,中国,cn
XYUN,Xingyun,Xingyun Company,    114.2700 ,   30.5800 ,SANJ9,硚口区|湖北省|中国|cn,硚口区,湖北省,中国,cn
XZKJ,Xingzhong Kong.,-,    116.3800 ,   39.9200 ,-,西城区|北京市|中国|cn,西城区,北京市,中国,cn
XZTIA,Zhongke Tianta,-,    108.9500 ,   34.2700 ,-,新城区|陕西省|中国|cn,新城区,陕西省,中国,cn
YAHBR,Yahsat Brasil,-,    -43.2000 ,  -22.9100 ,ALYAH,Rio de Janeiro|Rio de Janeiro|Brasil|br,Rio de Janeiro,Rio de Janeiro,Brasil,br
YAZMI,Yamzi USA,-,    -77.0200 ,   38.9000 ,-,Washington|District of Columbia|United States of America|us,Washington,District of Columbia,United States of America,us
YERK,Yerkes,-,    -88.5400 ,   42.5700 ,CHIC,Williams Bay|Wisconsin|United States of America|us,Williams Bay,Wisconsin,United States of America,us
YINGL,Yinglong,Jiangsu Yinglong Satellite Tech Co. Ltd.,    119.9500 ,   31.7000 ,-,武进区|江苏省|中国|cn,武进区,江苏省,中国,cn
YINGSH,Yingshiruida,"Yingshiruida Technology Co., Ltd.",    116.3800 ,   39.9200 ,-,西城区|北京市|中国|cn,西城区,北京市,中国,cn
YINHE,Yinhe,Galaxy Aerospace,    116.3800 ,   39.9200 ,-,西城区|北京市|中国|cn,西城区,北京市,中国,cn
YINNT,Yinhe,Galaxy Aerospace Nantong Satellite Smart Factory,    120.9600 ,   31.8900 ,-,崇川区|江苏省|中国|cn,崇川区,江苏省,中国,cn
YIX,Yixing Kong.Ji.,Yixing Space Education Technology Co Ltd,    116.3800 ,   39.9200 ,-,西城区|北京市|中国|cn,西城区,北京市,中国,cn
YLYZ,Yi Ling Yi,One Zero One Middle School,    116.3800 ,   39.9200 ,-,西城区|北京市|中国|cn,西城区,北京市,中国,cn
YKVZ,YKVZ,Ust-Katav Carriage Works,     58.1800 ,   54.9300 ,-,Усть-Катав|Челябинская область|Россия|ru,Усть-Катав,Челябинская область,Россия,ru
YONA,Yonago Kosen,Yonago National College of Technology,    133.3300 ,   35.4300 ,-,米子市||日本|jp,米子市,,日本,jp
YONS,Yonsei U,Yonsei University,    126.9400 ,   37.5700 ,-,서울특별시||대한민국|kr,서울특별시,,대한민국,kr
YORK,YorkU,-,    -79.5000 ,   43.7700 ,-,Toronto|Ontario|Canada|ca,Toronto,Ontario,Canada,ca
YORKSS,York Space Sys,-,   -104.8800 ,   39.7600 ,-,Denver|Colorado|United States of America|us,Denver,Colorado,United States of America,us
YOUD,Youdian Daxue,Beijing Univ. of Posts and Telecommunications,    116.3500 ,   39.9600 ,-,海淀区|北京市|中国|cn,海淀区,北京市,中国,cn
YSP,Yemen Soc Party,Yemen Socialist Party,     45.0300 ,   12.8000 ,-,مدينة عدن|محافظة عدن|اليمن|ye,مدينة عدن,محافظة عدن,اليمن,ye
YUANX,Yuanxin WK,Shanghai Spacecom Satellite Technology Ltd,    121.4700 ,   31.2300 ,-,上海市|上海市|中国|cn,上海市,上海市,中国,cn
YUCH,Yucheng Shuju,Yucheng Data Technology Co. (Anhui) Ltd.,    118.7500 ,   30.9500 ,-,宣州区|安徽省|中国|cn,宣州区,安徽省,中国,cn
YUKON,Yukon U,-,   -135.1000 ,   60.7500 ,-,Whitehorse|Yukon|Canada|ca,Whitehorse,Yukon,Canada,ca
YUNCH,Yuncheng Weixing,Yuncheng Satellite Tech Co Ltd.,    114.3600 ,   30.5400 ,-,武昌区|湖北省|中国|cn,武昌区,湖北省,中国,cn
YUXING,Hangtian Yuxing,Aerospace Yuxing Tech Co. Ltd.,    116.3800 ,   39.9200 ,-,西城区|北京市|中国|cn,西城区,北京市,中国,cn
YUZGU,Yugo-Zapad. GU,Southwest State University,     36.1800 ,   51.7200 ,-,городской округ Курск|Курская область|Россия|ru,городской округ Курск,Курская область,Россия,ru
YUZH,Yuzhnoe,Southern State Design Bureau,     34.9800 ,   48.4500 ,-,Дніпро|Дніпропетровська область|Україна|ua,Дніпро,Дніпропетровська область,Україна,ua
YUZHM,Yuzhmash,-,     34.9800 ,   48.4500 ,-,Дніпро|Дніпропетровська область|Україна|ua,Дніпро,Дніпропетровська область,Україна,ua
YUZHUA,Yuzhnoe,Southern State Design Bureau,     34.9800 ,   48.4500 ,-,Дніпро|Дніпропетровська область|Україна|ua,Дніпро,Дніпропетровська область,Україна,ua
YUZHMU,Yuzhmash,-,     34.9800 ,   48.4500 ,-,Дніпро|Дніпропетровська область|Україна|ua,Дніпро,Дніпропетровська область,Україна,ua
YWZB,Yaogan Zongti,General Department of Remote Sensing Satellites,    116.3000 ,   39.9600 ,CAST,海淀区|北京市|中国|cn,海淀区,北京市,中国,cn
YYAO,Yunyao yuhang,Yunyao Aerospace Tech Co. (Tianjin) Ltd.,    117.1800 ,   39.1300 ,-,和平区|天津市|中国|cn,和平区,天津市,中国,cn
ZARM,ZARM,Center of Applied Space Tech and Micrograv.,      8.8000 ,   53.0800 ,BREM,Bremen|Bremen|Deutschland|de,Bremen,Bremen,Deutschland,de
ZAV23,Zavod 23,-,     37.5000 ,   55.7500 ,OKB23,Москва|Москва|Россия|ru,Москва,Москва,Россия,ru
ZAV47,Zavod 47,-,     55.1000 ,   51.7800 ,-,Оренбург|Оренбургская область|Россия|ru,Оренбург,Оренбургская область,Россия,ru
ZAV88,Zavod 88,-,     37.8200 ,   55.9300 ,-,Королёв|Московская область|Россия|ru,Королёв,Московская область,Россия,ru
ZAV586,Zavod 586,-,     34.9800 ,   48.4500 ,-,Дніпро|Дніпропетровська область|Україна|ua,Дніпро,Дніпропетровська область,Україна,ua
ZBEU,ZBEU,Zonguldak Bulent Ecevit University,     31.7600 ,   41.4500 ,-,Zonguldak Merkez||Türkiye|tr,Zonguldak Merkez,,Türkiye,tr
ZC3B,Zongcan 3,GSD Third Department (SIGINT),    116.1700 ,   39.9900 ,-,海淀区|北京市|中国|cn,海淀区,北京市,中国,cn
ZDFH,Zhongguo DFH,China SpaceSat Co.,    116.3000 ,   39.9600 ,-,海淀区|北京市|中国|cn,海淀区,北京市,中国,cn
ZDNC,Zhongdian Nong.,China Power Investment New Agricultural Innov. Tech Co.,    116.3000 ,   39.9600 ,-,海淀区|北京市|中国|cn,海淀区,北京市,中国,cn
ZEM,ZEM,-,     37.8200 ,   55.9300 ,-,Королёв|Московская область|Россия|ru,Королёв,Московская область,Россия,ru
ZFT,ZfT,Wurzburg Center for Telematics,      9.9400 ,   49.7900 ,-,Würzburg|Bayern|Deutschland|de,Würzburg,Bayern,Deutschland,de
ZGWK,Zhong'an Guotong,Zhongan Guotong Satellite Tech. Dev. Co,    113.9000 ,   22.8000 ,-,光明区|广东省|中国|cn,光明区,广东省,中国,cn
ZHEDI,Zhedi,Zhejiang Provincial Geological Institute,    120.1200 ,   30.2600 ,-,西湖区|浙江省|中国|cn,西湖区,浙江省,中国,cn
ZHEJ,Zhejiang,Zhejiang University,    120.1200 ,   30.2600 ,-,西湖区|浙江省|中国|cn,西湖区,浙江省,中国,cn
ZHELZ,Zhejiang LiTong,Zhejiang LiTong Electronic Tech Co. Ltd.,    120.1700 ,   30.2500 ,-,上城区|浙江省|中国|cn,上城区,浙江省,中国,cn
ZHIXJ,Jinan Zhixing,Jinan Zhixing Space Tech Co Ltd.,    117.0200 ,   36.6700 ,-,历下区|山东省|中国|cn,历下区,山东省,中国,cn
ZHIX,SMART,Beijing Smart Satellite Technology Co Ltd.,    116.4600 ,   40.1000 ,-,昌平区|北京市|中国|cn,昌平区,北京市,中国,cn
ZHK,Zhiyu Hangyu,Zhiyi Aerospace (Beijing) Technology Co. Ltd,    116.5000 ,   40.1000 ,-,顺义区|北京市|中国|cn,顺义区,北京市,中国,cn
ZHKO,Zhihuo Kongjian,Zhihui Space,    121.6200 ,   29.8600 ,-,鄞州区|浙江省|中国|cn,鄞州区,浙江省,中国,cn
ZHONG,Zhongda,Sun Yat-sen University,    113.9000 ,   22.8000 ,-,光明区|广东省|中国|cn,光明区,广东省,中国,cn
ZHSH,ZHKJ Shangye H.,CASC Commercial Rocket YG,    121.3800 ,   31.1100 ,CASC,闵行区||中国|cn,闵行区,,中国,cn
ZHSW,ZH Shangye WX.,CASC Commercial Satellite YG,    121.3800 ,   31.1100 ,CASC,闵行区||中国|cn,闵行区,,中国,cn
ZHUORB,Zhuhai Orbita,Zhuhai Orbital Control Engineering Ltd,    113.5700 ,   22.2800 ,-,香洲区|广东省|中国|cn,香洲区,广东省,中国,cn
ZHWK,Zhongke Weixing,Zhongke Satellite Tech. Group,    117.0200 ,   36.6700 ,-,历下区|山东省|中国|cn,历下区,山东省,中国,cn
ZHYE,Zhangye Xingzuo,Zhangye Constellation Space Tech. Co. Ltd.,    100.4500 ,   39.9300 ,-,阿拉腾朝格苏木 ᠠᠯᠲᠠᠨᠴᠣᠭ ᠰᠤᠮᠤ|内蒙古自治区 ᠦᠪᠦᠷ ᠮᠣᠩᠭᠤᠯ ᠤᠨ ᠥᠪᠡᠷᠲᠡᠭᠡᠨ ᠵᠠᠰᠠᠬᠣ ᠣᠷᠣᠨ|中国|cn,阿拉腾朝格苏木 ᠠᠯᠲᠠᠨᠴᠣᠭ ᠰᠤᠮᠤ,内蒙古自治区 ᠦᠪᠦᠷ ᠮᠣᠩᠭᠤᠯ ᠤᠨ ᠥᠪᠡᠷᠲᠡᠭᠡᠨ ᠵᠠᠰᠠᠬᠣ ᠣᠷᠣᠨ,中国,cn
ZIKH,ZIKh,-,     37.5000 ,   55.7500 ,KBSAL,Москва|Москва|Россия|ru,Москва,Москва,Россия,ru
ZIMN,Zimney,-,   -118.0000 ,   34.1500 ,-,Monrovia|California|United States of America|us,Monrovia,California,United States of America,us
ZJLAB,Zhejiang Lab,Zhejiang Lab,    120.1200 ,   30.2600 ,-,西湖区|浙江省|中国|cn,西湖区,浙江省,中国,cn
ZJUNI,ZJUNI-SAT,ZJUNI-SAT,    120.1200 ,   30.2600 ,-,西湖区|浙江省|中国|cn,西湖区,浙江省,中国,cn
ZKRG,Zhongke Ruige,"Zhongke Ruige (Yantai) Technology Service Co., Ltd",    121.4500 ,   37.4600 ,-,莱山区|山东省|中国|cn,莱山区,山东省,中国,cn
ZKXR,Zhongke Xingrui,Zhongke Xingrui (Starwiz),    116.3000 ,   39.9600 ,-,海淀区|北京市|中国|cn,海淀区,北京市,中国,cn
ZKYT,Zhongke TJ YG,Beijing Zhongke Aerospace Exploration Tech. Co. Ltd.,    116.3000 ,   39.9600 ,-,海淀区|北京市|中国|cn,海淀区,北京市,中国,cn
ZINGSA,ZINGSA,-,     31.0500 ,  -17.8300 ,ZW,Harare|Harare Province|Zimbabwe|zw,Harare,Harare Province,Zimbabwe,zw
ZRWC,Zhongguancun R.,Zhongguancun Ruichen Sat. Innovation App. Research Inst.,    116.3000 ,   39.9600 ,-,海淀区|北京市|中国|cn,海淀区,北京市,中国,cn
ZSU,ZSU,-,     30.5200 ,   50.4500 ,-,Київ||Україна|ua,Київ,,Україна,ua
ZVEZ,Zvezda,Zvezda (Star),     37.9500 ,   55.6500 ,MOM,Томилино|Московская область|Россия|ru,Томилино,Московская область,Россия,ru
ZWO,ZWO,Organization for Pure Scientific Research,      4.3200 ,   52.0800 ,-,Den Haag|Zuid-Holland|Nederland|nl,Den Haag,Zuid-Holland,Nederland,nl
ZLZB,PLA SSF,Strategic Support Troops,    116.3800 ,   39.9200 ,PLA,西城区|北京市|中国|cn,西城区,北京市,中国,cn
ZTZM,ZTZM,Precision Electromechanics Factory,     27.5700 ,   53.9000 ,-,Мінск||Беларусь|by,Мінск,,Беларусь,by
ZXHK,Zhongke Xiguang,Zhongke Xiguang Aerospace Tech Co. Ltd.,    108.9500 ,   34.2700 ,-,新城区|陕西省|中国|cn,新城区,陕西省,中国,cn
ZXKJ,ZXKJ,China Sat space remote sensing (Jiangsu) SatTech Co Ltd,    119.1900 ,   32.2800 ,-,仪征市|江苏省|中国|cn,仪征市,江苏省,中国,cn
ZXW,Zhongguo Xingwang,China Satellite Network Group Co. Ltd.,    115.9000 ,   39.0500 ,-,容城县|河北省|中国|cn,容城县,河北省,中国,cn
ZYK,Ziwei Yutong,AZSPACE,    116.3000 ,   39.9900 ,-,海淀区|北京市|中国|cn,海淀区,北京市,中国,cn
ZZB,PLA GAD,General Armaments Dept. of the PLA,    116.3800 ,   39.9200 ,PLA,西城区|北京市|中国|cn,西城区,北京市,中国,cn
ZZQY,Zuizhong Qianyan,Final Frontier (Shandong) Aerospace Tech. Co. Ltd.,    121.4300 ,   37.4400 ,-,莱山区|山东省|中国|cn,莱山区,山东省,中国,cn
ZZWYZ,CRESDA,China Resources Satellite Applications Center (CRESDA),    116.3800 ,   39.9200 ,GZB,西城区|北京市|中国|cn,西城区,北京市,中国,cn
